HIERARCHY
ROOT Hip
{
  OFFSET 0.0 0.0 0.0
  CHANNELS 6 Xposition Yposition Zposition Xrotation Yrotation Zrotation
  JOINT LowerSpine
  {
    OFFSET 0.0 0.613667309 -0.332081616
    CHANNELS 3 Xrotation Yrotation Zrotation
    JOINT MiddleSpine
    {
      OFFSET 0.0 0.560024083 0.029251534
      CHANNELS 3 Xrotation Yrotation Zrotation
      JOINT Chest
      {
        OFFSET 0.0 0.69296515 -0.154244974
        CHANNELS 3 Xrotation Yrotation Zrotation
        JOINT Neck
        {
          OFFSET 0.0 1.561565161 -0.032478195
          CHANNELS 3 Xrotation Yrotation Zrotation
          JOINT Head
          {
            OFFSET 0.0 0.881830573 0.239857286
            CHANNELS 3 Xrotation Yrotation Zrotation
            End Site
            {
              OFFSET 6.612e-06 1.23214817 0.036782615
            }
          }
        }
        JOINT LClavicle
        {
          OFFSET 0.157650173 1.506982923 0.516298831
          CHANNELS 3 Xrotation Yrotation Zrotation
          JOINT LShoulder
          {
            OFFSET 0.921026587 0.21615985 -0.349762142
            CHANNELS 3 Xrotation Yrotation Zrotation
            JOINT LForearm
            {
              OFFSET 1.956454158 -0.006949223 -0.016953195
              CHANNELS 3 Xrotation Yrotation Zrotation
              JOINT LHand
              {
                OFFSET 1.632095456 0.004734199 -0.009772551
                CHANNELS 3 Xrotation Yrotation Zrotation
                JOINT LFinger1
                {
                  OFFSET 0.632551193 0.055316079 0.17568773
                  CHANNELS 3 Xrotation Yrotation Zrotation
                  JOINT LFinger11
                  {
                    OFFSET 0.236604184 -0.057696406 0.041688729
                    CHANNELS 3 Xrotation Yrotation Zrotation
                    JOINT LFinger12
                    {
                      OFFSET 0.161524802 -0.039407585 0.028471317
                      CHANNELS 3 Xrotation Yrotation Zrotation
                      End Site
                      {
                        OFFSET 0.114943191 -0.034309722 0.01864587
                      }
                    }
                  }
                }
                JOINT LFinger2
                {
                  OFFSET 0.641993165 0.063885242 0.015300192
                  CHANNELS 3 Xrotation Yrotation Zrotation
                  JOINT LFinger21
                  {
                    OFFSET 0.292548418 0.000813277 -0.001725735
                    CHANNELS 3 Xrotation Yrotation Zrotation
                    JOINT LFinger22
                    {
                      OFFSET 0.162152946 0.000489289 -0.00098519
                      CHANNELS 3 Xrotation Yrotation Zrotation
                      End Site
                      {
                        OFFSET 0.145649374 -0.010281676 0.00019836
                      }
                    }
                  }
                }
                JOINT LFinger3
                {
                  OFFSET 0.608417392 0.042627633 -0.143936858
                  CHANNELS 3 Xrotation Yrotation Zrotation
                  JOINT LFinger31
                  {
                    OFFSET 0.265459001 -0.013442217 -0.016615983
                    CHANNELS 3 Xrotation Yrotation Zrotation
                    JOINT LFinger32
                    {
                      OFFSET 0.151269585 -0.007610424 -0.009508071
                      CHANNELS 3 Xrotation Yrotation Zrotation
                      End Site
                      {
                        OFFSET 0.133747742 -0.01644407 -0.006321082
                      }
                    }
                  }
                }
                JOINT LFinger4
                {
                  OFFSET 0.564586341 -0.042911947 -0.248591766
                  CHANNELS 3 Xrotation Yrotation Zrotation
                  JOINT LFinger41
                  {
                    OFFSET 0.163283601 -0.034051854 -0.045074075
                    CHANNELS 3 Xrotation Yrotation Zrotation
                    JOINT LFinger42
                    {
                      OFFSET 0.119736895 -0.024940504 -0.033073276
                      CHANNELS 3 Xrotation Yrotation Zrotation
                      End Site
                      {
                        OFFSET 0.106274851 -0.029198637 -0.024385097
                      }
                    }
                  }
                }
                JOINT LFinger0
                {
                  OFFSET 0.13084507 -0.099041305 0.099193387
                  CHANNELS 3 Xrotation Yrotation Zrotation
                  JOINT LFinger01
                  {
                    OFFSET 0.243626148 -0.08001855 0.183681667
                    CHANNELS 3 Xrotation Yrotation Zrotation
                    JOINT LFinger02
                    {
                      OFFSET 0.160427213 -0.057398863 0.115577944
                      CHANNELS 3 Xrotation Yrotation Zrotation
                      End Site
                      {
                        OFFSET 0.117971487 -0.040610969 0.080778927
                      }
                    }
                  }
                }
              }
            }
          }
        }
        JOINT RClavicle
        {
          OFFSET -0.157650173 1.506982923 0.516298831
          CHANNELS 3 Xrotation Yrotation Zrotation
          JOINT RShoulder
          {
            OFFSET -0.921191931 0.216192916 -0.349821627
            CHANNELS 3 Xrotation Yrotation Zrotation
            JOINT RForearm
            {
              OFFSET -1.956454158 -0.006949223 -0.016953195
              CHANNELS 3 Xrotation Yrotation Zrotation
              JOINT RHand
              {
                OFFSET -1.6320889 0.004734199 -0.009772551
                CHANNELS 3 Xrotation Yrotation Zrotation
                JOINT RFinger1
                {
                  OFFSET -0.632551193 0.055316079 0.17568773
                  CHANNELS 3 Xrotation Yrotation Zrotation
                  JOINT RFinger11
                  {
                    OFFSET -0.236604184 -0.057696406 0.041688729
                    CHANNELS 3 Xrotation Yrotation Zrotation
                    JOINT RFinger12
                    {
                      OFFSET -0.161524802 -0.039407585 0.028471317
                      CHANNELS 3 Xrotation Yrotation Zrotation
                      End Site
                      {
                        OFFSET -0.114943191 -0.034309722 0.01864587
                      }
                    }
                  }
                }
                JOINT RFinger2
                {
                  OFFSET -0.641993165 0.063885242 0.015300192
                  CHANNELS 3 Xrotation Yrotation Zrotation
                  JOINT RFinger21
                  {
                    OFFSET -0.292548418 0.000813277 -0.001725735
                    CHANNELS 3 Xrotation Yrotation Zrotation
                    JOINT RFinger22
                    {
                      OFFSET -0.162152946 0.000489289 -0.00098519
                      CHANNELS 3 Xrotation Yrotation Zrotation
                      End Site
                      {
                        OFFSET -0.145649374 -0.010281676 0.00019836
                      }
                    }
                  }
                }
                JOINT RFinger3
                {
                  OFFSET -0.608417392 0.042627633 -0.143936858
                  CHANNELS 3 Xrotation Yrotation Zrotation
                  JOINT RFinger31
                  {
                    OFFSET -0.265459001 -0.013442217 -0.016615983
                    CHANNELS 3 Xrotation Yrotation Zrotation
                    JOINT RFinger32
                    {
                      OFFSET -0.151269585 -0.007610424 -0.009508071
                      CHANNELS 3 Xrotation Yrotation Zrotation
                      End Site
                      {
                        OFFSET -0.133747742 -0.01644407 -0.006321082
                      }
                    }
                  }
                }
                JOINT RFinger4
                {
                  OFFSET -0.564586341 -0.042905334 -0.248591766
                  CHANNELS 3 Xrotation Yrotation Zrotation
                  JOINT RFinger41
                  {
                    OFFSET -0.163283601 -0.034051854 -0.045074075
                    CHANNELS 3 Xrotation Yrotation Zrotation
                    JOINT RFinger42
                    {
                      OFFSET -0.119736895 -0.024940504 -0.033073276
                      CHANNELS 3 Xrotation Yrotation Zrotation
                      End Site
                      {
                        OFFSET -0.106274851 -0.029198637 -0.024385097
                      }
                    }
                  }
                }
                JOINT RFinger0
                {
                  OFFSET -0.13084507 -0.099041305 0.099193387
                  CHANNELS 3 Xrotation Yrotation Zrotation
                  JOINT RFinger01
                  {
                    OFFSET -0.243626148 -0.08001855 0.183681667
                    CHANNELS 3 Xrotation Yrotation Zrotation
                    JOINT RFinger02
                    {
                      OFFSET -0.160427213 -0.057398863 0.115577944
                      CHANNELS 3 Xrotation Yrotation Zrotation
                      End Site
                      {
                        OFFSET -0.117971487 -0.040610969 0.080778927
                      }
                    }
                  }
                }
              }
            }
          }
        }
      }
    }
  }
  JOINT RThigh
  {
    OFFSET -0.656473458 0.277400315 -0.054112695
    CHANNELS 3 Xrotation Yrotation Zrotation
    JOINT RShin
    {
      OFFSET -0.052532423 -2.855376959 0.0
      CHANNELS 3 Xrotation Yrotation Zrotation
      JOINT RFoot
      {
        OFFSET 0.0 -2.803803205 0.0
        CHANNELS 3 Xrotation Yrotation Zrotation
        JOINT RToe
        {
          OFFSET 0.0 -0.308165967 0.644406557
          CHANNELS 3 Xrotation Yrotation Zrotation
          End Site
          {
            OFFSET 0.0 0.0 0.432306468
          }
        }
      }
    }
  }
  JOINT LThigh
  {
    OFFSET 0.656466842 0.277420133 -0.054112695
    CHANNELS 3 Xrotation Yrotation Zrotation
    JOINT LShin
    {
      OFFSET 0.052532423 -2.855396748 0.0
      CHANNELS 3 Xrotation Yrotation Zrotation
      JOINT LFoot
      {
        OFFSET 0.0 -2.803803205 0.0
        CHANNELS 3 Xrotation Yrotation Zrotation
        JOINT LToe
        {
          OFFSET 0.0 -0.308165967 0.644413173
          CHANNELS 3 Xrotation Yrotation Zrotation
          End Site
          {
            OFFSET 0.0 0.0 0.432306468
          }
        }
      }
    }
  }
}
MOTION
Frames: 224
Frame Time: 0.0333333
5.712799072 5.712799072 5.712799072 6.020060062 -1.230476975 -0.672985137 -15.160004616 -1.844906449 0.475637257 4.938577652 -0.193027228 1.223831534 -3.348078251 3.656481743 1.504795074 -10.954534531 1.234719872 -3.356060266 1.386730075 0.117987543 1.095326185 -9.467146873 30.425962448 11.881117821 -25.731470108 -24.749080658 -37.224903107 -0.70307678 -28.379140854 12.547262192 0.157614082 -0.178118303 -0.099096604 -0.370435566 -0.005979316 0.11673978 -0.196109742 0.034175456 0.067830727 0.040365383 -0.00211858 0.054221753 -0.311384767 -0.089259118 -0.278931648 -0.085608378 0.027081033 0.128476128 0.031531494 0.007544413 0.166098952 0.044471119 -0.047678411 0.058739282 0.090226628 -0.090134226 0.123230234 0.046376333 -0.034976728 -0.034416184 -0.05199296 -0.022013798 0.182388008 0.082551636 -0.019553633 -0.079276979 0.027075496 0.034761529 -0.054719597 0.144414619 0.201221392 -0.02715645 0.150452763 0.102490611 -0.094482325 -0.034651145 -0.003389513 -0.117429659 -18.363855362 -30.061410904 -17.952749252 -30.725442886 18.123659134 45.537540436 1.832191706 26.657611847 -6.202558517 0.106498018 -0.107645042 0.037508611 -0.009372479 0.261425555 0.095382363 -0.271407515 0.116930015 0.037128877 -0.079286501 0.027433325 0.061292537 -0.040873598 -0.053222634 -0.253563851 0.119280383 0.00704343 0.033824414 0.014956332 0.125702903 -0.159722358 0.055033065 -0.088313833 0.172711253 -0.058605198 -0.01620866 -0.040127207 -0.242127836 0.148760974 0.003699308 -0.132286876 0.108834319 -0.195206583 0.09777943 0.219413534 0.092947803 -0.036258865 0.140413463 -0.132292151 -0.18646425 -0.210646868 -0.022024645 -0.15791285 -0.105062746 -0.143785805 0.043963384 0.045327853 0.060485046 -2.320096731 -11.383353233 14.963223457 -8.224974632 -24.583990097 -7.138762474 -5.039370537 -20.686567307 -10.637815475 0.711958051 0.204737335 0.19638069 -3.571941853 12.399573326 -15.417284012 -9.099017143 26.91150856 11.007944107 -2.062185049 19.554859161 8.507171631 -0.064732142 -0.012009655 -0.053958535 
5.712533951 5.712533951 5.712533951 2.429195881 6.893502712 1.020293832 1.067349315 0.212448254 -0.003912553 -1.060651422 1.767518759 -0.522029042 -2.841584206 5.639593124 -0.374434024 -3.466698647 -0.193184748 0.61468941 -0.241156504 -0.077927947 0.730775714 0.343856364 -3.45691967 -13.741251945 24.764842987 -17.771007538 -56.124919891 7.921457767 -26.88476944 -2.523113728 0.035852358 0.018723147 -0.012322661 -0.036969613 0.011757186 0.028954025 0.009142485 -0.001565722 0.037142988 -0.030730793 0.073700227 -0.011868631 -0.030914094 0.040415939 0.00138731 -0.005296717 0.070127599 -0.044564769 0.031175349 -0.030900303 0.06931217 0.048108224 0.010838514 0.011795326 -0.028174974 0.007268077 -0.000602719 -0.006305943 0.032311149 0.064630941 0.031158634 0.017529046 -0.034440678 -0.01978112 0.006277703 -0.026598262 -0.014494032 0.007901028 -0.013306295 0.028786967 0.032606788 -0.031982288 0.027257569 -0.033458389 -0.017508745 -0.004807883 0.040085297 0.028064413 0.400532722 3.259074211 15.965172768 16.245447159 22.578683853 54.739154816 6.096214771 20.747262955 4.694175243 0.017280912 0.05096538 0.006535563 0.010850041 -0.037575185 0.035227504 -0.045583323 -0.000603161 0.0222179 0.000679791 0.043869477 0.01536653 0.029316137 0.041294049 -0.005505725 0.057437822 -0.017334903 -0.038667664 0.037829533 0.013692023 0.020488612 -0.016768038 -0.017528877 -0.003105399 -0.003492165 0.023093287 -0.06016982 -0.002268061 0.000442734 -0.030085994 0.030007202 0.006153781 -0.031453185 0.021658372 -0.026869675 -0.005574882 0.035547778 -0.007516781 -0.021161573 -0.026470741 0.003499027 0.00101497 0.021018038 0.032273185 -0.031368513 -0.025782339 -0.012996313 0.026642812 -0.608485758 0.191351205 -4.327315807 12.529428482 -0.746858776 4.468633652 -1.972119212 1.279413462 0.223457128 -0.672115505 0.064246751 0.014105048 2.37429285 1.484832287 -3.813630104 3.910672665 -0.058154654 -3.300709724 -1.002468348 -3.895139456 -1.568374872 -0.505163312 -0.007146866 -0.042059027 
5.710939407 5.710939407 5.710939407 3.722829342 7.247495651 0.999629796 1.798466921 0.265658766 -0.145916462 -1.477602124 2.040765285 -0.676020682 -3.601869106 5.836929321 -1.226180434 -2.244083643 -0.331138849 1.196730971 -0.120782413 -0.071223162 0.682133496 0.234506011 -1.963226914 -12.799004555 25.544883728 -17.855831146 -54.049556732 10.162771225 -26.808193207 -1.611202598 0.048250958 -0.002571606 0.014563723 -0.020811457 0.00233688 0.015966516 0.007521396 -0.003628892 0.061285939 -0.030758563 0.08104419 -0.007977619 -0.04202804 0.040547937 0.015558206 -0.011012021 0.039928831 -0.036021359 0.048654992 -0.001723116 0.055203494 0.047511075 0.015954241 0.005768103 -0.01362774 0.003623293 -0.007256581 0.006334142 0.051243491 0.064199597 0.017792046 0.022543281 -0.042167537 -0.003311495 -0.013113502 -0.010201714 0.011909388 0.024861803 0.009372834 0.013331901 0.038702298 -0.038978998 0.013734169 -0.030471468 -0.010176618 -0.016750455 0.014589023 0.034380965 -0.006930867 1.857201934 16.125005722 15.813816071 24.377325058 55.030338287 7.573009968 17.168540955 4.006039143 0.028910773 0.025178717 -0.002338506 -0.00135451 -0.028356664 0.041314129 -0.016909214 -0.016320346 0.022718165 -0.010711038 0.06626974 0.00682788 0.028217344 0.038320512 0.011295279 0.025234273 -0.000177764 -0.004603941 0.034727339 -0.003608319 0.001160247 -0.016383488 -0.009400015 -0.031695291 -0.003371306 0.017005818 -0.046335336 -0.030041857 -0.022824332 -0.008855452 0.01783222 0.03369949 -0.035138555 0.030590937 -0.062802762 0.005272994 0.032875333 0.003473126 0.004141851 -0.040798709 -0.003081353 0.004280631 0.031042226 0.035531912 -0.029825073 -0.013958997 -0.014289758 0.028288173 -2.82788825 -1.276180029 -4.424420357 13.687569618 -1.885338664 3.61293745 -1.556439757 0.577398896 0.120383672 -0.909913778 0.063506134 0.022475125 1.114054084 5.092627048 -4.472081661 4.985041142 2.404792786 -2.539516211 -1.143263221 -4.731436729 -1.93825078 -0.348722786 -0.028897427 -0.042013865 
5.73376894 5.73376894 5.73376894 3.786339283 7.480736732 0.851572394 2.031065226 0.28746441 -0.285040885 -1.597515583 2.148449659 -0.645177841 -2.998544693 5.916918755 -1.422544241 -1.445141435 -0.37009424 1.341475964 -0.072552688 -0.062615424 0.58494401 0.067061916 -0.652435541 -12.139135361 24.894556046 -16.690624237 -52.834762573 10.45644474 -26.714332581 -0.726339638 0.045078751 -0.014023483 0.031182716 -0.008934589 -0.00066205 -0.000756172 0.006770379 -0.000517145 0.068327457 -0.029675899 0.090564191 -0.015939984 -0.053472172 0.038898263 0.024345696 -0.017919559 0.029699033 -0.026922271 0.054703966 0.011388161 0.039749205 0.045555372 0.013187904 0.001938696 -0.012298427 0.017190689 -0.003536343 0.009031268 0.057322182 0.06114262 0.018178416 0.019185267 -0.044865109 -0.005929686 -0.02205818 -0.004863088 0.020329135 0.019522559 0.003475302 -0.00052503 0.035450384 -0.04158153 0.007884754 -0.031933565 0.003714388 -0.024914179 0.002789173 0.039560325 -0.165727973 0.554348946 15.986307144 14.048786163 24.303791046 55.754302979 7.542687893 14.18905735 3.349258184 0.040533766 0.016100895 -0.001095125 0.009332966 -0.020017371 0.044580624 -0.014991822 -0.020683188 0.0164189 -0.012886933 0.064204343 -0.000549845 0.028327852 0.029232539 0.016998969 0.007691008 0.00202857 0.017358946 0.033811577 -0.014476879 0.004317431 -0.016590221 -0.004674389 -0.036924601 -0.004040145 0.018415775 -0.035971727 -0.038052347 -0.029032717 -0.004780233 0.010674095 0.039654218 -0.033518475 0.032439899 -0.081404381 0.007058892 0.029748529 0.010968635 0.012183083 -0.056844011 -0.013576922 0.013339957 0.030110596 0.038937908 -0.033394888 -0.007787358 -0.010156783 0.017515397 -4.087316513 -1.295737386 -4.128144741 14.581207275 -1.899988055 2.503261328 -1.675408721 -0.187867656 -0.200417504 -1.085531354 0.056709815 0.031449031 1.296635389 7.802473545 -4.842079639 5.887954235 4.51357317 -1.880415082 -1.886162996 -4.158674717 -1.606839538 -0.292668819 -0.039591536 -0.04302264 
5.728028297 5.728028297 5.728028297 2.18258357 7.194879532 0.382905245 2.104948282 0.296005338 -0.574219704 -1.000185966 2.282082558 -0.318140328 -0.285365015 6.180411339 -0.859847844 -0.467200577 -0.334688514 1.129804015 -0.030272957 -0.065640584 0.622669518 -0.317979097 0.527891695 -11.669723511 23.4193573 -16.277326584 -51.895851135 9.758138657 -27.129386902 0.351637393 0.037313629 -0.025742818 0.042885084 -0.023152119 -0.003953757 -0.017248821 0.002608788 0.008934893 0.071133941 -0.02454431 0.092196696 -0.028027834 -0.047151972 0.042431485 0.040577836 -0.01583245 0.030133128 -0.026853796 0.065642975 0.020243993 0.028879113 0.04834928 0.019399166 0.00559121 -0.015576469 0.042082902 -0.002229184 0.019294132 0.051119111 0.054358564 0.025163474 0.009420197 -0.052364435 -0.026684357 -0.033170901 0.004060161 0.023909997 9.2511e-05 -0.012818397 -0.017798407 0.021569693 -0.037765604 0.010862147 -0.043950528 0.005470227 -0.025029544 -0.006330612 0.041675821 -0.390147954 -0.532622576 15.26338768 11.516199112 24.071462631 56.678756714 6.400812626 12.282109261 2.733736277 0.023271486 0.015806455 -0.012367779 0.022059476 -0.025843771 0.042864155 -0.032271467 -0.005617763 0.01436691 -0.010563938 0.025477566 -0.012307934 0.035323616 0.01522394 0.006115955 0.004086978 0.009669406 0.034078281 0.025126997 -0.021883281 0.005760515 -0.010477596 0.008954237 -0.021550339 -0.008849576 0.02639504 -0.032320958 -0.034712277 -0.034307204 -0.009462036 0.01100076 0.033943556 -0.019874806 0.030289711 -0.101386927 0.009022048 0.023682185 0.024101304 -0.004492295 -0.073077098 -0.02012253 0.018330134 0.028576801 0.051428467 -0.061679058 0.003459806 -0.006430299 -0.002818523 -3.444962025 -0.137332454 -3.161112309 13.419462204 -0.832312107 1.200150967 -2.477588177 -0.73664248 -0.372590661 -1.017230749 0.053348631 0.038789339 3.773788452 10.120577812 -4.808704376 5.617877483 6.358942509 -1.238368511 -3.311912775 -2.73664546 -0.935680211 -0.164931834 -0.04654599 -0.044191595 
5.720240116 5.720240116 5.720240116 0.152515158 6.578499317 0.101458229 2.145667553 0.081716746 -0.76186192 -0.075728633 2.396508217 0.020138431 3.115243673 6.509576797 -0.244749591 0.634114921 -0.35256809 0.811105311 -0.024454026 -0.075152166 0.511909306 -0.55412966 1.622927308 -11.282354355 21.726556778 -17.05871582 -50.401485443 9.66251564 -28.527994156 1.267989039 0.045022108 -0.019031052 0.052653257 -0.027335722 0.013565021 -0.015659889 0.002471695 0.027195042 0.062352993 -0.041225176 0.089759231 -0.012503523 -0.034623723 0.036263954 0.028685955 -0.01704675 0.058698606 -0.006815523 0.079242632 0.022484522 0.010636604 0.061297145 0.021660388 0.011963422 -0.014162544 0.039968003 -0.004946561 0.035468988 0.05606655 0.069816299 0.031634118 -0.004005386 -0.053170081 -0.033159208 -0.020656371 -0.003318994 0.02560786 -0.012328414 -0.010537446 -0.033031911 0.031116478 -0.02751559 0.00259779 -0.060009029 0.001732637 -0.016630124 -0.009340378 0.03628188 -0.340207428 -1.878955126 14.580368996 8.902994156 23.916311264 57.789554596 5.370161533 11.752868652 2.110721111 0.002390485 0.031891804 -0.012586744 0.034967817 -0.04118719 0.057659645 -0.045689061 0.011791902 0.003594076 -0.000811596 0.007752043 0.01166944 0.052380402 0.02001396 -0.001954139 0.013378907 0.027220899 0.046843275 0.01278872 -0.034844521 0.008321892 0.003636011 0.017425667 0.00043982 -0.005673095 0.022446793 -0.023937687 -0.013303812 -0.038412157 -0.023514435 0.023195852 0.029031523 -0.019434083 0.02993905 -0.110632733 0.002612996 0.013326813 0.035025727 -0.021065457 -0.085797109 -0.027516128 0.013460045 0.028336143 0.045245059 -0.069213837 -0.005468127 0.005234437 -0.01544976 -2.166088104 1.189048171 -2.277183294 11.068137169 0.30512169 -0.365896821 -2.854711294 -1.239181995 -0.537294865 -0.814218044 0.052281432 0.034751534 6.47171402 11.025714874 -4.849610806 5.334988594 7.089286804 -0.149241447 -4.663593769 -1.062949657 -0.027824787 -0.02644708 -0.042527005 -0.03689748 
5.713991165 5.713991165 5.713991165 -0.043982856 6.498581409 0.294030756 2.332741261 -0.268693179 -0.965907633 0.618927896 2.47962594 0.008038956 4.625724316 6.271418095 -0.601522028 1.821951866 -0.435367882 0.733213007 -0.105162546 -0.088460639 0.456065983 -1.165459514 3.104334831 -10.870560646 20.121114731 -17.089288712 -48.894962311 9.713774681 -29.588922501 2.120693207 0.081654809 -0.016266461 0.065433599 -0.020802055 0.023859384 -0.000300102 0.019908348 0.032354783 0.052971911 -0.065925658 0.104078621 -0.007565842 -0.017075568 0.048780318 0.004268733 -0.036826424 0.092340238 0.00648136 0.081246383 0.006956355 0.002395094 0.072110608 0.025126832 0.019562665 -0.01735986 0.025865912 0.000896061 0.05631147 0.058692671 0.090657964 0.051637836 -0.001698838 -0.037905309 -0.034114007 -0.018633272 -0.038714111 0.021921704 -0.021445677 0.006744822 -0.032924972 0.032292284 -0.025285916 0.008302045 -0.069628097 -0.004916903 -0.001522165 -0.002690005 0.047306914 -0.018101973 -3.28368187 14.544513702 7.469775677 24.830835342 59.290802002 5.640421867 10.71143055 1.320781469 -0.011880133 0.033682175 0.012251715 0.040198844 -0.059572585 0.06066937 -0.058596354 0.027751788 -0.009862204 0.003853379 0.009536804 0.023598166 0.051112082 0.026085563 -0.028153609 0.028282613 0.025661152 0.035678059 0.011739238 -0.029925503 0.002823426 0.008246752 0.017447961 0.008142171 0.001767125 0.016209483 -0.021838905 -0.004095031 -0.042328015 -0.043545168 0.031448979 0.015626702 -0.031473197 0.027954586 -0.09051542 -0.004713427 0.020230273 0.044820789 -0.036521267 -0.078567989 -0.039293256 0.005887709 0.019950312 0.029819019 -0.066427805 -0.010332568 0.00487443 -0.018445853 -3.433954716 2.052979708 -2.055829763 9.640047073 0.723381937 -1.527743697 -1.914322734 -1.630563736 -0.719876587 -0.979521096 0.053724535 0.023421418 6.63192749 12.561120987 -5.13615036 6.607737541 8.72177887 0.550387144 -5.838229656 0.425295532 0.778763473 -0.021406399 -0.036396656 -0.026172139 
5.706688881 5.706688881 5.706688881 0.381275028 6.50150156 0.828824937 2.485073805 -0.582885385 -1.130784631 1.172384858 2.586154938 -0.206950262 5.676821709 6.041459084 -1.247921467 3.02402854 -0.595592797 0.7667045 -0.159234896 -0.086200505 0.42076838 -1.790988326 4.69681263 -10.407330513 18.644828796 -18.012680054 -46.735187531 10.836807251 -30.724561691 2.813120604 0.106165625 -0.00491864 0.091976635 -0.020414103 0.044039626 0.010138257 0.041594673 0.027382191 0.038971718 -0.089109905 0.095301896 -0.015472907 0.024201427 0.077735439 -0.011126455 -0.045480449 0.126964912 0.015310021 0.086770535 -0.012610856 0.005920007 0.091955036 0.034877367 0.038284782 -0.01939727 0.008382762 -0.001773338 0.081979409 0.045370508 0.122728229 0.085252889 -0.005937158 -0.03949536 -0.03755467 -0.016096171 -0.081721716 0.017743057 -0.042390887 0.016801061 -0.032064419 0.043942258 -0.010341484 0.013725868 -0.07818649 -0.006590964 0.028236976 0.000792684 0.060832452 0.294666708 -4.561587811 14.593119621 6.70862627 26.928821564 60.661056519 7.007738113 9.442411423 0.572864592 -0.01918292 0.038190749 0.031028008 0.040201325 -0.102319732 0.0427517 -0.082876414 0.055323884 -0.034414552 -0.002321114 -0.00347003 0.015426866 0.04341476 0.029838858 -0.03895402 0.061223429 0.019908627 0.027234364 0.016711244 -0.024906661 -0.0008871 0.014309267 0.02150711 0.022791566 0.002156691 0.019685645 0.003078574 0.02328784 -0.054961566 -0.065941416 0.043323744 -0.004881404 -0.04701741 0.02291017 -0.078457586 -0.00100809 0.039212849 0.057740491 -0.046867736 -0.054454159 -0.03950718 0.000588455 0.017579911 0.012239114 -0.068545945 -0.010066632 0.007408566 -0.005621883 -5.290325642 2.5400877 -1.864297986 7.131083488 0.647296846 -2.860578775 0.46093148 -1.724346638 -0.67593205 -1.182914019 0.046007503 0.007265116 6.194238186 14.64707756 -5.590106964 7.801701546 10.453645706 1.17722261 -6.056827545 1.94658494 1.672901392 -0.0173187 -0.035898246 -0.021896586 
5.691901684 5.691901684 5.691901684 3.378264666 6.857907772 2.293521643 2.95818758 -0.646027267 -1.026444197 1.013087869 2.16319108 -1.012615204 4.69977808 5.098333836 -3.492202044 4.632709026 -0.682445824 0.919950068 -0.272127688 -0.046050251 0.395138204 -2.707457304 6.331787586 -9.769441605 17.779375076 -15.809077263 -45.523258209 11.114222527 -33.674640656 3.566060305 0.112906046 0.000554278 0.088695318 -0.025350692 0.050263844 0.019312821 0.048975579 0.006398982 0.026532467 -0.103944406 0.105483338 -0.045795515 0.018532734 0.095315352 -0.041329831 -0.07326325 0.1263697 0.019485166 0.059616514 -0.036483094 0.028242776 0.098198995 0.032175362 0.037768587 0.00044816 0.007182153 -0.00107994 0.055608522 0.034358069 0.121224456 0.100190647 -0.013120748 -0.026818452 -0.045819506 -0.016771179 -0.10866797 0.003879535 -0.042845871 -0.009395107 -0.018913772 0.044419922 -0.01802012 0.007327053 -0.091858268 -0.007037885 0.059099607 0.040414844 0.077494979 0.729621708 -6.140627384 15.408332825 6.811203003 28.497982025 62.729251862 8.379020691 9.08272171 -0.357118189 -0.022590501 0.039559837 0.032556064 0.075802974 -0.110317141 0.021092238 -0.112605393 0.025238659 -0.045546852 0.013888265 -0.012291352 0.012621787 0.051494725 0.026678566 -0.038350761 0.099147744 -0.023660898 -0.000651714 0.00745871 0.008725215 0.01714989 0.0309215 0.015358496 -0.010023806 0.01096979 0.038803812 0.034617271 0.02338047 -0.064061224 -0.086357713 0.044925343 -0.033418763 -0.047448188 0.013306195 -0.050107513 -0.007758362 0.058750935 0.071746215 -0.043502558 -0.016290598 -0.038155645 0.014844419 0.027112765 0.01777173 -0.052557722 -0.012795268 0.002741099 0.010553231 -10.646217346 2.593981981 -2.039876461 5.716743946 -0.026259677 -4.250933647 4.111046314 -1.925598502 -0.526688218 -1.240236163 0.041242499 -0.007302087 2.60478425 17.485103607 -6.46827364 10.417830467 14.064428329 1.230088115 -4.449385643 1.872413754 1.881235361 -0.288935065 -0.013016081 0.001993843 
5.668021679 5.668021679 5.668021679 6.56527853 7.369642735 3.131978273 3.589407444 -0.721344233 -1.060951591 1.061795235 1.504580736 -1.909416318 3.829316616 4.086039543 -5.958180904 6.168294907 -0.609373569 0.760670543 -0.375886619 0.01682573 0.186869889 -3.584499598 7.826994896 -9.798371315 16.335344315 -14.549882889 -44.41072464 11.23787117 -36.707183838 4.093924522 0.093622573 -0.000445028 0.066997319 -0.024855496 0.037411164 0.025898667 0.047823209 -0.032672621 0.026946459 -0.113586277 0.118469551 -0.079412892 -0.004776038 0.098335244 -0.058949187 -0.104448423 0.116244234 0.010076429 0.03378506 -0.061394658 0.044786725 0.082623355 0.021832749 0.013760558 0.016736269 0.011332689 0.00368732 0.015472263 0.046274427 0.08767128 0.08487118 0.019209152 -0.00584251 -0.027795518 0.001011574 -0.126457244 0.011730708 -0.035225399 -0.030188963 -0.01483279 0.036426421 -0.04665786 -0.00699407 -0.110424399 -0.026635462 0.080345675 0.075652227 0.083868414 0.736149132 -7.749061584 16.113409042 7.223801136 29.220979691 64.573478699 9.7976017 10.628171921 -1.083205462 0.002534832 0.036026992 0.041085161 0.112501018 -0.086719707 0.005869317 -0.126564011 -0.017794963 -0.032658927 0.024657469 -0.011617269 0.006286503 0.080534354 0.045548588 -0.027762249 0.107675478 -0.057024851 -0.015331157 -0.019225158 0.029257653 0.034261998 0.039782342 0.021258406 -0.058626737 0.014320477 0.059495457 0.056146309 -0.003926125 -0.063165449 -0.098034211 0.045013227 -0.050620314 -0.013736349 0.000107918 -0.001524107 -0.020509081 0.055149097 0.076876789 -0.03956813 0.010769534 -0.036122471 0.02709277 0.032102607 0.04960487 -0.030960781 -0.015659815 -0.02121654 0.029472884 -15.591396332 2.415086508 -2.573660851 3.276560783 -1.029501557 -5.13579607 7.885917187 -1.776512742 -0.365348935 -1.015766144 0.026654454 -0.016605858 -1.106362343 19.220611572 -7.20997858 13.303530693 16.273700714 1.216682911 -3.096791267 1.91864562 2.110820055 -0.506332219 0.003404458 0.02094686 
5.637785912 5.637785912 5.637785912 7.931341171 7.818516731 3.66366148 3.452326298 -0.686291039 -1.182312012 1.557069778 1.136812925 -2.578309774 4.650375843 3.614149809 -7.044576168 7.522601604 -0.557777703 0.543212235 -0.433986574 0.053408172 0.003495008 -4.078417778 8.995829582 -10.354769707 14.42453289 -15.56152916 -43.837120056 11.265203476 -40.335395813 4.801580906 0.106924981 -0.006732047 0.076876707 -0.030334281 -0.003188325 0.03689437 0.033239231 -0.045422845 0.057241514 -0.119536892 0.138687223 -0.10146223 -0.016611129 0.127050579 -0.067907102 -0.133963987 0.095788464 -0.01005426 0.019452661 -0.060002171 0.055365782 0.09587349 0.016920138 0.014470318 0.023220308 0.024761977 -0.026428953 0.005505644 0.0630126 0.077678919 0.1217914 0.031660046 0.007096882 0.000459283 -0.016986702 -0.140441656 0.019469332 -0.040563527 -0.046801582 -0.032762717 0.031834491 -0.06336955 -0.008249064 -0.120138973 -0.026770169 0.073527098 0.076440945 0.094800554 0.901000023 -8.742693901 16.203306198 6.469180584 29.215263367 66.268081665 9.652242661 12.357803345 -1.825790048 0.00373377 0.020572459 0.025242219 0.119336024 -0.073084459 0.026335953 -0.148909122 -0.037830055 0.006526313 0.025361473 -0.042621095 -0.027399698 0.09059824 0.067885257 -0.040497348 0.122526206 -0.091848686 -0.01111039 -0.029618202 0.037346683 0.067649126 0.046827506 0.038748883 -0.091492027 0.012085605 0.087621592 0.055747259 -0.033941396 -0.075952284 -0.120783843 0.030571597 -0.064785078 0.014962542 -0.001883349 0.022448275 -0.00370532 0.067060076 0.116138086 -0.057860374 0.022942374 -0.028205857 0.035530262 0.036864944 0.10619317 -0.035518929 0.013019205 -0.046607465 0.036282398 -18.646881104 2.819455862 -2.633029938 1.134498477 -1.119485021 -6.155576229 10.098359108 -1.67491293 -0.321906567 -0.909525633 0.030774778 0.005974083 -2.718222141 19.389722824 -7.644924164 15.5952034 16.793329239 1.457130194 -3.367090464 2.981049061 2.651391983 -0.72885555 0.011142974 0.032594599 
5.599573135 5.599573135 5.599573135 9.283554077 8.115551949 4.089403152 3.041688204 -0.721753716 -1.09593451 1.921551704 0.944043696 -2.937911034 4.521335602 3.276418447 -7.372407436 8.331840515 -0.493091106 0.372459263 -0.37986958 0.084474891 -0.144624457 -4.248851299 9.951766968 -10.528826714 13.426095009 -16.43838501 -43.475654602 11.605148315 -44.540531158 5.604681969 0.123892739 -0.014891834 0.065565966 -0.032313857 -0.04818422 0.042946652 0.01611324 -0.055834707 0.084476151 -0.115216784 0.131396234 -0.093373679 -0.011073013 0.160672784 -0.065953158 -0.158726454 0.080901146 -0.021020103 0.020684585 -0.053058729 0.062038783 0.100771077 0.005749691 0.022872169 0.014365995 0.026997931 -0.04042853 0.010742776 0.087243348 0.086576872 0.154119626 0.031031176 0.036149781 0.031111214 -0.038097288 -0.147419423 0.024325177 -0.049714047 -0.05408819 -0.047522884 0.03328852 -0.073031798 0.00609782 -0.115547113 -0.032483827 0.052667856 0.05905683 0.094333626 1.04227972 -9.321509361 16.015855789 6.978576183 30.000724792 67.061386108 10.177286148 13.213100433 -2.127364159 0.003869487 -0.014671942 0.01271048 0.137891516 -0.054485075 0.04661997 -0.162579 -0.041641459 0.042045228 0.019112945 -0.091410495 -0.046886884 0.085542731 0.086090237 -0.06558086 0.142964602 -0.119315431 -0.014410572 -0.046080705 0.052422121 0.112518765 0.056949139 0.05518784 -0.098179698 0.00605763 0.093839645 0.061490573 -0.069365218 -0.087353364 -0.13764888 0.010484408 -0.076776482 0.04270738 -0.003451933 0.061072271 0.01085976 0.054924786 0.144190162 -0.081593506 0.023488233 -0.017036643 0.040229939 0.030918023 0.1456846 -0.061917685 0.045891691 -0.074587211 0.039843179 -21.831577301 3.380016327 -2.330524921 -0.159630522 -0.946789086 -6.834039211 10.935292244 -1.413212895 -0.167237058 -0.931210697 0.041216657 0.023830567 -3.813752174 19.592416763 -7.504603863 17.347949982 17.326383591 1.447597623 -3.796413422 3.781176567 2.985987425 -1.116951585 0.011943945 0.053398054 
5.556235313 5.556235313 5.556235313 10.4739151 8.545376778 4.343022346 2.224765062 -0.670379877 -1.028572083 2.271687031 0.766522408 -3.215686083 4.090662003 2.992735863 -7.687436104 8.346901894 -0.437616318 0.361974746 -0.387098163 0.120950222 -0.191378564 -4.471000671 10.899482727 -10.76171875 12.685873985 -17.01943779 -43.161418915 11.769216537 -48.626590729 6.409460068 0.120735399 -0.026440717 0.066541374 -0.023502985 -0.096630067 0.031488068 0.001378972 -0.076895393 0.09577851 -0.11221499 0.112926558 -0.083211184 -0.014461325 0.186088786 -0.052977603 -0.188943267 0.073383994 -0.035403881 0.034521598 -0.042716376 0.073306181 0.089980356 -0.004978439 0.03304214 0.005621541 0.018354269 -0.033798728 0.022997854 0.100276984 0.101102576 0.160878539 0.020830937 0.045238122 0.06092174 -0.048569676 -0.159841955 0.030502144 -0.061941147 -0.048733972 -0.045542531 0.023123242 -0.084637709 0.027382761 -0.119563915 -0.041384336 0.044672329 0.052032713 0.102845542 1.226961851 -9.574064255 15.936562538 8.647795677 30.04501915 67.73651886 10.449277878 14.166145325 -2.216757059 0.01518915 -0.043685891 0.008086599 0.17224738 -0.040842663 0.056612272 -0.168255597 -0.040000007 0.072407879 0.019415556 -0.127098039 -0.062023629 0.077620462 0.107116416 -0.111844718 0.154239967 -0.13779369 -0.018151395 -0.054581597 0.062957503 0.144179434 0.073802605 0.068137176 -0.102522962 -0.002446003 0.089435048 0.071009986 -0.100431032 -0.093519829 -0.12940304 -0.005940046 -0.078856237 0.076433815 -0.004058386 0.098542556 0.022224817 0.044287231 0.159824029 -0.09380392 0.016509011 -0.014678756 0.035021484 0.037218213 0.174464479 -0.088935994 0.074047379 -0.076367199 0.034929667 -24.476995468 3.576254368 -2.040101767 -1.460067868 -1.08743906 -7.158385754 11.165452957 -1.070361257 0.019378474 -1.017829418 0.054065023 0.04376296 -4.88641119 19.50686264 -7.27386713 19.35785675 17.447109222 1.521446347 -4.161726475 4.545535088 3.288397312 -1.576460242 -0.005263869 0.069467865 
5.51459837 5.51459837 5.51459837 11.834875107 9.151213646 4.500589371 1.365494847 -0.451172203 -0.918790042 2.425723791 0.671495199 -3.390813351 2.954834223 2.791288853 -8.117372513 8.10595417 -0.441501766 0.661017001 -0.458516687 0.155370176 -0.122562781 -4.567203045 11.919244766 -11.239395142 11.541903496 -17.162179947 -43.739471436 11.365203857 -52.634994507 7.534900188 0.11940074 -0.034029115 0.077754289 0.002781037 -0.124913089 0.026741132 -0.005156065 -0.096294135 0.103382148 -0.093292162 0.080720119 -0.060903829 -0.033309706 0.19072485 -0.048375316 -0.196874171 0.059758946 -0.046634741 0.023307871 -0.038852938 0.088940255 0.088630401 -0.021881461 0.029589817 -0.005946409 0.012436905 -0.042169698 0.019506106 0.118603192 0.102735586 0.17394796 -0.006721477 0.064011149 0.095441006 -0.043472677 -0.148973837 0.019112239 -0.088020392 -0.028670654 -0.036683094 0.012179235 -0.071436159 0.049261689 -0.120166332 -0.026003074 0.026684467 0.050361652 0.095018782 1.390709162 -9.923416138 15.92065239 10.581120491 28.771707535 68.633392334 9.893111229 15.57714653 -2.539937258 0.022759695 -0.061683707 0.001481711 0.196723431 -0.022993708 0.063693576 -0.160839722 -0.036653325 0.102385119 0.026667178 -0.133919284 -0.059058771 0.065230861 0.11053773 -0.144579843 0.161012515 -0.139848009 -0.003805341 -0.049722072 0.073936574 0.183110639 0.081227399 0.080997072 -0.093717679 -0.019249767 0.076919906 0.067010105 -0.132129207 -0.088178106 -0.120227501 -0.01707473 -0.071863987 0.106829248 -0.003920496 0.112442456 0.030546136 0.038911697 0.165263474 -0.088914335 0.020428428 -0.016636396 0.029664947 0.038956597 0.187342241 -0.10098245 0.080151722 -0.070510976 0.015924202 -26.939325333 3.496997118 -1.902991295 -2.75288415 -1.287598491 -7.23154974 10.450224876 -0.888789654 0.121791251 -1.036726713 0.064902849 0.056225769 -6.212513447 19.510520935 -6.965382099 21.076768875 17.726573944 1.572212934 -4.461039066 4.911268711 3.260280371 -2.063906193 -0.009171189 0.105542295 
5.476632595 5.476632595 5.476632595 12.977239609 9.510355949 4.828639984 0.899286747 -0.405499995 -0.716406763 2.500454903 0.589673817 -3.530937672 1.912855744 2.604789734 -8.447249413 8.025288582 -0.462184608 0.823735714 -0.55417943 0.176303163 0.009181253 -4.724843502 12.800655365 -11.459210396 9.501953125 -16.513044357 -45.666893005 9.992033958 -56.273918152 9.086222649 0.113395296 -0.036338117 0.08658611 0.019197626 -0.138813883 0.026403755 0.00280897 -0.108661368 0.101756543 -0.069499634 0.048843421 -0.038524006 -0.051466748 0.183778107 -0.044869736 -0.185606733 0.051568631 -0.058623239 0.001586993 -0.038735934 0.113100693 0.092467278 -0.031357396 0.016163738 -0.021827865 0.009019814 -0.059341677 -0.00268394 0.130256638 0.099076912 0.185856 -0.033330902 0.076263241 0.122338027 -0.041199669 -0.145295307 -0.005968913 -0.122123234 -0.009664818 -0.0267886 -0.006475445 -0.04535101 0.053075582 -0.114448428 -0.013763663 0.000688378 0.049582846 0.075105451 1.37477541 -10.071195602 15.842899323 12.289266586 27.147392273 69.780136108 9.035583496 17.018201828 -3.250082016 0.018204732 -0.057707254 -0.023703637 0.205703676 -0.010478624 0.061699674 -0.137442499 -0.03102334 0.124873385 0.031170452 -0.124830768 -0.043159418 0.059103481 0.109351829 -0.158124 0.166144952 -0.140860364 0.00242065 -0.036249805 0.093474776 0.208001867 0.086825103 0.08894366 -0.079097196 -0.033819795 0.078284524 0.039931227 -0.163153291 -0.08360865 -0.112886049 -0.020042451 -0.051102612 0.1274409 0.00118398 0.111417845 0.026366804 0.046801656 0.174679056 -0.070528686 0.046004634 -0.009538197 0.029087255 0.041382719 0.193424419 -0.103329107 0.064328507 -0.062183525 -0.002646799 -28.851583481 3.27784133 -1.722308874 -3.627281666 -1.409292936 -7.366565704 9.426058769 -0.718828976 0.251050234 -1.088324547 0.068983689 0.050826635 -7.024149895 19.611936569 -6.933524132 22.87673378 18.093767166 1.757604361 -4.868467331 5.002652168 2.994029999 -2.50660181 -0.001543439 0.147148341 
5.440631866 5.440631866 5.440631866 13.569166183 9.527791023 5.340783119 0.788169265 -0.526781082 -0.525739133 2.389969349 0.559167922 -3.807366133 0.647149026 2.549853563 -8.949257851 7.963998318 -0.546204925 1.099374294 -0.550703824 0.191143855 0.25577563 -4.909742832 13.264081955 -11.477190018 8.291590691 -16.271087646 -47.139762878 9.507599831 -58.568798065 10.237771034 0.097770602 -0.044829693 0.105397575 0.037865527 -0.158042327 0.011814948 0.010857223 -0.135455459 0.102990903 -0.046729598 0.02038992 -0.034455899 -0.051323909 0.195099711 -0.026852146 -0.174314618 0.053501613 -0.069760561 -0.010961112 -0.039858177 0.134166911 0.101186119 -0.018187201 0.002262054 -0.042325895 0.019812133 -0.070406154 -0.022742359 0.136909634 0.105776168 0.197493687 -0.053901959 0.088804923 0.133674651 -0.057943355 -0.150355726 -0.02841863 -0.154892474 0.001534258 -0.031159351 -0.013506624 -0.031659413 0.043116402 -0.102117516 -0.006908944 -0.024878563 0.042467624 0.070971757 1.313759923 -10.15528965 15.639286041 13.80988121 26.760904312 70.380653381 8.775343895 17.45933342 -3.734296799 0.032298204 -0.043042045 -0.062528796 0.203419089 -0.006300202 0.042221107 -0.109742798 -0.024076838 0.143002331 0.021329839 -0.134323835 -0.038346246 0.05484356 0.106405854 -0.163001105 0.172108546 -0.160510689 -0.002042598 -0.032694466 0.10932596 0.207880363 0.097464427 0.091775358 -0.065660775 -0.031025287 0.0923976 0.017767029 -0.179225653 -0.086929575 -0.099478818 -0.041874491 -0.042468205 0.129356712 0.002182121 0.102506638 0.02373497 0.049520224 0.189517617 -0.048404869 0.081653796 -0.00321973 0.020517392 0.03130636 0.191108525 -0.123189121 0.046047837 -0.039452523 -0.018203156 -29.87049675 3.075068235 -1.665593147 -3.973370314 -1.337615013 -7.265982628 8.706679344 -0.219468892 0.48470208 -1.215008736 0.072895452 0.043802459 -6.923223019 19.89223671 -7.056905746 24.39715004 18.515777588 1.719812155 -4.906805992 4.86525631 2.581435919 -2.861745834 0.000259613 0.160320744 
5.421354294 5.421354294 5.421354294 13.381645203 9.06758213 5.77115345 0.856913865 -0.672937036 -0.395668954 1.992289782 0.73269546 -4.180285454 -0.646831691 2.470648527 -9.556764603 7.961316586 -0.616157532 1.332553864 -0.422246814 0.188905194 0.586370468 -5.024380684 13.190176964 -11.289346695 8.219940186 -16.503158569 -47.910503387 9.533189774 -59.60521698 10.444895744 0.073663443 -0.047878288 0.134478211 0.055333834 -0.164021045 -0.00026676 0.017304806 -0.165854096 0.099869378 -0.026292212 -0.002586485 -0.043439832 -0.037137084 0.210709199 -0.024775445 -0.152913734 0.054381859 -0.07719519 -0.004103006 -0.033710316 0.147291929 0.107898369 -0.001538732 -0.016390024 -0.055346861 0.038060792 -0.072685063 -0.031919815 0.14231275 0.118655331 0.203113839 -0.060866632 0.095439874 0.135694712 -0.085688241 -0.155307144 -0.036183596 -0.180980593 0.008058757 -0.029539688 -0.010630707 -0.019157013 0.038505383 -0.085111186 0.009340062 -0.041714035 0.020900162 0.072114386 1.307665825 -10.026941299 15.407891273 15.044275284 27.27148819 70.718330383 8.736507416 16.755027771 -3.751320124 0.057093304 -0.044360023 -0.088249348 0.192567021 -0.015504992 0.012285704 -0.092391893 -0.009991394 0.140861094 0.019982116 -0.153485835 -0.050710931 0.052662957 0.100160547 -0.151662931 0.177259773 -0.171801493 -0.009979156 -0.026390621 0.125812858 0.198756754 0.108893611 0.094806142 -0.054777201 -0.020228682 0.111701645 -0.001419297 -0.177697524 -0.1012455 -0.077731162 -0.071338743 -0.038740292 0.118390404 0.011231587 0.094447315 0.021529742 0.053471815 0.199024409 -0.028596051 0.110330991 0.002437536 0.0154241 0.01446776 0.189897373 -0.135433212 0.037789673 -0.018270105 -0.026464172 -29.4467659 2.568240166 -1.58133924 -4.183245182 -1.045464158 -6.910085678 8.621775627 0.688546181 0.858747125 -1.285683393 0.068204857 0.042178884 -5.536085129 20.30339241 -7.139379025 25.218254089 18.902637482 1.395536542 -4.039202213 4.475257874 2.129734755 -3.131269932 0.003835515 0.167263955 
5.422828197 5.422828197 5.422828197 12.981517792 8.403632164 5.88398695 0.48167327 -0.740515113 -0.274850965 1.407975078 0.791890025 -4.253319263 -1.804216504 2.265688896 -9.860751152 7.211174011 -0.611446798 1.258196235 -0.281977564 0.175759986 0.850679159 -4.914573669 12.816978455 -10.958714485 9.531939507 -17.61636734 -47.861431122 10.145252228 -59.239624023 9.580415726 0.062655821 -0.058255058 0.160239458 0.064215027 -0.171658337 -0.011505001 0.026217969 -0.180738568 0.106473908 -0.009638591 0.001693184 -0.057862848 -0.031425301 0.227180094 -0.014145542 -0.156657115 0.059762567 -0.078276917 0.005686927 -0.023537437 0.153866842 0.11304079 0.006146777 -0.027864613 -0.052822907 0.049599666 -0.064202912 -0.033983916 0.148116514 0.11568173 0.199061126 -0.062111858 0.103492998 0.1212705 -0.115030155 -0.161591053 -0.029437298 -0.192085102 0.003935542 -0.031009216 0.008009425 -0.016319945 0.032773476 -0.088170871 0.024748482 -0.058751319 0.003567782 0.074315935 1.307372332 -9.909567833 15.005671501 16.857728958 27.901472092 70.456993103 9.104048729 17.473274231 -3.753912449 0.075120926 -0.058175109 -0.087936029 0.188056692 -0.026694603 -0.011384644 -0.079456948 0.004699094 0.125033319 0.022156592 -0.162534148 -0.056092121 0.053761736 0.094072782 -0.155243576 0.184059754 -0.188280836 -0.014004763 -0.02581433 0.136080027 0.188202396 0.116366789 0.083315618 -0.056887105 -0.004569135 0.111322045 -0.013612909 -0.176429629 -0.115673415 -0.048332836 -0.089628935 -0.03202505 0.091984615 0.017496442 0.086905807 0.014100785 0.059054364 0.217782423 -0.024661815 0.114980087 -0.008603347 0.002701622 0.004024181 0.187525839 -0.14247863 0.032399733 -0.012040668 -0.024275053 -28.230945587 1.481181383 -1.257497907 -4.395395279 -1.194951892 -6.227602005 8.830368996 2.010997057 1.405199885 -1.298124075 0.077204093 0.052881334 -3.79040575 20.551418304 -6.846302032 25.625930786 18.876815796 1.06599462 -2.934744596 4.0192523 1.803714275 -3.298002005 -0.0088645 0.146650568 
5.444581032 5.444581032 5.444581032 12.50353241 7.452476025 5.945801735 -0.209810719 -0.651758313 -0.183162227 0.782948911 0.83542639 -4.111160278 -2.941988468 2.067525148 -9.99189949 5.648265362 -0.603630066 1.070624232 -0.139623538 0.167781517 1.047096491 -4.797270298 12.18159008 -10.38428688 11.978487015 -18.191205978 -47.552024841 11.409399986 -58.909145355 8.459713936 0.052583214 -0.078186572 0.171630934 0.074758746 -0.175859407 -0.014934504 0.036774769 -0.179970235 0.114263713 0.00479093 0.024835864 -0.079538077 -0.024574269 0.230628416 0.001675109 -0.171170816 0.066466756 -0.082202069 0.015850926 -0.020491363 0.154876202 0.121334776 0.005284842 -0.033960368 -0.05215105 0.053772725 -0.053126384 -0.03749375 0.157759696 0.103533968 0.175696433 -0.050318632 0.111154191 0.113054171 -0.151041538 -0.168016821 -0.005448899 -0.198527783 -0.000745949 -0.024461847 0.030240063 -0.019793848 0.039415982 -0.094192393 0.0311478 -0.084373511 -0.014582571 0.081715859 1.319724441 -9.621973038 14.56047821 18.48456955 28.72650528 69.781021118 9.511931419 18.507694244 -3.672300816 0.082442202 -0.086001217 -0.063086912 0.196397796 -0.037589714 -0.041506078 -0.057077978 0.021838823 0.120250858 0.025356598 -0.164493278 -0.058309101 0.047276441 0.090336852 -0.172927201 0.188690364 -0.210586235 -0.025313091 -0.031595737 0.152943805 0.18140918 0.110987835 0.06892579 -0.062849633 0.019098604 0.104728267 -0.032200824 -0.189982936 -0.123622745 -0.022514211 -0.104648352 -0.025670711 0.07689184 0.022523163 0.08468961 0.011155562 0.069138244 0.237984389 -0.028044734 0.115274638 -0.024423033 -0.02029725 -0.004802421 0.182528898 -0.150854647 0.026082056 -0.002862769 -0.025652552 -26.438261032 0.564046443 -0.827042341 -4.300001144 -1.214052081 -5.370261669 8.493655205 3.555853844 2.103516102 -1.27673471 0.096191645 0.07617829 -2.540697098 21.198392868 -5.77103281 26.887329102 19.161235809 0.380365103 -2.035164356 3.529501915 1.501554251 -3.420605421 -0.026884677 0.108343571 
5.481640816 5.481640816 5.481640816 11.700615883 6.418856621 6.1070261 -1.213757873 -0.649996758 -0.173219487 0.162690312 0.827668428 -3.87311101 -3.990378857 2.167283297 -10.025208473 3.632381678 -0.636768878 1.001348138 0.003467228 0.171968728 1.203617215 -4.429384708 11.070828438 -9.584442139 15.428562164 -19.45000267 -46.487312317 13.155568123 -57.464130402 6.694553852 0.030184988 -0.095674179 0.178273544 0.085803054 -0.182867423 -0.014795518 0.044774611 -0.159635633 0.117247239 0.026356172 0.047333833 -0.105055995 -0.018365992 0.21767433 0.027200861 -0.183061182 0.071229629 -0.087676436 0.022213118 -0.018579064 0.153337374 0.123988293 -0.008716485 -0.042471763 -0.044206697 0.053989217 -0.033426929 -0.040054131 0.166529775 0.07996852 0.132406056 -0.041584853 0.10521587 0.108297393 -0.179760858 -0.16399385 0.022067433 -0.186820954 -0.014699593 -0.005507443 0.061411478 -0.019309258 0.051166549 -0.100165129 0.032514498 -0.127296537 -0.035138723 0.091967866 1.368811727 -9.142146111 14.220464706 20.189897537 30.034141541 68.322898865 10.285730362 20.077693939 -3.505623579 0.08978527 -0.118305601 -0.024561048 0.206728354 -0.042716466 -0.083721071 -0.023918783 0.028528977 0.112609036 0.028281203 -0.146706656 -0.041382238 0.036752429 0.091152228 -0.184393719 0.194833577 -0.242117435 -0.030651394 -0.036677569 0.165832996 0.171875328 0.092911147 0.050170947 -0.07637734 0.040628552 0.090422474 -0.049631767 -0.209202483 -0.130032316 0.010026506 -0.12418817 -0.017723752 0.063547917 0.024878584 0.075537749 0.009826176 0.079342745 0.252379 -0.0337185 0.10175854 -0.052812155 -0.039774038 -0.004347395 0.171856582 -0.15518333 0.018261572 0.00922071 -0.024421476 -24.065216064 -0.113967098 -0.337685674 -3.733659744 -0.992523909 -4.802702427 7.716646194 5.237255096 2.827842951 -1.263033986 0.117854767 0.10536892 -1.311640143 21.884204865 -4.37541008 28.893152237 19.50677681 -0.435268849 -1.162848592 3.084203005 1.342837691 -3.602916241 -0.053826082 0.052185345 
5.530227661 5.530227661 5.530227661 10.882203102 5.657979488 6.218776703 -2.410537958 -0.538026392 -0.324981123 -0.519745231 0.958062828 -3.622853994 -4.831477642 2.72842145 -10.057824135 1.559475422 -0.709322095 1.152895689 0.111265004 0.187263876 1.094574094 -3.756383419 9.894504547 -8.900082588 18.367080688 -21.965831757 -45.123363495 14.400632858 -54.057815552 4.616208553 0.01965303 -0.105934307 0.168648958 0.103619963 -0.178890973 -0.009204798 0.055745814 -0.156201631 0.124871694 0.063381366 0.038396437 -0.107993141 -0.031440526 0.199031547 0.039684679 -0.186322019 0.056759872 -0.081825294 0.021459928 -0.011618613 0.134847671 0.114660658 -0.018703775 -0.051917575 -0.027107082 0.053507265 -0.02714343 -0.03469811 0.167776838 0.066220798 0.095093243 -0.062114887 0.108342588 0.094180726 -0.194838524 -0.127972305 0.03629664 -0.171072036 -0.018419975 0.001702833 0.078498289 -0.017558625 0.047657803 -0.090529762 0.053630915 -0.178822696 -0.042335071 0.106003113 1.535803556 -8.676140785 14.164546967 22.055402756 32.720359802 65.964103699 12.286320686 21.127706528 -3.251932383 0.081585474 -0.133667707 -0.003303101 0.191514507 -0.027955038 -0.117837854 0.024770597 0.018497497 0.097068697 0.015060078 -0.123012632 -0.026778843 0.010350738 0.075121231 -0.18045257 0.178254411 -0.259845585 -0.00882649 -0.035986342 0.160646006 0.155841544 0.075132437 0.015685096 -0.077586271 0.04217086 0.067355901 -0.06089586 -0.222956419 -0.111180164 0.048207596 -0.142219171 -0.012401775 0.066299148 0.031538427 0.054769691 0.010402547 0.080632403 0.238316983 -0.00381726 0.057546772 -0.083575524 -0.057469618 -0.003837249 0.144574448 -0.163949206 0.009649985 0.030403547 -0.019499294 -21.396886826 -0.471029967 0.027780388 -3.197250128 -0.779202998 -4.397421837 6.603410721 6.383586884 3.321424723 -1.163423538 0.135826781 0.117802128 -0.410935909 22.660840988 -2.824404716 31.517576218 19.692480087 -1.483679175 -0.45375669 2.400923729 1.166176438 -3.794506073 -0.075022556 0.025127873 
5.573914528 5.573914528 5.573914528 10.144507408 5.472909927 5.94086504 -3.229808092 -0.231484532 -0.49379617 -1.14267242 1.17322433 -3.431251526 -5.42288208 3.03116703 -9.56018734 -0.011258153 -0.832345605 1.60909915 0.155913264 0.188224658 1.002981305 -3.118303776 8.711257935 -8.507573128 20.454227448 -23.645299911 -44.448974609 15.034949303 -50.553256989 3.347422123 0.001769554 -0.120690741 0.135058224 0.098257542 -0.160539463 0.003494214 0.050840829 -0.14687413 0.131789774 0.097151756 0.020421922 -0.109388813 -0.024073889 0.177331775 0.051346973 -0.176835537 0.049789678 -0.065836236 0.022203373 -0.002099277 0.117302723 0.106780984 -0.023963148 -0.05833029 -0.009501989 0.060496088 -0.012959911 -0.027096709 0.158855438 0.06521821 0.067282006 -0.068162151 0.100935385 0.093727514 -0.201296404 -0.091532931 0.03987344 -0.146084741 -0.016480749 0.016822631 0.080952123 -0.021545919 0.042102266 -0.071154036 0.060458582 -0.203081593 -0.049177714 0.10280855 1.835630059 -7.994594574 14.308050156 22.884990692 35.326030731 63.729095459 13.712298393 20.520612717 -2.708469152 0.074469529 -0.128296912 -0.00257758 0.160281777 -0.023601757 -0.127490819 0.073370837 0.012798935 0.084178731 -0.004852919 -0.107671753 -0.003057664 -0.01991779 0.057910174 -0.170681074 0.162782252 -0.256858319 0.003455707 -0.023648642 0.156201303 0.129675284 0.054970022 -0.009013333 -0.069720618 0.040877346 0.064030163 -0.067307495 -0.228313029 -0.090959236 0.068690203 -0.164919779 -0.00358865 0.060681924 0.028978819 0.037791647 0.015813179 0.074429363 0.206441566 0.02323431 0.015589355 -0.103010736 -0.058586054 -0.009460009 0.116252393 -0.17343919 0.008802027 0.043307144 -0.021380231 -18.831953049 -0.387722343 0.668194115 -2.315175056 -0.107398994 -4.237260342 4.875796318 7.061315536 3.648087263 -1.154862285 0.147335187 0.12278913 -0.153493464 22.826583862 -1.33318007 34.240695953 19.763105392 -2.395373583 -0.169551715 2.045634985 1.058908939 -3.862725258 -0.09297166 0.010241507 
5.610940456 5.610940456 5.610940456 9.402000427 5.886276722 5.399845123 -3.507196903 0.163345531 -0.708694398 -1.494134665 1.351735234 -3.280800819 -5.618320465 3.345716715 -8.826711655 -1.285562754 -0.887160361 1.761967659 0.125592619 0.172957301 0.94671303 -2.64583087 7.167146206 -9.168030739 21.506958008 -24.545862198 -45.105014801 14.590197563 -47.543167114 2.392834663 -0.021752845 -0.124276295 0.104006708 0.074516095 -0.115372919 0.019032625 0.041939229 -0.120701835 0.140790269 0.124774419 0.000876699 -0.111248158 -0.015966905 0.160321116 0.047272217 -0.152362093 0.04010056 -0.04085695 0.005270557 0.000368251 0.103429884 0.105783008 -0.032000966 -0.059098486 0.013903338 0.072034143 0.001548599 -0.02421584 0.12736401 0.066528983 0.049753878 -0.079385035 0.078839898 0.092954628 -0.195669755 -0.064553201 0.038209535 -0.121691227 -0.024147144 0.031158313 0.087093011 -0.005247014 0.036023974 -0.052956786 0.076939806 -0.202374652 -0.040210132 0.085783131 2.186313629 -6.984713554 14.631435394 23.235818863 37.4269104 61.381408691 14.576303482 19.114229202 -1.90124917 0.065696947 -0.109304167 -0.011440206 0.109439105 -0.029882936 -0.122013807 0.097938053 0.015276227 0.069785506 -0.00199377 -0.095480643 -0.001475958 -0.040268321 0.032416169 -0.145599008 0.156100526 -0.252887487 0.01295333 0.006032689 0.16088903 0.112272479 0.039531048 -0.032298565 -0.053169277 0.036072519 0.071347222 -0.065594643 -0.219719291 -0.080645896 0.070599727 -0.171147615 -0.002157968 0.039590582 0.029681267 0.009666099 0.028503984 0.078637943 0.170376629 0.042238008 -0.005774331 -0.101699427 -0.047989104 -0.007836333 0.08660163 -0.163787976 0.003163837 0.047806762 -0.013096008 -16.555763245 -0.148082092 1.357406616 -0.897396266 0.739335001 -4.10585022 2.752117872 7.327109337 3.683012724 -1.103498459 0.142337754 0.130456746 -0.258739799 22.257072449 0.120535366 36.786140442 19.526433945 -3.432307243 -0.449986368 1.521283865 0.802105248 -3.870901823 -0.084332183 0.004537144 
5.639336109 5.639336109 5.639336109 8.650943756 6.993037224 4.852630138 -3.190291405 0.360588968 -0.979230881 -1.367088914 1.54564476 -2.839429617 -5.284988403 3.567884922 -7.215816498 -2.214670658 -0.846446693 1.760506153 -0.037097763 0.135643855 0.846363187 -2.199714661 5.40319109 -10.07995224 21.747119904 -24.100986481 -47.088813782 13.016121864 -45.310962677 1.855460644 -0.020137096 -0.116110325 0.097474128 0.046132591 -0.068966351 0.038203605 0.034829374 -0.108057611 0.147874013 0.136093691 -0.006037819 -0.105955243 -0.002653968 0.149117082 0.015317698 -0.124772817 0.030854654 -0.01444106 -0.004876904 -0.003652305 0.096483767 0.105815552 -0.034651354 -0.057247866 0.021449028 0.07613302 -0.001213787 -0.013436232 0.094267562 0.078530572 0.056692373 -0.081677318 0.076789528 0.091037914 -0.168527603 -0.040740885 0.029270576 -0.10397163 -0.011409167 0.023446694 0.079210348 0.02262654 0.021782842 -0.022966541 0.086306684 -0.186219469 -0.028979557 0.058871601 2.403508186 -5.558289528 14.944203377 23.17792511 38.108848572 59.220111847 14.12265873 17.421007156 -1.082173467 0.044021487 -0.09647534 -0.04060797 0.046396006 -0.03013669 -0.107972302 0.079704657 0.014218971 0.05154961 0.00508796 -0.090767816 -0.019393001 -0.034128606 0.011517916 -0.114790536 0.144016266 -0.233121216 0.017431483 0.054069862 0.161743611 0.112125985 0.030526934 -0.042580936 -0.031554509 0.016406246 0.107844763 -0.065188542 -0.186746329 -0.072225772 0.055344753 -0.157951027 0.006933003 0.033223212 0.029549643 0.002713416 0.029164758 0.081200436 0.137898907 0.06216526 0.007164785 -0.073549777 -0.035740528 -0.00817926 0.05436353 -0.141338438 0.013493025 0.043702681 0.000143861 -14.325109482 0.127050504 1.417814255 0.69861865 1.616976142 -3.894841909 0.116006322 7.53222847 3.638025284 -1.020181417 0.134942695 0.117362939 -0.636359632 19.915798187 1.142332911 39.255012512 17.522104263 -4.244837761 -1.580450654 1.01778543 0.513739467 -3.819577694 -0.067076832 0.008326255 
5.660936356 5.660936356 5.660936356 7.623608112 7.98916626 3.903336287 -2.453178644 0.439651042 -1.156621099 -1.02227366 1.531743407 -2.436264515 -4.937848091 3.669296265 -5.674437523 -2.796846628 -0.731483102 1.741019845 -0.183874771 0.090365745 0.555361569 -1.669795036 3.429563522 -11.35964489 22.027017593 -22.648509979 -49.189945221 11.206074715 -42.424114227 1.212830305 -0.006163565 -0.093610249 0.077107213 0.023043385 -0.027466604 0.063300163 0.038905967 -0.06917543 0.136191696 0.099372692 0.013350129 -0.08329387 0.019285431 0.121084459 -0.008513784 -0.085881345 0.029658342 0.002329399 0.014042087 -0.010545406 0.067597531 0.110578783 -0.035139926 -0.049497511 0.01610099 0.070071198 0.004255134 0.011204871 0.070349984 0.073932149 0.0593055 -0.055110022 0.068760283 0.075532638 -0.119606182 -0.018611755 0.021931294 -0.089474387 0.016993091 -0.01392422 0.053707648 0.048752312 0.01896839 0.006873413 0.082833044 -0.156276152 -0.00987664 0.047627129 2.40310955 -3.771810293 15.455121994 23.010549545 38.76776886 56.973499298 13.802997589 15.353616714 0.352718055 0.010849926 -0.080645889 -0.029765455 0.006364127 -0.020356638 -0.088159598 0.045298453 0.016603334 0.021531023 0.015393334 -0.087435521 -0.028035508 -0.006846953 -0.012050048 -0.065184258 0.116697401 -0.188405558 0.018584296 0.097638711 0.149454758 0.120995708 -0.007523959 -0.021694727 -0.011054101 -0.01220246 0.130626649 -0.047928397 -0.134545967 -0.057369567 0.020629428 -0.128495619 0.010565112 0.03899942 0.036516968 -0.006540526 0.023980321 0.087144583 0.097310595 0.067169741 0.012628721 -0.044623222 -0.015299402 -0.00857608 0.018765403 -0.104223602 0.017171457 0.037422456 0.002186757 -11.566714287 0.740769625 1.224269748 2.095128536 2.250601292 -3.245857716 -1.779886365 7.535198689 3.453080177 -0.89675945 0.115322553 0.095709197 -0.420247018 16.944904327 1.963610411 39.990558624 14.711623192 -5.350690365 -2.674219847 0.98033303 0.534889698 -3.523382902 -0.052018933 0.013236586 
5.677708626 5.677708626 5.677708626 7.327471256 9.055038452 2.784754753 -1.63904345 0.245743081 -1.261723876 -0.642118037 1.341194868 -1.671524048 -5.028995514 3.870517969 -3.661008358 -3.261054516 -0.526756048 1.492361665 -0.264554203 0.067596816 0.236913353 -0.919473112 1.491441965 -12.672222137 22.063011169 -20.690889359 -51.648208618 9.262343407 -38.607467651 0.579149187 0.007951028 -0.056073725 0.064844176 0.029994402 -0.00378827 0.058698773 0.045063563 -0.029121233 0.107749172 0.051753573 0.020088058 -0.057267029 0.025105434 0.070430949 -0.032028399 -0.051983658 0.015536066 0.005056998 0.024732759 -0.012881042 0.042114343 0.096875273 -0.021317011 -0.022757199 0.017965548 0.056854989 0.012795449 0.012369065 0.058822997 0.057489477 0.044190932 -0.044932429 0.059820931 0.045198694 -0.061531287 -0.007651977 0.02277899 -0.083393052 0.016471786 -0.034307629 0.032391921 0.066351399 -0.002270176 0.017946336 0.063959032 -0.107763559 0.021217562 0.040519174 2.034898996 -2.014029264 15.78305912 23.011434555 38.148365021 54.630432129 13.343072891 14.675387383 1.61869657 -0.031742357 -0.059095204 -0.034837026 -0.01014812 0.003777836 -0.050729662 0.021788619 0.007917143 -0.010924586 0.016560666 -0.071772605 -0.028789552 0.023238312 -0.037301213 -0.022151183 0.080801792 -0.125641167 0.020087529 0.120350599 0.116428897 0.108101405 -0.013459153 0.006870509 0.005449823 -0.034990411 0.130267739 -0.032434583 -0.067912169 -0.036208987 -0.001627088 -0.078349642 -0.008718098 0.056170456 0.045401942 -0.025519684 0.015339655 0.091899835 0.05728199 0.055556037 0.004525089 -0.022591647 -0.014052955 -0.009951307 0.014142147 -0.064071849 -0.006308196 0.037647806 -0.001034355 -9.168448448 1.109888315 1.690600753 3.053975344 2.905119896 -2.356558084 -3.128023148 7.207458973 3.172488451 -0.833323717 0.086325854 0.06318859 -1.049497485 14.522044182 2.945627213 38.865421295 11.920368195 -6.152858257 -3.421319008 0.194744721 0.118995279 -3.224591255 -0.044732075 0.015444851 
5.689980507 5.689980507 5.689980507 7.228147507 10.316691399 1.728708863 -0.935342968 0.417080671 -1.1448493 -0.481815517 1.341455221 -1.189921021 -5.319967747 3.976740599 -2.24293375 -3.3767097 -0.354058683 1.41944015 -0.247909263 0.028165447 0.103819549 -0.101170704 0.105460182 -13.777881622 22.184631348 -19.29826355 -53.087451935 8.300269127 -34.731872559 0.085670643 0.024414808 -0.021570129 0.05964534 0.040906806 0.012051628 0.037682693 0.053212922 -0.000679759 0.065172218 0.008584097 0.021621047 -0.019240765 0.011588241 0.031180378 -0.043019187 -0.025409702 0.015423351 0.002929617 0.04101273 -0.005043917 0.031784702 0.077188842 -0.009612173 0.007171882 0.015244598 0.037625112 0.012268801 -0.008749357 0.036039632 0.071215726 0.041029569 -0.037545972 0.030894263 0.025620135 -0.011104015 -0.01414487 0.03577562 -0.068786934 0.002449254 -0.03689846 0.011072857 0.050309483 -0.02592499 0.01911458 0.039346028 -0.050155517 0.042605329 0.016963761 1.390242577 -0.645867765 15.797449112 22.389993668 36.519237518 52.936336517 12.592875481 15.625247955 2.647688866 -0.042709496 -0.031946812 -0.0377919 -0.006177969 0.014158498 -0.009379216 -0.004931658 0.014268512 -0.037944365 0.012973615 -0.054414362 -0.032781824 0.037340667 -0.029888194 0.007232429 0.048481986 -0.056527194 0.010016019 0.135473445 0.080269188 0.094281413 -0.009520919 0.009788216 0.020916771 -0.021296674 0.110016532 -0.016611276 0.000729095 -0.011646922 -0.015454672 -0.024635324 -0.012985969 0.055642616 0.051467735 -0.044299964 0.014281724 0.096986488 0.023971716 0.049761664 -0.014016642 0.011294316 -0.007851369 -0.005648569 0.013705548 -0.023761988 -0.034119532 0.036159698 0.014423284 -7.33369112 1.465741277 2.09130764 3.486855268 3.452587128 -1.451467991 -3.221864223 6.461878777 2.950273514 -0.794442177 0.056935418 0.039316975 -2.072176456 12.689207077 3.285122395 34.731800079 9.731864929 -6.217123985 -3.682903767 -0.923088968 -0.60562402 -2.770478964 -0.034762327 0.017612269 
5.698941708 5.698941708 5.698941708 7.212707996 11.196388245 1.029384494 -0.591255784 0.629106462 -0.931251168 -0.516508758 1.78324914 -1.069646001 -5.980871677 4.155061245 -1.489564896 -3.816552639 -0.34198001 1.683440924 -0.232588068 -0.004134175 0.209801853 0.306514233 -1.006822348 -14.260681152 23.003389359 -18.227743149 -53.916786194 8.418560028 -32.795963287 -0.018829431 0.025331877 -0.005536549 0.067792036 0.063669719 0.012220973 0.0002999 0.034211524 -0.014711579 0.028826043 -0.020063 0.016169503 0.025158988 0.015576847 0.049190719 -0.035828754 0.014063965 0.019992927 -0.004133885 0.065928139 0.005983507 0.01166278 0.066956483 0.006447895 -0.003593266 0.004467879 0.028278204 0.010086992 -0.027616121 0.013755896 0.09303125 0.060990002 -0.012908454 0.000613903 0.02790606 0.014797745 -0.018612122 0.051736072 -0.061568394 -0.011142502 -0.040658016 0.006508585 0.043409586 -0.040268071 0.023247434 0.026417671 0.004598796 0.03499262 0.024789674 1.10362649 0.25032714 15.912493706 19.86164856 33.118171692 52.655124664 10.376311302 15.714075089 3.684868336 0.014978209 -0.008062284 -0.068941303 -0.001983152 -0.008977431 -0.013079125 -0.032864068 0.019817455 -0.038901731 0.009253505 -0.06851685 -0.045030434 0.058347873 -0.0148853 0.044611122 0.062090877 -0.041371323 -0.038515329 0.143522099 0.049175423 0.061368071 -0.009617018 0.018790895 0.022978354 0.01544468 0.103574589 -0.024439668 0.054431003 -0.02103572 -0.030430228 -0.015757911 -0.031886712 0.014590688 0.046239924 -0.043344159 0.026958838 0.073374487 0.019065278 0.053126048 0.011921495 0.037570085 0.016987916 -0.009248344 0.019709939 0.008887056 -0.037510969 0.027768707 0.037003759 -6.544043064 1.953361988 2.003344536 4.426301003 3.842618465 -0.361755639 -3.101254225 5.403314114 2.586067438 -0.829313457 0.033880435 0.001593431 -3.294383764 10.714017868 2.552136183 28.261194229 8.265751839 -5.38556242 -4.567494392 -1.873342037 -1.235566258 -2.127899408 -0.009934962 0.045856103 
5.704521179 5.704521179 5.704521179 7.141713142 11.783568382 0.367965639 -0.650086343 0.795172334 -0.171258017 -0.728895545 1.630645394 -0.662520111 -6.544106483 4.167020798 -1.175739408 -4.05176115 -0.339990735 1.674283743 -0.002821689 -0.005173966 0.316218197 0.381307334 -1.335806251 -13.748130798 23.734609604 -17.864442825 -55.466251373 9.305307388 -31.457723618 -0.09149497 -0.033398077 0.008075026 0.07349854 0.046249501 0.045272034 -0.044575568 0.023517264 -0.030871451 0.02302642 -0.024736729 0.020654008 0.029507538 0.009990281 0.058402907 0.000645164 0.013366706 0.000390365 -0.002335984 0.059398554 0.022641469 0.011547984 0.044673938 0.013990384 -0.030183511 -0.000943669 0.021709366 0.006172019 -0.033293713 0.02391799 0.073760107 0.030982645 0.045184564 -0.027515393 0.038382147 0.005097916 -0.032179184 0.069992147 -0.0520509 -0.011218042 -0.04972735 0.041453924 0.038882617 -0.026959812 -0.033998832 0.028518375 0.006469204 0.010531235 -0.007124265 0.660838604 0.801540554 15.62244606 17.430038452 29.855825424 53.108039856 7.215411186 16.121734619 3.752898693 0.00143733 -0.028081059 -0.058790173 0.017459711 -0.043807521 0.007769943 -0.052055143 0.040612154 -0.022008302 0.011685451 -0.062018879 -0.037408505 0.048823349 -0.018314648 0.036371823 0.053255685 -0.016223373 -0.026693642 0.133323073 0.036318667 0.042216633 -0.025637481 0.005937761 0.01346152 0.039932501 0.076581515 -0.017453032 0.057621829 -0.041411947 0.001142785 -0.020206232 -0.019004861 -0.047414538 0.061233621 -0.058254316 0.029736679 0.034152951 0.06417504 0.020132758 0.024098733 0.036669564 0.048154593 -0.007786563 0.00930829 0.02127417 -0.066447742 -0.010880605 0.053092349 -5.955880642 1.438236952 1.919719696 5.444060802 3.611387014 0.493322372 -3.241495848 4.481433868 2.042284966 -0.593027949 0.02314016 -0.008958635 -3.570714712 7.573570728 0.861514568 17.523611069 5.948913097 -3.371401072 -3.144090176 -2.255422831 -1.318296552 -1.235504508 -0.031427268 0.032080263 
5.700228691 5.700228691 5.700228691 6.551509857 10.507074356 -0.080086105 0.775530517 0.674139202 0.435688823 -1.102614403 1.386974931 -0.109866768 -5.621189594 4.018720627 -0.151984975 -3.878150702 -0.031907544 0.975803196 -0.028873788 -0.020773565 0.349456668 0.460860938 -2.051040411 -13.634145737 22.997442245 -17.52878952 -58.036663055 7.833451748 -26.419866562 -0.446574181 -0.025470961 -0.01145768 0.062953688 0.027854333 0.037032425 -0.058872696 0.01044197 -0.034714345 0.034332111 0.009585843 0.025806209 0.022120265 -0.025493916 0.07482294 0.00716679 -0.012355679 -0.01325973 -0.021517325 0.052102316 0.023968333 0.019780174 0.018263204 -0.016774859 -0.020061925 0.002188788 0.012008087 0.004764875 -0.006628364 0.019725494 0.048761785 0.002353675 0.028614707 -0.028886028 0.047449574 0.004566579 -0.0049013 0.05532806 -0.010936857 0.010902161 -0.007681588 0.0376864 0.028382514 -0.005291682 -0.024685105 0.002573189 -0.009375747 0.016783241 0.001019971 0.512412012 1.593671679 15.508790016 12.608736038 25.361553192 53.415122986 3.306009769 19.513864517 3.557500601 -0.022037515 -0.062576316 -0.035656929 -0.002308577 -0.034617946 -0.000764755 -0.036777601 0.0135164 0.020804809 -0.011291465 0.031907301 -0.047403123 0.01956863 -0.034877349 0.005007626 0.032321397 -0.015915157 -0.010349376 0.123908401 0.016283369 -0.000839292 -0.03597302 -0.019183509 -0.015074779 0.010740141 0.030227304 -0.002198406 0.010499514 -0.02782828 0.020697927 0.009113054 -0.00698037 -0.038716942 0.061701063 -0.042671245 0.037292887 0.016305534 0.049178425 -0.002142262 -0.010911196 0.04755963 0.031949919 -0.00169649 0.022823397 0.021860771 -0.026562108 -0.029052863 0.057018854 -4.123955727 0.540646255 2.731731176 6.230095863 2.245930672 1.132121801 -3.996451378 3.142666817 1.506648302 -0.342946231 0.040594034 -0.008254018 -4.688391685 2.772958755 0.427735388 9.624655724 2.359802961 -2.072216988 -2.090217113 -1.715576649 -0.855445027 -0.694544017 -0.042465087 -0.004803038 
5.678035259 5.678035259 5.678035259 6.525659084 9.194935799 -0.756384552 1.180233598 1.031323791 0.569036365 -1.442284584 1.833725214 -0.020189196 -4.700475216 3.875658512 1.098763704 -4.06099081 0.288503945 -0.283849299 -0.045972481 -0.063869648 0.647010803 0.484460145 -1.49335897 -13.498449326 23.734512329 -21.648954391 -59.026473999 8.415548325 -22.106992722 -1.700798035 0.042299043 -0.011226661 0.036976986 -0.005283364 -0.037938293 -0.051411003 0.000620122 -0.031618129 0.021552103 -0.018695571 0.035080057 0.046834964 -0.050883476 0.072177649 -7.626e-05 -0.016074205 -0.004344458 -0.041120809 0.029585829 0.032856703 0.0448265 0.021485915 0.012630503 -0.015456041 -0.014436021 -0.009895097 -0.042387031 -0.001503815 0.023967918 0.000447449 0.004433117 -0.031937942 0.023715666 0.051123165 -0.023346268 0.011215805 0.009870549 -0.008315898 0.041401494 0.016827311 0.035453651 0.021805108 0.039082944 -0.009877909 -0.00502418 -0.029649029 -0.01810924 0.022237405 -0.049083628 1.6404773 14.724851608 9.914240837 22.876779556 53.839889526 1.490570307 23.185100555 3.121344805 -0.048665397 -0.045380548 0.010768383 -0.001815074 -0.047333758 0.010475877 -0.029891869 0.011842113 0.03474028 0.03753208 0.073575616 -0.012942122 0.021314936 -0.020924782 0.003464851 0.013230323 0.000928398 0.00170814 0.07222186 -0.031451344 -0.016200166 -0.030248711 0.013002921 -0.037200034 -0.008522894 -0.014611546 -0.003833405 -0.009364923 -0.005749109 0.04394735 0.046993561 -0.026136687 0.000436972 0.063976198 0.001628295 -0.004462847 0.017579859 0.035324287 0.007461788 -0.05175443 0.016128749 -0.019671479 0.030116241 0.048178952 0.010886043 -0.007194867 -0.039980166 0.043837193 -4.636767387 -3.878650188 3.679243326 11.817112923 -2.836523533 1.60916698 -6.725183487 2.619377851 1.486047983 -0.496357203 0.060862515 -0.033200871 -10.050265312 -1.874321699 0.997406662 8.636307716 -0.648136854 -1.584692955 -0.758817673 -1.504000902 -0.680421054 -0.764234602 -0.043308791 -0.010142499 
5.637872696 5.637872696 5.637872696 7.544449329 7.917459965 -3.081632376 -0.070914857 1.285152674 0.637547195 -1.084571958 1.729641557 0.757266641 -3.062984943 3.603398561 3.376544476 -3.229199171 0.546055496 -1.564301848 -0.229560733 -0.058496501 1.027884841 0.44819361 -0.321779102 -14.125209808 24.381362915 -24.323690414 -59.283714294 9.25797081 -19.301006317 -1.740459681 0.048748985 0.002168006 0.068950906 -0.010252999 -0.077289313 -0.04325626 -0.009823044 -0.019301549 0.02851152 -0.027958695 0.017749125 0.027777949 -0.010726936 0.052564833 0.007969932 -0.021171195 0.018148189 -0.030673062 0.017034417 -0.010473378 0.067113005 0.068651043 0.01478181 0.016740812 -0.032222543 0.021340186 -0.072381936 -0.00913187 0.017590526 0.020963129 0.050015103 -0.056327976 0.068134181 0.065699279 -0.008028066 0.010600061 0.001057781 -0.012383265 0.019169159 -0.026711682 0.052133366 0.008336449 0.045539588 -0.033499621 0.012081928 -0.041470736 -0.014448775 0.046629425 -0.874880075 0.262411475 13.497659683 8.478524208 23.299980164 53.397281647 1.084978104 26.19042778 1.702938795 -0.034686018 -0.018475199 0.030540774 0.029754449 -0.041236605 0.029339802 -0.057903938 0.045221452 0.027825398 0.051225614 0.031021278 0.017340999 -0.003515502 0.003357561 0.009116468 0.056914091 -0.0160727 0.01641286 0.037425522 -0.021722745 0.034187157 -0.03484365 0.049149774 0.010700363 0.006176672 0.007802295 0.004513027 0.000754381 0.000501691 0.012720394 0.005740307 -0.035519026 0.023560563 0.032933518 -0.030925242 -0.003362361 0.046971437 0.05171052 -0.010128754 -0.030471709 0.023427837 -0.028685125 0.028460192 0.0762733 -0.014038347 0.000880948 0.016775172 0.026973128 -7.012946129 -7.336949348 6.239454746 19.099645615 -6.497356892 1.778226137 -9.147359848 1.065819144 1.054929614 -0.53260684 0.07719703 0.013099057 -16.291654587 -2.707110882 2.162548065 9.168113708 -0.445342183 -1.489506721 -0.393827319 -1.302721739 -0.542099714 -0.661184192 -0.089059941 -0.046481535 
5.589501858 5.589501858 5.589501858 8.541880608 7.324793816 -5.413871288 -0.369831473 0.683354497 1.093456149 -0.807068765 1.229017854 1.703521967 -2.295696735 3.665675163 6.487092018 -2.082185268 0.646765411 -2.505079985 -0.356059998 -0.075898379 1.257387161 0.677475214 1.114381909 -14.919064522 24.165712357 -26.609121323 -60.708305359 10.002953529 -16.719726562 -1.233520508 0.060333084 0.011816753 0.057234731 -0.024214044 -0.060291268 -0.03671024 -0.019432243 -0.034157302 0.028677903 -0.045380764 0.011988432 0.025052872 0.027176537 0.062961452 0.016611902 -0.008185401 0.0431173 -0.012181434 0.018762317 -0.030383557 0.0860992 0.068515718 0.020734316 0.023247974 -0.044035945 0.021583712 -0.053628929 -0.003265259 -0.003745505 0.054552283 0.052461505 -0.034540396 0.063877642 0.028567106 -0.001143591 0.019889949 -0.010191672 0.006873748 0.001446289 -0.042621642 0.084156148 -0.015658982 0.0392606 -0.044427644 0.011368263 -0.012557523 0.005700323 0.06716349 -1.508516073 -1.448933601 12.045891762 6.18528223 23.771783829 53.043952942 0.249220341 28.698543549 -0.256533742 -0.024508663 -0.002017249 0.005721842 0.046846259 -0.045710508 0.031169759 -0.079252191 0.048768692 0.028123772 0.039456889 -0.001371201 0.041032054 -0.037442293 0.023252444 0.032986831 0.076006159 -0.009416433 0.000486302 -0.007043065 -0.007509229 0.052113287 -0.01873464 0.052384101 0.032512672 0.033729136 0.01720785 0.00898065 0.035103429 -0.003424851 -0.013492079 -0.02567016 -0.038868867 -0.007350927 0.007084426 -0.038322028 0.001528575 0.03785013 0.042456437 -0.022344712 -0.006306538 0.035784256 -0.019406652 0.030542031 0.080759034 -0.031546038 0.007148219 0.043072511 0.034149926 -6.968766689 -9.923397064 8.162331581 22.085208893 -9.893779755 1.929487467 -10.236525536 -0.696102798 0.304150105 -0.759885371 0.069304004 0.027753653 -20.935487747 -2.988628626 3.028697491 6.834818363 0.001825121 -1.049791574 0.540584207 -0.923869312 -0.153715402 -0.548015416 -0.092836447 -0.063124657 
5.528941154 5.528941154 5.528941154 9.310852051 7.017760277 -6.893444538 -0.194615901 0.048625179 1.486777186 -0.711445153 0.455536604 2.405690908 -2.15102458 3.33306241 8.086831093 -0.671202183 0.531206548 -2.537728786 -0.380652428 -0.090003356 1.378671169 0.919199586 2.355733395 -15.180423737 24.141687393 -27.157314301 -62.176319122 10.992891312 -14.170848846 -0.634860516 0.031377088 0.018770292 0.034074578 -0.058616996 -0.024018915 -0.038715117 -0.007725348 -0.045815311 0.016924614 -0.018778833 0.000775042 0.032616086 0.045285698 0.066621132 0.030874193 0.013408802 0.058912091 -0.010040751 0.022776453 -0.029418072 0.095758259 0.061456688 0.007958367 0.000703466 -0.046757024 0.020242104 -0.045086738 -0.002134227 -0.026097216 0.071857244 0.02103126 -0.02257403 0.033253636 0.022768252 0.020397302 0.040215638 -0.019548956 0.027672961 0.01541544 -0.019567203 0.098300532 -0.04054838 0.01503911 -0.049098704 -0.012983348 -0.003357552 0.026606493 0.057530109 -2.082154036 -3.167667627 11.645119667 3.61934638 23.859455109 54.04788208 -1.727030158 31.035352707 -2.004334927 -0.02304328 0.005495092 -0.017171988 0.04560174 -0.044305395 0.014048601 -0.080073364 0.054051246 0.028550811 0.033357333 0.002139721 0.079393961 -0.05344604 0.030080581 0.050412156 0.072468445 -0.0012097 0.000654709 -0.020049876 0.000409685 0.043723185 -0.006258479 0.034868713 0.050367333 0.042066719 0.025311064 0.017007282 0.051319186 -0.002372615 -0.018222855 -0.01971486 -0.008522123 -0.030751357 0.022844037 -0.025825987 -0.011309965 0.037163742 0.030940011 -0.01996976 -0.00072963 0.063158743 -0.014650596 0.0534348 0.07851205 -0.029207416 0.011373327 0.054984238 0.044208884 -5.820364475 -12.290751457 9.387460709 22.976974487 -13.144777298 1.72192049 -10.570525169 -1.785717607 -0.134542346 -1.218284369 0.065857425 0.021900833 -24.161113739 -3.174942732 3.002058744 3.742846489 0.664155304 -0.18671909 2.009955168 -0.293242693 0.211536735 -0.389592916 -0.091298684 -0.062172525 
5.456583023 5.456583023 5.456583023 9.640566826 6.384094238 -7.361689091 -0.036093794 -0.637955844 1.630916595 -0.419621021 -0.141671985 2.795557499 -2.375284433 3.181765318 9.000679016 0.406934232 0.373235166 -2.309654951 -0.421583772 -0.11907851 1.404918075 1.204746485 3.428257704 -15.534435272 24.481660843 -26.298118591 -63.662685394 11.533084869 -11.825064659 0.07257504 -0.003621088 0.035084985 -0.016425001 -0.105094381 -0.003073297 -0.02408349 0.007467421 -0.05360372 -0.003529697 -0.014018058 0.016328419 0.036301535 0.040407088 0.07257434 0.040946666 0.022111412 0.065455258 -0.000380687 0.044835895 -0.02517716 0.097725131 0.043437794 -0.002002832 -0.038465887 -0.033403326 0.011853057 -0.030178959 0.002985929 -0.032112036 0.090598062 -0.03314016 -0.003779141 -0.00113645 0.014912995 0.040828556 0.041600879 -0.016405435 0.039537873 0.000664554 0.007359838 0.078037731 -0.05795541 -0.022418944 -0.058892485 -0.030993858 0.012227527 0.041172009 0.049777787 -2.477688074 -4.784164906 12.406374931 1.808019996 23.644281387 55.546283722 -3.481153965 33.796985626 -2.984705925 0.022918884 0.013575644 -0.019672573 0.024775205 -0.040974118 -0.015144892 -0.061054908 0.060971044 0.008342975 0.045886267 0.008629411 0.111735016 -0.050287291 0.046918496 0.032407153 0.083893724 -0.0180037 -0.013057354 0.00251251 -0.004740052 0.012059846 -0.008186743 0.00240017 0.039124198 0.039808229 0.044555556 0.006234624 0.052910153 -0.010705619 -0.0069982 -0.012426876 0.019384259 -0.051957022 0.033816665 0.009969841 -0.045422863 0.051587164 0.022150662 0.000334248 -0.015773693 0.078259625 -0.00991195 0.060959805 0.073665909 -0.009684643 0.023140414 0.045427721 0.080988415 -3.692300797 -14.027898788 9.699598312 22.558992386 -15.424524307 1.590590835 -10.600586891 -2.330372095 -0.474153489 -1.62470901 0.086221807 -0.005405981 -26.917881012 -3.486374617 2.659469843 2.463876009 0.921094 0.813729942 2.983212471 0.339638591 0.618682623 -0.340702683 -0.097155392 -0.039679352 
5.404621601 5.404621601 5.404621601 9.139473915 6.22525692 -7.539169788 -0.283194035 -1.258165956 1.804633737 -0.102982193 -0.544517756 2.921598911 -2.682872772 2.857877731 9.245716095 0.900678396 0.279258311 -2.147276878 -0.524864554 -0.134793714 1.391018391 1.524703741 4.503767014 -15.868462563 24.368484497 -24.651927948 -64.916740417 11.221806526 -9.960585594 0.739748836 -0.034468975 0.036519777 -0.040513281 -0.122641794 -0.006196305 -0.001857637 0.021630848 -0.060893103 -0.004698523 -0.012582844 0.03568897 0.027555924 0.041382395 0.082479395 0.040343687 0.013018521 0.074309506 0.003506301 0.073901698 -0.01814379 0.099177375 0.042752422 -0.003227796 -0.06810154 -0.025692329 0.016177367 -0.008885314 0.000105479 -0.030938666 0.112405717 -0.053898543 0.013736714 -0.025818169 0.011122732 0.054200124 0.012651127 -0.006852964 0.049416535 -0.020346625 0.033105157 0.054671485 -0.058461018 -0.054532558 -0.056977324 -0.033031385 0.037503451 0.061857868 0.050293613 -2.67488122 -6.246803284 13.570302963 1.579432726 23.817646027 57.159755707 -3.314665556 35.272102356 -3.975447178 0.065306805 0.0115568 -0.011502735 0.023174334 -0.03561173 -0.050435908 -0.057827525 0.069337897 -0.016153028 0.053546622 -0.016876508 0.107909098 -0.040958483 0.052797224 0.0115988 0.099121235 -0.041984715 -0.02449975 0.016802745 0.019523153 0.00187246 -0.013710658 -0.017448129 0.020255223 0.032283738 0.06832701 -0.010431611 0.054449998 -0.033132184 -0.002822742 -0.020323059 0.032615047 -0.055062111 0.04491692 0.041115008 -0.069635317 0.072913311 0.036788583 0.013486236 -0.023123682 0.082455315 0.002847935 0.055250172 0.085945651 -0.003571022 0.042033713 0.031991277 0.102827996 -2.065821648 -14.679273605 9.552967072 24.961557388 -16.181930542 1.172493577 -11.183589935 -2.994667292 -0.880700946 -1.963993192 0.09644004 -0.025509339 -28.378036499 -3.72962451 2.515742302 2.549502134 0.907248616 1.816002131 2.643924952 0.683152318 0.895395577 -0.418593168 -0.072488382 -0.014831104 
5.387094498 5.387094498 5.387094498 8.040304184 6.502045155 -7.950608253 -0.050813079 -1.75027442 1.904798269 0.069376931 -0.763625622 3.17622304 -2.790402412 2.322182655 9.115849495 1.32608068 0.309927642 -2.257300138 -0.721614301 -0.140588552 1.32514441 1.861579776 5.46262455 -16.034973145 23.896230698 -23.689836502 -65.200073242 10.669730186 -8.495131493 1.270364881 -0.031557318 0.023968527 -0.043754395 -0.109697372 -0.009726213 0.005867243 0.024709884 -0.061211769 0.002502684 -0.007977517 0.059319701 0.008094339 0.04906236 0.082130156 0.028146943 0.000184002 0.080394439 -0.000319764 0.083886586 -0.02439191 0.09270326 0.048377234 0.009261871 -0.084157825 -0.036426343 0.025334554 0.009824025 -0.007039183 -0.016412325 0.112002164 -0.057824954 0.029598895 -0.046323773 0.007898836 0.051072393 -0.022110233 -0.002843152 0.043811005 -0.027355768 0.058124732 0.029775439 -0.053577267 -0.069867849 -0.043605089 -0.019046608 0.058884382 0.076942891 0.049336761 -2.766763449 -7.354238033 14.265490532 3.370479584 24.265987396 57.86120224 -1.344388127 36.311695099 -4.455339909 0.09278582 0.013549245 0.008491671 0.018632855 -0.02211873 -0.07372608 -0.063190319 0.064837471 -0.032990471 0.053730041 -0.033105351 0.084711999 -0.02001607 0.041792624 -0.00914989 0.094670333 -0.068647645 -0.036845759 0.012715996 0.060480092 -0.00429876 -0.021427728 -0.02498753 -0.001224494 0.030245315 0.073677637 -0.016686626 0.04491163 -0.059138801 -0.000375274 -0.02556763 0.038688015 -0.043480948 0.048653305 0.041592758 -0.085353084 0.082625397 0.058547989 0.026996832 -0.017482692 0.077555142 0.003333269 0.038521308 0.069832847 -0.013151438 0.049770333 0.013726247 0.098283745 -1.146044731 -15.00146389 9.084335327 30.238365173 -16.216117859 1.289386272 -11.467702866 -3.692948103 -1.333998799 -1.992082357 0.091957405 -0.029302886 -28.030769348 -3.667477846 2.814655781 3.099404097 0.914244711 2.244595766 1.836506367 0.406107992 0.794784963 -0.562052727 -0.034161769 0.010765908 
5.393666267 5.393666267 5.393666267 6.856050014 6.962355137 -8.393751144 0.409730703 -1.952498794 1.785312057 -0.134303913 -0.808949351 3.173587799 -2.648042679 1.732447505 8.508234978 1.941409111 0.249872595 -2.239763975 -0.866375089 -0.115403667 1.268228531 2.393136978 6.255088806 -15.775776863 23.534521103 -23.688232422 -64.558708191 10.546513557 -7.34471941 1.624216676 -0.049056493 0.012309792 -0.034092225 -0.087198161 0.01060936 0.011052979 0.039581653 -0.078020498 0.033559911 0.011569215 0.062757 -0.027056927 0.034138095 0.081551693 0.017096862 -0.021312522 0.097643353 0.002787248 0.076010235 -0.040194456 0.078596696 0.044748884 0.002527376 -0.094147503 -0.057937954 0.018590942 0.029471276 -0.026852446 0.014468245 0.112814158 -0.079560064 0.044067726 -0.056632422 0.028894631 0.044334009 -0.050836947 -0.007334889 0.030570203 -0.001073637 0.073965423 0.036740351 -0.039475214 -0.046024375 -0.039949156 0.002984712 0.061668519 0.108951725 0.017998649 -2.710856915 -7.945126057 14.168626785 6.738224506 25.168579102 57.869743347 2.223181963 37.369617462 -4.819573879 0.098422594 -0.008459953 0.04016519 0.039106593 -0.025229104 -0.087300144 -0.048229825 0.046954192 -0.030372988 0.069045708 -0.023393771 0.044316106 -0.001830003 0.013120932 -0.044519871 0.082433917 -0.080014609 -0.03629902 0.002267867 0.103266157 -0.004393592 -0.015089488 -0.030098753 -0.025986003 0.021719845 0.05093772 -0.011106235 0.020199122 -0.101445369 0.014863681 -0.026035286 0.0689307 -0.019266637 0.044616748 0.049154319 -0.070070483 0.073826358 0.092077792 0.029967448 0.017133379 0.071960129 -0.006324077 0.03461688 0.034598906 -0.027679151 0.052472193 0.018953182 0.070266925 -0.976486623 -14.954555511 8.378170013 38.105365753 -15.653581619 1.788868904 -11.754354477 -4.234502792 -1.485994101 -1.781310558 0.089363731 -0.01923869 -26.166225433 -3.093251944 3.467863083 3.753229141 1.262402415 2.149371862 1.173256874 -0.394556731 0.438799083 -0.587332964 -0.000882627 0.025865173 
5.426556587 5.426556587 5.426556587 6.244072437 7.666714191 -8.774388313 0.884910703 -1.846052408 1.404485464 -0.622041583 -0.492993355 3.029978752 -2.394484043 1.473445535 7.526896 2.181593657 0.063379861 -2.039862156 -0.918973386 -0.087140389 1.285747647 2.754179001 6.207167625 -15.415944099 23.116119385 -24.14538765 -63.135223389 10.365653992 -6.374294758 1.600384235 -0.060809221 0.005817957 -0.014081704 -0.085638799 0.039443344 0.021160726 0.064309023 -0.085179262 0.075902909 0.032730266 0.074515805 -0.071378432 -0.010142592 0.076898195 -0.003114529 -0.049327109 0.129376799 0.016196677 0.074163668 -0.054332182 0.051296707 0.043787394 -0.004633287 -0.105115399 -0.072858021 0.017332152 0.040529057 -0.034327004 0.049227737 0.129638612 -0.088109165 0.052469991 -0.061432637 0.037263386 0.045092184 -0.068344861 -0.021288389 0.000983278 0.016630895 0.072364554 0.036233608 -0.024104837 -0.013132715 -0.038288739 0.043128245 0.050890159 0.145951495 -0.019374423 -2.560943604 -7.649412632 13.475647926 10.807048798 25.784891129 57.137401581 6.196858883 38.01726532 -4.73803091 0.090751506 -0.023865331 0.09099301 0.071727403 -0.047102597 -0.086931556 -0.053494301 0.018805988 -0.03963092 0.090369783 -0.004424231 0.015140972 0.033671319 -0.020699544 -0.072725751 0.092838198 -0.09339112 -0.029727718 0.004409065 0.139952838 0.007570185 0.012971971 -0.028011641 -0.0539026 -0.019633483 0.034230422 -0.011983258 -0.005321837 -0.155711174 -0.0033893 -0.017799743 0.10650675 -0.001874454 0.037933111 0.043958299 -0.058237109 0.071566939 0.127860472 0.013369704 0.052722491 0.06029246 -0.008485047 0.032514799 0.020425512 -0.043635607 0.069578931 0.052015997 0.027122423 -2.716006517 -14.48114872 6.801434517 48.112487793 -14.768166542 2.708970547 -11.796780586 -4.877391815 -1.609880209 -1.648143768 0.091955021 -0.003938628 -23.914340973 -2.187942266 3.963351011 4.679869175 1.630063772 1.579179764 0.365180075 -1.734384179 -0.051514845 -0.555083394 0.032628857 0.045246877 
5.487115383 5.487115383 5.487115383 6.4234519 8.238570213 -8.999221802 1.054423213 -1.574437857 1.508664608 -0.81736815 0.014730067 2.752492428 -1.957924604 1.393727064 6.342545986 0.826933503 -0.079957321 -1.428207159 -0.802111506 -0.057751011 1.360044241 2.768588543 5.834218502 -15.392661095 21.862369537 -24.112625122 -62.525588989 9.390113831 -5.204990387 1.180389524 -0.070190661 0.008043915 0.029565888 -0.074163124 0.056942835 0.065804362 0.085209496 -0.071158521 0.078602351 0.037052106 0.078239031 -0.081211381 -0.033379678 0.065005302 -0.019466482 -0.043236353 0.148380592 0.045135163 0.090150662 -0.048784133 0.043563742 0.057623293 -0.014472791 -0.111239813 -0.089174546 0.003358237 0.032513283 -0.021281246 0.098551951 0.140183717 -0.043087173 0.047552183 -0.019524012 0.059666291 0.057103269 -0.068204544 -0.008864239 -0.023556145 0.010794697 0.074799389 0.030449474 0.024727117 0.028001588 -0.040077019 0.102510475 0.044785097 0.143585324 -0.077717379 -2.397956848 -6.898673534 12.664161682 13.098390579 24.774868011 56.90719223 7.32678175 36.95677948 -3.883974791 0.089554466 -0.051666886 0.177202448 0.100433439 -0.073915951 -0.100807972 -0.062446065 0.004098708 -0.049393661 0.123144373 0.02500473 0.008694854 0.047806107 -0.017615369 -0.080712758 0.106057204 -0.092446215 -0.031369936 0.037787482 0.158917651 0.064371444 0.024566747 -0.015744619 -0.071601398 -0.054297339 0.012261352 -0.01622325 -0.042220045 -0.177843556 -0.009907373 -0.044497237 0.099894769 0.006390645 0.040894803 0.031658582 -0.045284335 0.074504532 0.160045281 -0.017039249 0.083056487 0.043851186 -0.014648466 -0.001019398 0.012537114 -0.017558748 0.070189193 0.089421339 0.016956683 -5.123198509 -13.765111923 3.754346609 55.348293304 -13.899523735 3.748492002 -11.361649513 -5.525634766 -1.624498963 -1.595561385 0.088803999 -0.010152249 -20.877630234 -1.30327487 3.487059832 4.340952873 1.776046276 1.085985065 -1.008893967 -2.769145012 -0.519244671 -0.337933272 0.05250274 0.068197623 
5.550370216 5.550370216 5.550370216 6.465431213 8.282706261 -8.248701096 0.382628977 -1.234734654 1.618032217 -0.628396988 0.440626442 2.393763542 -1.42865622 1.436196208 4.852350712 -1.311125398 -0.084847517 -0.805363715 -0.666669548 -0.006584354 1.277287602 2.615042686 5.536179543 -15.649039268 20.894052505 -23.721401215 -62.168533325 8.641198158 -4.114253998 0.772813737 -0.093554668 0.014070651 0.065603137 -0.049965866 0.055450305 0.074184127 0.092928603 -0.082816668 0.054640099 0.043526888 0.068629928 -0.07284908 -0.036367077 0.054997884 -0.045002807 -0.02780349 0.150919959 0.057163522 0.10277798 -0.034984 0.041432239 0.09010388 -0.025749618 -0.116084859 -0.097438022 -0.004877551 0.008940732 0.001991459 0.129826322 0.119664371 -0.00824763 0.025886854 0.004350491 0.068193324 0.062782206 -0.054486897 -0.007804464 -0.046503596 0.016146468 0.089174643 0.052582167 0.08170148 0.067267902 -0.046561468 0.139096037 0.036968574 0.148172349 -0.11060819 -2.134319782 -6.169668674 12.426768303 14.55275631 23.197509766 57.79259491 7.310115814 34.78918457 -3.224551201 0.101886608 -0.085371099 0.253253579 0.119940922 -0.104566209 -0.11974217 -0.084394984 -0.013504695 -0.070345342 0.139635861 0.047193956 0.004721889 0.062159944 -0.025185939 -0.055557318 0.114513181 -0.06858743 -0.037324868 0.070650838 0.158242151 0.099562906 0.023016818 -0.004332975 -0.075336114 -0.08159183 -0.015365968 0.004048879 -0.032971852 -0.19131723 0.00424917 -0.035966691 0.096737355 0.000725649 0.052441787 0.00287335 -0.018526353 0.056808699 0.169394523 -0.029907888 0.08598274 0.028505931 -0.022447463 -0.027421396 -0.014794767 0.01040399 0.058242492 0.117152832 0.023637062 -7.201048851 -12.431394577 -0.041129556 60.888645172 -12.511798859 4.558335781 -11.027852058 -6.068314552 -1.865049958 -1.703943491 0.063379548 -0.023438238 -18.109109879 0.179312497 2.22741127 4.924152374 2.373140574 0.673605382 -2.368483543 -3.569198608 -0.999507248 -0.261407524 0.060918499 0.075610436 
5.602202892 5.602202892 5.602202892 6.8491745 7.692152977 -7.237593651 -0.896344602 -1.053986788 1.610859394 -0.658287168 0.579557002 2.359963179 -1.801876545 1.542869687 3.694170237 -3.459429502 -0.006154605 -0.32414788 -0.538547933 0.027739773 1.143780231 2.755452871 5.222088337 -15.81548214 20.238948822 -23.256937027 -62.405132294 8.592796326 -3.475783587 0.389843494 -0.124568127 0.005712125 0.091161832 -0.03025431 0.056769725 0.054238394 0.086325467 -0.101812281 0.034896325 0.065329991 0.053277113 -0.067342795 -0.028577052 0.034643944 -0.072393179 -0.024858223 0.129468232 0.063912392 0.098538056 -0.008691382 0.035249941 0.102043115 -0.023510544 -0.110338397 -0.09295886 3.4629e-05 -0.017790301 0.010145792 0.130693004 0.093326509 0.016773144 0.015741145 0.038396902 0.090608336 0.057204269 -0.015149308 0.014927584 -0.072332881 0.022363268 0.108484812 0.065063111 0.104096383 0.079826497 -0.026397765 0.164861783 0.017793478 0.140638858 -0.117762588 -1.769335389 -5.26607275 12.358387947 15.515171051 21.514368057 58.927204132 6.864017487 31.860616684 -2.396455288 0.111287624 -0.100087471 0.255387813 0.112706646 -0.111678965 -0.119190231 -0.095226079 -0.021003878 -0.087988496 0.126395702 0.039446622 -0.004112589 0.074558526 -0.049722161 -0.032986321 0.091843911 -0.047785059 -0.04257568 0.106429353 0.144285992 0.092379354 0.02521134 0.002515659 -0.065935276 -0.088670604 -0.0253051 0.016712615 -0.003594849 -0.175009325 0.02702312 -0.012426229 0.090571366 0.010871029 0.049973816 -0.016134042 0.010541868 0.032883059 0.147656828 -0.016833371 0.06330277 0.030305799 -0.041957412 -0.051963523 -0.054769401 0.032187752 0.054470129 0.119702429 0.036023799 -8.896950722 -10.979372978 -3.462980032 63.63571167 -11.321928978 5.163333416 -10.359268188 -6.382885933 -2.07724762 -1.920394778 0.032998577 -0.033978265 -16.141426086 1.411345601 1.114558935 5.499648571 2.904640913 0.461598814 -3.670777321 -4.038043499 -1.382196307 -0.325259507 0.037986979 0.082749523 
5.640204906 5.640204906 5.640204906 7.720057964 6.881475449 -6.684010983 -2.300281525 -1.075186253 1.500939965 -1.000368118 0.445928037 2.761723042 -2.712544203 1.348598719 3.433935165 -4.973972321 0.119737193 -0.102284312 -0.429024965 0.057938442 1.009471178 3.132702112 4.92132616 -16.137300491 19.434583664 -22.629749298 -63.252403259 8.68185997 -3.230727434 0.212244153 -0.117977791 0.00293696 0.093771003 -0.009522272 0.06267225 0.024621228 0.05510195 -0.110052794 0.010172035 0.095495 0.038237955 -0.069807053 -0.020053903 -0.00543442 -0.084376737 -0.051146172 0.098114476 0.066296369 0.093236901 0.012874339 0.040282153 0.099895723 -0.031980954 -0.083321385 -0.092672728 0.003989517 -0.035623617 0.009312926 0.126371473 0.070694663 0.041101463 0.007785536 0.069649108 0.100202352 0.058652163 0.013297237 0.037917383 -0.084943593 0.006701295 0.124318019 0.080844358 0.107853115 0.079037145 -0.01262371 0.169609502 -0.016940938 0.157047167 -0.101812392 -1.269704103 -4.367463112 12.363196373 16.177360535 20.801784515 59.902515411 6.873702049 27.557920456 -1.804486513 0.107882492 -0.108307101 0.21758689 0.114187092 -0.090116501 -0.125360206 -0.107890934 -0.047636867 -0.09025263 0.085119069 0.026495684 -0.003398661 0.061385404 -0.078015119 -0.028374396 0.055969264 -0.044878792 -0.016372979 0.137609348 0.145409241 0.096003823 0.033267856 0.009825698 -0.033914682 -0.080577686 -0.010060647 0.018321648 0.024268268 -0.137245446 0.025000166 -0.000832942 0.080463313 0.026496258 0.045714289 -0.008211694 0.020542944 0.030162865 0.128664717 -0.008541449 0.040187869 0.044345681 -0.053946175 -0.078084879 -0.069418468 0.035452113 0.067259498 0.129684106 0.042587671 -11.872204781 -9.576294899 -5.539374352 65.783714294 -10.010097504 4.93518734 -10.07916069 -6.739910603 -2.284577131 -2.065845728 0.016891085 -0.021688901 -15.034828186 2.15783143 0.588801384 6.139249325 3.048466444 0.276671886 -4.401927948 -4.27447176 -1.629342079 -0.517977536 -0.00253415 0.071347408 
5.667028427 5.667028427 5.667028427 8.356776237 5.925433159 -6.647801399 -3.742801666 -1.141614079 1.249452114 -1.03529036 0.287915617 3.407237291 -3.229391336 0.86251235 3.562998056 -6.292053699 0.293970585 -0.170969561 -0.324931473 0.08183983 0.882215917 3.410774231 4.292656898 -16.499809265 18.667291641 -22.514942169 -63.699794769 8.993695259 -3.582952976 -0.15551281 -0.09435638 0.003093576 0.089483939 -0.003029823 0.050486423 0.004285134 0.022674052 -0.098432027 -0.010027695 0.110032707 0.026975045 -0.065100446 -0.00649162 -0.03719518 -0.075843133 -0.075295448 0.076354183 0.065627269 0.092348695 0.039578542 0.058025852 0.095001377 -0.040832426 -0.038983557 -0.09503682 0.01336825 -0.042882059 0.012842179 0.120569572 0.056785427 0.062597968 0.010660539 0.097266227 0.09129367 0.053802174 0.033107765 0.051969379 -0.092761092 -0.025124347 0.124080554 0.09859924 0.101846673 0.072607145 -0.004163978 0.159638658 -0.05643443 0.158176064 -0.07781741 -0.814230561 -3.33928299 12.169651985 17.07733345 19.757707596 60.559539795 6.939256191 24.399662018 -1.343038917 0.088868141 -0.107795291 0.168587416 0.117903516 -0.065638334 -0.112451583 -0.111696325 -0.057341218 -0.097378358 0.023437552 0.007034516 0.009734818 0.03672738 -0.085109316 -0.027958129 0.040843941 -0.038513694 0.014870386 0.166798219 0.137252927 0.115598992 0.036585491 0.016672729 -0.000328024 -0.082799718 0.004522881 0.008231733 0.054849848 -0.091145866 0.018502388 0.006312458 0.072301194 0.028890217 0.049630098 -0.003085615 0.039326135 0.046417449 0.111161448 -0.016128683 0.003716761 0.056649748 -0.050737426 -0.097765304 -0.070879363 0.027470898 0.084534146 0.128760844 0.042233624 -15.376375198 -8.472842216 -7.017941952 67.6015625 -8.875174522 4.723771572 -10.27521801 -6.792856693 -2.429327011 -2.073263884 0.01179474 0.004506359 -13.993160248 2.889326334 0.722245753 6.914443016 3.215514898 -0.027725315 -5.198627949 -4.391846657 -1.825590253 -0.654121518 -0.056514312 0.043233231 
5.689136028 5.689136028 5.689136028 8.920885086 4.860149384 -6.667167664 -5.334095478 -1.202413678 1.128276825 -0.574247122 0.026079705 4.007633209 -3.221532345 0.402529687 3.783751488 -7.231193066 0.581294596 -0.751934767 -0.23932153 0.079785787 0.734662175 3.313366175 3.516557693 -16.704620361 18.643224716 -23.488136292 -63.26965332 9.939292908 -4.63260746 -0.563450933 -0.062748246 0.003541831 0.076017514 -0.002106386 0.046755325 -0.031406514 -0.002132926 -0.089433767 -0.015895642 0.108364962 0.012863583 -0.061140511 0.022256358 -0.046160981 -0.038247313 -0.090297982 0.055197574 0.034714222 0.095290646 0.061735354 0.070715062 0.068403438 -0.042535685 0.010465644 -0.09992148 0.01875408 -0.025656395 0.021240152 0.10581892 0.049896833 0.057073977 0.02157299 0.09114299 0.075224623 0.049704704 0.046308778 0.060212702 -0.085377187 -0.047555108 0.120970003 0.116287082 0.069808453 0.07527101 0.005018038 0.125479147 -0.059357453 0.161168382 -0.038179904 -0.321271002 -2.506104708 11.932652473 17.923473358 19.073379517 60.459918976 7.31310606 21.127651215 -1.020731926 0.06482511 -0.10515973 0.126091614 0.111189902 -0.042363536 -0.087769069 -0.125227526 -0.048365906 -0.106738098 -0.04131129 -0.013394475 0.018094797 4.0538e-05 -0.094462588 -0.016537054 0.028737124 -0.013956916 0.048691671 0.160890132 0.116663329 0.122879535 0.018456539 0.025651919 0.044452272 -0.098154061 0.030004371 0.005948837 0.089996107 -0.036237609 0.007292362 0.034021817 0.060871381 0.03003074 0.053091317 -0.006435193 0.051040035 0.052230131 0.077146851 -0.049759056 -0.041731279 0.058428347 -0.035977349 -0.092127733 -0.070254944 0.005310759 0.106827527 0.115964018 0.02888855 -18.762775421 -7.401335716 -8.135643959 68.104301453 -7.662685871 4.395863056 -10.512237549 -6.517613411 -2.383352041 -1.898492098 7.3581e-05 0.036997665 -12.984749794 3.686913013 0.915396392 7.404406548 3.337288141 -0.190052405 -5.841200829 -4.794504166 -2.103392601 -0.736593366 -0.108562723 0.009349667 
5.707644939 5.707644939 5.707644939 9.403863907 3.262174129 -6.579621792 -6.966860294 -1.236331224 0.986841321 -0.502064526 -0.072526887 4.204829216 -3.20458889 0.54758954 4.179617882 -7.793253422 0.839584291 -1.392139792 -0.201247647 0.074087389 0.580410361 2.927594185 2.657389641 -16.569910049 19.137592316 -24.134695053 -62.95199585 10.539753914 -6.469032764 -0.713783443 -0.055144314 0.003895368 0.044619106 -0.006682867 0.002444561 -0.069450982 -0.018069372 -0.087118745 -0.028972453 0.105323464 0.018679677 -0.066576757 0.07043159 -0.039254658 0.024371266 -0.100305356 0.039715376 -0.001728701 0.087704375 0.084378995 0.055064019 0.066797473 -0.031408288 0.01527701 -0.08829312 0.04232889 -0.021316271 0.022375926 0.083083689 0.049293291 0.068528794 0.039692294 0.069385469 0.052290067 0.024482125 0.064051352 0.076405428 -0.093711339 -0.080962755 0.106688663 0.104609057 0.017643632 0.047227655 0.0131684 0.093349084 -0.048393704 0.143077388 0.011650659 0.286442757 -1.714520335 11.918603897 18.839202881 18.184129715 59.602027893 7.942598343 18.494661331 -0.919918478 0.059248403 -0.064798988 0.054985531 0.093581557 -0.011925994 -0.070307463 -0.115098171 -0.031231537 -0.104142614 -0.074905008 -0.055263929 0.044504888 -0.022345595 -0.076352 -0.005182624 0.017880412 -0.01656452 0.058328602 0.139505222 0.105688304 0.108895138 -0.002020529 0.040404432 0.064605832 -0.064005412 0.086621344 -0.005770911 0.114091799 0.007549671 -0.009912781 0.030705642 0.035545953 0.038871471 0.029304003 -0.009857605 0.035657588 0.045121215 0.040023863 -0.07510142 -0.069997251 0.058086023 -0.01693345 -0.114630252 -0.065766141 -0.026769573 0.125342384 0.102424137 0.016979016 -21.791877747 -6.529009819 -9.092271805 66.419387817 -7.262401104 4.285105228 -10.715425491 -6.116182804 -2.402246714 -1.635205865 -0.005397973 0.056490052 -11.646098137 4.462735176 0.910066783 7.448405266 3.18078661 -0.112060726 -6.518152714 -5.339892864 -2.492442131 -0.864551961 -0.152715281 -0.000971766 
5.720765114 5.720765114 5.720765114 9.02669239 0.860088408 -6.810616016 -7.182008743 -1.31635046 0.844406128 -0.785257101 -0.123646222 4.353971004 -3.344026089 0.770674825 5.283547401 -7.841858864 1.056043148 -2.282948494 -0.230744973 0.067057706 0.459268481 2.303220749 1.641726971 -16.452482224 20.129940033 -23.6801548 -63.22480011 10.441335678 -10.269911766 -0.301714391 -0.076214679 -0.012999495 0.015170923 -0.02326135 -0.014569759 -0.088457592 -0.038350597 -0.076807089 -0.037643164 0.080405414 0.056884225 -0.069986179 0.077246599 -0.051665317 0.05351653 -0.093124531 0.02001767 -0.008296259 0.054233145 0.09199439 0.040549818 0.113583937 -0.033526756 0.005396858 -0.076610059 0.072094291 -0.037356909 -0.01716475 0.048965011 0.025221502 0.090613425 0.05231186 0.059745286 0.026707541 -0.019947886 0.065976679 0.069466084 -0.107013807 -0.111438349 0.066900529 0.103805199 -0.002037938 0.006745575 -0.000997473 0.089877345 -0.052959461 0.127880931 0.048809227 1.194797158 -1.052739263 11.920549393 18.664449692 16.626787186 58.505924225 8.223499298 17.260725021 -0.976696014 0.039411847 -0.017767325 -0.014531741 0.111803196 -0.010625917 -0.045251384 -0.099640653 0.004572489 -0.097512476 -0.073919535 -0.125601947 0.083932489 -0.032693621 -0.070038021 0.033577003 0.00765195 -0.011360879 0.064313956 0.100571312 0.100933492 0.112857208 -0.029182574 0.082987212 0.085275009 -0.010883187 0.132589638 -0.017504008 0.120718792 0.028322941 -0.017611952 0.023624698 0.005619556 0.030899806 0.018022364 -0.039316382 0.025706179 0.042833548 0.042344112 -0.068003431 -0.081474237 0.045494955 0.017381879 -0.129349262 -0.037594717 -0.031361245 0.107202739 0.078793786 -0.0123515 -23.627225876 -5.494301796 -8.831670761 62.562759399 -6.699438095 4.048695564 -11.034805298 -5.400983334 -2.476621389 -1.197600722 -0.007775832 0.056733266 -9.520709038 5.021793842 1.252648354 6.847733021 2.772357225 0.164422646 -6.170901775 -7.828266144 -3.904012442 -0.908043444 -0.162446901 0.001567435 
5.728047848 5.728047848 5.728047848 8.169028282 -2.708220243 -6.923834324 -6.582993984 -1.57382369 0.742044449 -1.253366113 -0.302747309 4.341262817 -3.34940958 0.56295675 5.877494812 -7.457342148 1.192498684 -2.991329908 -0.225680545 0.058131989 0.350327343 1.757896423 0.965381742 -16.211679459 20.911031723 -22.91869545 -63.190601349 10.252746582 -13.845305443 0.630972743 -0.061593372 -0.006257562 -0.018613396 -0.004239709 -0.004695226 -0.09894494 -0.040443704 -0.059273001 -0.027886204 0.065246552 0.05915495 -0.029253837 0.065910444 -0.065993339 0.076507591 -0.076568201 0.018345324 -0.006361485 0.046799067 0.088036999 -0.011500842 0.110485904 -0.030065913 0.013276527 -0.047544774 0.062574901 -0.032751966 -0.017387753 0.025964856 0.029669695 0.058382537 0.046675421 0.076569997 0.006733078 -0.02934305 0.082412571 0.087694891 -0.096672013 -0.129842922 0.03378104 0.101104014 -0.019874429 -0.026107231 -0.005920023 0.079084784 -0.052077219 0.097373523 0.079542443 1.481771469 -0.971494198 12.394501686 18.688280106 14.319513321 57.80815506 7.730051517 17.898563385 -0.8446033 0.058520734 0.017747052 -0.050414898 0.13115789 0.026507141 -0.028636312 -0.085298762 0.027846536 -0.113335915 -0.076368116 -0.15901868 0.10265851 -0.057699338 -0.075102016 0.074293561 0.006011063 0.008346015 0.067850038 0.084160805 0.02680745 0.104141809 -0.061089233 0.088556156 0.114069484 0.005348815 0.143915936 -0.002251868 0.12045595 0.079592757 0.012241689 0.010742375 -0.022831369 0.034990974 -0.009233252 -0.062398214 0.021209968 0.019056804 -0.001181345 -0.047927137 -0.111428656 0.001245465 0.004128081 -0.127056345 -0.038677815 -0.032659214 0.073728666 0.103323698 -0.035719272 -23.628787994 -4.80543375 -7.272964001 54.967693329 -5.625650883 3.427203417 -10.517690659 -3.641220331 -1.923891902 -0.40321514 0.017885113 0.05277548 -5.190380096 5.47698164 1.44596827 3.769548178 2.657758951 0.430873424 -4.803981304 -10.19161129 -5.139955044 -0.577879012 -0.208170518 -0.02177915 
5.727137089 5.727137089 5.727137089 6.836169243 -7.149124146 -6.816287518 -5.20482254 -0.973614454 0.210506573 -1.491211891 -0.122924931 3.758583546 -2.980732441 -0.041117717 6.646002769 -6.046234131 1.116016746 -2.835835695 -0.091556042 0.012413613 0.275124073 1.072927594 1.741450667 -15.550976753 21.101194382 -22.710569382 -62.877204895 8.995038033 -16.546833038 1.688265681 -0.084326692 0.003554767 -0.048901904 -0.032358646 0.04099904 -0.103375465 -0.042234059 -0.05169259 -0.013911494 0.049475167 0.05851103 0.001600551 0.055828907 -0.103034675 0.066132441 -0.042822953 0.023866152 0.032632377 0.033416677 0.063990653 -0.045335039 0.073155619 -0.024732379 0.004075568 -0.032586787 0.051200774 -0.034578245 -0.021136517 -0.01744584 0.014597698 -0.022165565 0.06903322 0.055629607 -0.004843494 -0.016260497 0.108972438 0.065621883 -0.109594718 -0.108473592 0.008665505 0.038901381 -0.001526375 -0.058598083 0.002216912 0.055153348 -0.044050578 0.063867435 0.080554649 1.904335737 -1.376485109 12.620875359 18.674949646 12.916445732 57.263343811 6.296434879 19.450553894 -1.007705092 0.097037129 0.056281101 -0.066646658 0.103248306 0.029243378 -0.023820661 -0.050572693 0.044252511 -0.122174367 -0.058801927 -0.121956937 0.111922279 -0.028559392 -0.086410247 0.099910267 -0.006618925 0.038873244 0.041683152 0.116090208 -0.041290164 0.047919635 -0.065495402 0.092133947 0.13117215 -0.010801052 0.129414767 -0.008241231 0.109669507 0.079900943 0.039210856 0.010579042 -0.020365268 0.049978834 -0.030147098 -0.05293601 -0.004661234 0.008798684 -0.066360593 0.032712575 -0.085324444 -0.005002769 -0.030925022 -0.108319663 -0.033752639 0.003834821 0.062986627 0.118230753 -0.045318484 -22.009870529 -5.165846825 -4.544719696 42.930969238 -5.69065237 2.490041018 -8.764533043 -1.319788337 -0.849926472 0.12650691 0.036416918 -0.006933152 -1.418611526 5.064099312 0.560450137 2.245963097 3.498481035 1.244024396 -4.308005333 -8.459356308 -3.915716648 -0.454692841 -0.214003786 -0.003971683 
5.717267513 5.717267513 5.717267513 5.490133286 -8.249997139 -6.541518211 -3.74839282 -0.10397166 0.142536342 -1.447819114 -0.253537685 3.339855909 -2.556115627 -1.452727437 7.297663689 -4.228473663 0.784221888 -2.041867495 2.4797e-05 -0.022153215 0.407547861 0.512704313 3.431876659 -14.489530563 22.238117218 -25.8228302 -59.172161102 11.233206749 -21.168827057 1.711507201 -0.087285861 0.021675497 -0.055120312 -0.05575012 0.093899854 -0.096800745 -0.046812795 -0.054349869 0.013760393 0.037759159 0.04104571 0.010124174 0.02190586 -0.087418161 0.04432654 -0.017416855 0.014828168 0.091365732 0.042556576 0.024915282 -0.049891695 -0.00040322 -0.031228673 0.019001415 -0.00796402 0.034753047 -0.033776235 -0.009434196 -0.056195315 0.015151351 -0.083698243 0.060727291 -0.012340602 -0.019319111 0.006970131 0.128359079 0.027974145 -0.067524604 -0.080323398 -0.028933629 0.001117221 0.003029247 -0.065102026 0.010694963 0.028397523 -0.02080223 0.082946941 0.061149538 2.017538548 -2.020696878 12.541666031 20.252378464 12.97922802 56.949092865 6.538652897 19.688140869 -1.51183486 0.120221697 0.064087711 -0.081099391 0.038693324 0.019382363 -0.021223525 -0.025790349 0.006881499 -0.089663044 -0.076186456 -0.027525283 0.087707438 -0.010292026 -0.092061996 0.092853576 -0.017383471 0.056270614 0.017959146 0.148866609 -0.075982146 -0.040594563 -0.033865694 0.06659165 0.123937987 -0.02070971 0.113425508 -0.011757942 0.111057989 0.04441008 0.043222491 0.045176558 0.0169478 0.016843976 -0.012194691 -0.064260975 -0.010674383 0.006615145 -0.109109908 0.071624398 -0.071134724 -0.000663202 -0.02605395 -0.04645643 -0.02937652 0.014169561 0.070343748 0.121705048 -0.01819423 -20.09082222 -7.102680683 -2.912996054 29.852991104 -7.902858734 2.537005901 -5.413293362 0.924095035 0.217728764 0.11746458 0.029819598 -0.059459973 1.385903835 5.940932274 -0.728398085 1.516322255 5.603721142 1.552783489 -4.478599548 -4.650732517 -1.931556225 -0.766828954 -0.188784122 0.028966632 
5.700761795 5.700761795 5.700761795 6.587497234 -5.720644474 -4.546178341 -3.676096678 0.589058459 -0.087671041 -2.137574673 0.077931911 2.453202724 -3.327950239 -1.878273845 5.722051144 -3.5630548 0.308400154 -0.414661735 -0.025612906 -0.005532517 0.484709889 0.263302892 4.716265202 -13.265601158 21.909978867 -27.700277328 -55.057621002 12.265650749 -27.489521027 1.915919304 -0.060835321 0.0446871 -0.023313278 -0.046984568 0.11633186 -0.075687781 -0.026112467 -0.051488109 0.003992559 0.023994895 0.04284662 0.02894859 0.008396645 -0.077648565 -0.025061611 -0.003276189 0.035076208 0.082098737 0.052758228 0.020614048 -0.019937064 -0.002513253 -0.026271766 0.034025401 0.000876421 0.023930162 -0.069813229 0.003338794 -0.036629546 0.031720515 -0.051701695 0.018712291 -0.039082762 -0.030216094 0.001634443 0.119567506 -0.005225498 -0.065600626 -0.049447212 -0.016104957 0.015139272 0.01566316 -0.036708012 0.001035192 0.029102406 -0.007053637 0.083373465 0.057441924 1.36143887 -3.013931513 12.484888077 22.357553482 12.520872116 58.752380371 6.566429138 19.744228363 -1.504577875 0.111890122 0.056547336 -0.069777898 0.01401097 0.019795388 0.000987787 -0.045506448 -0.025371036 -0.052166753 -0.0953926 0.033393539 0.055918321 0.015692595 -0.083705761 0.083539501 -0.034407448 0.071884938 0.005190306 0.122941978 -0.073144175 -0.054955497 -0.010033617 0.03907451 0.103844367 -0.020632679 0.083017126 -0.022446245 0.115939595 0.010863857 0.036788553 0.078359336 0.03272412 -0.010438187 0.015028359 -0.083409339 -0.008635432 0.014669277 -0.11422395 0.063303486 -0.071873866 -0.019301929 -0.02703462 -0.030117739 -0.013000781 0.004036402 0.056860913 0.106254883 -0.021113239 -21.350166321 -8.751266479 -2.640482187 19.430728912 -9.016712189 2.19077158 -2.444928885 2.253950834 1.014122844 0.073782504 0.01627182 -0.069361329 1.225921273 7.425698757 -2.886362553 2.893888235 7.334486961 0.939097881 -5.325683117 -0.047597721 0.227628946 -1.337145448 -0.126816928 0.056568008 
5.679211617 5.679211617 5.679211617 6.739074707 -3.142692327 -2.515624046 -3.279737234 0.558467805 -0.407358676 -1.994759083 0.603017032 1.555813074 -3.286756992 -2.16522193 3.682141781 -1.771747231 0.021922663 0.418724477 -0.241238549 0.031163333 0.499873102 -0.286657631 5.290762901 -12.189242363 19.892440796 -25.793769836 -53.101886749 10.198252678 -33.884449005 2.621568203 -0.02521489 0.048535895 0.032055974 -0.017388206 0.075952895 -0.059778351 -0.01535901 -0.033746503 -0.025229504 -0.038740683 0.028387904 0.016815262 -0.007498639 -0.035907723 -0.061353423 -0.020985164 0.040012293 0.060354408 0.033890799 -0.002528633 -0.011087952 0.014882625 -0.054839559 0.062131155 0.015028081 0.020715339 -0.079662532 0.028696634 -0.015844893 0.0588658 0.009240914 0.0073679 -0.051272944 -0.037891064 -0.017102893 0.075900391 -0.011696821 -0.068729699 -0.054413665 -0.012091294 0.017949745 0.035693873 0.016475726 -0.028719382 0.050347824 -0.022984091 0.060309924 0.074531585 1.084499717 -3.306960106 13.121926308 22.861307144 13.539705276 61.421863556 5.777090073 19.587125778 -1.645043135 0.074826352 0.043854933 -0.067657843 0.013051481 -0.034151115 0.009515054 -0.081020519 -0.010737309 -0.027267477 -0.084914155 0.024464814 -0.000234642 0.006523375 -0.046147916 0.041482538 -0.015495715 0.035706878 -0.008438567 0.091760568 -0.081018426 -0.030408192 -0.008430047 0.038420521 0.062051449 -0.016985355 0.031157969 0.000597508 0.076095715 -0.010949598 0.025029479 0.059180208 -0.012101162 -0.022920066 0.028404696 -0.08350797 0.032038845 0.030271431 -0.103958674 0.027848955 -0.096316978 -0.020937154 -0.017393205 -0.04086069 0.032541674 -0.01605955 0.060825538 0.018064244 0.00307507 -23.826576233 -7.175070286 -1.899575472 14.193145752 -7.048855305 1.005656719 -1.132776737 3.531761169 1.759090424 0.099093899 0.037833318 -0.031034293 1.248664975 7.397329807 -4.859814167 5.271169662 6.851406574 0.989815891 -5.844725609 0.973566413 0.947224736 -1.798990965 -0.078412376 0.037038244 
5.654144287 5.654144287 5.654144287 6.410959721 -0.744125605 -1.440172434 -2.641220093 0.298080772 -0.565631986 -1.388567686 0.832364202 0.482030958 -2.20872736 -2.197888851 1.871169209 0.769949794 -0.105326615 0.899918973 -0.400711 0.071841657 0.425259948 -1.128540754 5.985465527 -12.746541023 16.115764618 -24.017457962 -53.415645599 7.430102825 -39.303894043 3.688314915 -0.007008328 0.035529897 0.050802618 0.013242422 0.040694352 -0.075655319 0.003246166 -0.042106718 -0.065842219 -0.068494298 -0.018113801 -0.010358289 -0.002904329 -0.009250975 -0.036771089 -0.018868687 0.04002114 0.046468191 0.010041932 -0.012315871 -0.015743921 0.034918774 -0.061669219 0.064237915 0.043274313 0.016969662 -0.084765494 0.034909893 0.006076199 0.065336421 0.062912405 0.013867552 -0.057872929 0.000762772 -0.024240514 0.055152852 0.008407753 -0.050251361 -0.023946609 -0.025094304 0.018618722 0.027683008 0.040078741 -0.039865457 0.030360701 -0.009535301 0.052323326 0.08065147 1.274185419 -4.013887882 14.156487465 21.957714081 13.77307415 63.432506561 4.833474159 19.073396683 -1.982275844 0.049482401 0.040784936 -0.063755028 0.012217122 -0.080444589 0.008574857 -0.108226217 0.001809267 -0.012701592 -0.074283801 0.00641809 -0.039409265 -0.029914195 -0.021081347 0.037156623 -0.014117748 0.002656931 -0.005551219 0.075598657 -0.095020652 -0.022493972 -0.022823719 0.041250687 0.040269513 0.005165208 -0.000420937 0.066561572 0.051993858 0.003538044 0.013360582 0.029476592 -0.045667648 -0.032754365 0.035324324 -0.078515455 0.071068317 0.027488401 -0.120606869 0.007870263 -0.118844531 -0.03082243 -0.005633322 -0.069998041 0.023993386 -0.02765042 0.057158958 -0.056917783 0.033979937 -25.978590012 -5.50518322 -0.842089057 10.385158539 -4.911671162 -0.578417659 0.692758262 4.126404762 1.940262556 0.045495778 0.033433169 -0.012975801 2.306952953 7.369550705 -6.26153183 6.706762314 6.223168373 1.902480245 -5.449973583 1.49554801 1.367664456 -2.25145483 -0.070618384 -0.006160482 
5.630037785 5.630037785 5.630037785 6.492176056 1.814168215 -1.19360888 -2.786413193 -0.170243964 -0.550722778 -1.17717731 0.844007969 -0.375333399 -2.354753733 -2.155000687 0.494857252 2.723435879 -0.171677411 1.141330361 -0.477043778 0.112460323 0.34330073 -1.844318271 6.893229961 -13.136342049 12.902745247 -23.453792572 -54.256118774 5.185540199 -41.841529846 4.572995186 -0.009297654 0.021834446 0.031783964 0.01047699 0.001872051 -0.074000202 0.021842413 -0.064438172 -0.078172989 -0.042639483 -0.062074229 -0.015965065 0.015700001 -0.00122591 -0.035708439 -0.011090808 0.036507454 0.033696968 0.02220347 -0.007865801 0.012466609 0.023164807 -0.046809562 0.052361403 0.048842497 -0.009981168 -0.06137903 0.042117521 0.014135298 0.086364999 0.071992844 0.03483256 -0.083159678 0.044851251 -0.020992603 0.029156458 0.029294375 -0.015252728 0.016222307 0.012959898 0.04721294 -6.0411e-05 0.06026002 -0.029669601 -0.026767261 0.004662957 0.049055576 0.048034906 1.68474412 -4.922300816 14.586941719 21.61536026 13.879138947 65.269920349 4.223709583 18.289905548 -2.293189049 0.042738784 0.028199317 -0.06035148 0.021204881 -0.081664197 0.00692641 -0.109232739 0.015880423 -0.003661555 -0.068786666 -0.004739471 -0.034948476 -0.052844632 0.010275786 0.037543684 -0.001707096 0.031395555 -0.014498904 0.047198266 -0.064662531 -0.035884913 -0.005051638 0.034068014 0.041107398 0.040938836 -0.010379649 0.085140273 0.04301253 0.017939653 0.024283674 0.018656665 -0.027605969 -0.025846191 0.030966807 -0.054991633 0.086570106 -0.004903779 -0.105226457 -0.010501676 -0.103104457 -0.031341102 0.006025727 -0.066583276 0.003744165 -0.044046883 0.053222451 -0.072442897 0.055651166 -28.009954453 -4.938633442 0.059534289 7.558412075 -4.407166958 -1.892269969 2.188008308 4.260245323 1.760848641 0.031857837 0.005971374 -0.017768091 3.368599176 7.582128048 -7.232214928 7.792206764 5.953020573 3.066375494 -5.4781394 2.020670891 1.746715903 -2.800789356 -0.069304422 -0.016815072 
5.606308937 5.606308937 5.606308937 6.582733154 4.254291058 -1.20010972 -3.201538086 -0.597252548 -0.312405407 -0.712599456 0.623503566 -1.209731221 -2.406642437 -2.135056019 -0.727756619 3.584411144 -0.168514222 1.201680183 -0.467505813 0.121530466 0.474892914 -2.244208097 7.595833778 -13.608577728 10.075888634 -23.377485275 -55.07453537 3.339795113 -44.373329163 5.212749004 -0.015430993 0.011267729 0.00925122 -0.004650244 -0.020882791 -0.061373267 0.03030012 -0.064229414 -0.06712611 -0.016676771 -0.071808547 -0.016789563 0.020170052 -0.004739784 -0.011955384 -0.022715429 0.031345721 0.030920263 0.02915745 -0.001162459 0.038330954 0.008057432 -0.03472111 0.041230664 0.049574628 -0.023692625 -0.033971261 0.042526472 0.031400863 0.084273897 0.06958548 0.055796802 -0.084854081 0.077999353 -0.019197982 0.011918767 0.060072374 0.003954628 0.026759531 0.021892134 0.057039037 -0.014902527 0.068151049 -0.039823897 -0.056599412 0.006263151 0.036133882 0.015770711 1.634074807 -5.473530293 14.856117249 21.993209839 14.43883419 66.699226379 4.51052475 17.67873764 -2.749438763 0.016078323 0.00593023 -0.043647636 0.03954193 -0.067010559 0.012746469 -0.103866354 0.035619199 0.004530201 -0.058073018 -0.016271353 -0.012964193 -0.066572495 0.045249872 0.020959038 0.003362174 0.064078279 -0.015118093 0.034965944 -0.042140365 -0.0160759 0.009299469 0.033669326 0.036082983 0.051644303 -0.011347933 0.080923006 0.020950079 0.031447046 0.034843434 0.00541181 -0.014197074 -0.012461452 0.027058311 -0.03428112 0.08256606 -0.033213958 -0.073666126 -0.024454976 -0.090523049 -0.040875599 0.010861216 -0.050645843 -0.000881494 -0.043574765 0.041322321 -0.080890529 0.063887969 -29.122680664 -4.828270912 0.913485646 6.152798176 -4.029788017 -2.815294266 3.166824818 4.642632484 1.697996378 -0.087101884 -0.003470261 -0.017476674 5.031036377 7.899182796 -7.623530388 7.824337959 5.956572533 3.892277718 -5.391587734 2.00871253 1.713732481 -3.142041206 -0.086495496 -0.018150957 
5.580448151 5.580448151 5.580448151 7.096487522 6.194545269 -1.469146252 -3.255523443 -0.597172856 -0.107980952 -0.410676509 0.57198292 -1.550198436 -2.680599213 -1.834290624 -1.371820927 3.781192303 -0.196788013 1.275218606 -0.38892442 0.127271116 0.623445332 -2.350184917 8.042178154 -14.089000702 8.082798958 -23.916418076 -55.942726135 2.223535061 -46.002449036 5.641129494 -0.027491694 -0.001554111 0.029722853 0.003696215 -0.003058393 -0.052550826 0.019723313 -0.073276214 -0.044453088 0.017426668 -0.083985984 -0.030546341 0.013552869 -0.015153742 -0.005106393 -0.039421126 0.014086521 0.038603965 0.012029796 0.003283934 0.047090076 0.003222291 -0.037008114 0.032208908 0.042593636 -0.02199739 -0.012693485 0.045077551 0.040401548 0.079968512 0.066568427 0.049599122 -0.062542289 0.104898721 -0.003265536 0.001029429 0.067478769 -0.007865314 0.040305678 0.014945426 0.072338179 -0.012787682 0.063334361 -0.036669936 -0.053833522 -0.023819277 0.035047684 -0.011312036 1.427057505 -5.896877766 14.88496685 22.557847977 15.616107941 66.87714386 5.137561321 17.732439041 -2.973884821 0.000751228 -0.007107704 -0.041843493 0.051491849 -0.039907984 0.023763567 -0.091901697 0.038055882 0.017346857 -0.050084412 -0.011318008 -0.000758543 -0.070737369 0.040537577 0.004241342 -0.002035426 0.066789992 0.012700068 0.043983787 -0.009187264 0.005383126 0.020714507 0.027977176 0.04764526 0.04948812 -0.002270169 0.073476814 -0.002743317 0.044197123 0.040486537 -0.014305375 -0.000191239 0.01145654 0.02348013 -0.023981685 0.065331399 -0.056638382 -0.039761011 -0.015232678 -0.062000602 -0.047716402 0.009871672 -0.041508216 -0.009822865 -0.028571898 0.037126362 -0.062986493 0.045219533 -29.446062088 -5.052841663 1.855836868 4.775249004 -3.638595819 -3.245973825 3.638622761 5.054330826 1.867864013 -0.189839274 -0.002272729 -0.009925274 6.631999969 8.136269569 -7.472302914 7.377651215 5.816175461 4.494100094 -4.470427036 1.744273424 1.372273207 -3.404681444 -0.10244491 -0.02353269 
5.553597927 5.553597927 5.553597927 6.673445225 7.624361992 -1.516396999 -2.696543694 -0.471511006 0.197173476 -0.377772152 0.673244715 -1.734363437 -2.833046675 -1.417937279 -2.029552698 4.138879299 -0.258298397 1.556182027 -0.340133667 0.132765561 0.874256611 -2.321213961 8.239009857 -14.260030746 7.643829346 -25.398376465 -55.598182678 2.212092161 -46.603633881 5.445004463 -0.035396393 -0.008936207 0.049698405 0.014140783 0.01607373 -0.040633254 0.01304421 -0.074839763 -0.021673558 0.042173415 -0.095123127 -0.046115931 0.005167883 -0.011969476 0.007947159 -0.042999834 0.001866678 0.038292691 0.00729737 0.010147369 0.045732431 0.01869835 -0.043340147 0.034223638 0.037083477 0.002888425 0.004099813 0.055742741 0.045586802 0.086444937 0.072080202 0.034097847 -0.036747396 0.116523884 0.012380558 -0.001504288 0.066160291 -0.032175414 0.054901343 -0.011648585 0.068546757 -0.005418924 0.05729533 -0.030425182 -0.028583318 -0.064466693 0.037577316 -0.007569157 1.100054622 -6.095866203 14.891263962 22.977693558 17.661008835 66.878684998 5.538142204 16.892599106 -3.086820126 -0.006673811 -0.014495162 -0.04783491 0.055858232 -0.029901948 0.029246137 -0.080376349 0.040309958 0.027703473 -0.058578666 -0.025920704 0.00062937 -0.064550988 0.01830213 -0.011523525 0.005521553 0.056283366 0.033800304 0.067960545 0.026585817 0.027377028 0.029484132 0.011872075 0.056047492 0.026804086 0.005611682 0.065482423 -0.006336144 0.037844986 0.038244322 -0.03018306 0.019643569 0.015900785 0.032976866 -0.030497352 0.058847111 -0.059979115 -0.014058927 0.000744052 -0.054624394 -0.04360456 0.008746636 -0.035702277 -0.012409752 -0.018545782 0.041174214 -0.038860086 0.021385591 -27.794839859 -5.604261875 2.418201923 3.472636223 -3.557758808 -3.119901657 4.39799118 5.654047966 2.156806469 -0.270409763 0.006852333 0.00734772 8.902168274 8.659407616 -7.246821404 7.265700817 5.880572319 4.583067894 -3.365940094 1.418076992 0.981229246 -3.587718248 -0.110281549 -0.043507684 
5.524738312 5.524738312 5.524738312 6.336210728 8.424333572 -1.414319634 -2.272195816 -0.537201703 0.467444003 -0.550667226 0.75102967 -1.566871524 -3.09622407 -1.036008716 -2.137262583 4.11319685 -0.321941167 1.696007848 -0.252306402 0.119342573 1.06598115 -2.236799717 8.120550156 -14.075289726 8.79178524 -26.294900894 -54.959850311 3.255340338 -46.783809662 4.920281887 -0.026548421 -0.015887564 0.066087641 0.007772428 0.007654618 -0.02584064 0.001147679 -0.066560984 0.006149153 0.045279767 -0.073626108 -0.055619247 -0.006588051 -0.001161887 0.006327603 -0.061860289 -0.010683401 0.025575154 0.009520466 0.016454561 0.047715865 0.035200708 -0.047887966 0.038049214 0.028318617 0.016869931 0.008815267 0.065106384 0.060179502 0.086731002 0.078785107 0.004747165 -0.012783127 0.102307126 0.005074296 -0.015049053 0.065991558 -0.058520261 0.048648693 -0.028415846 0.059564628 0.006329319 0.046019111 -0.028282549 0.004102573 -0.100727789 0.029538918 0.002274378 0.818703055 -6.170821667 14.623452187 23.506319046 19.821567535 66.363494873 6.233435631 16.656202316 -3.102176666 -0.001895368 -0.022402339 -0.033562988 0.062592983 -0.023446085 0.032608464 -0.052266613 0.044393685 0.029628044 -0.049923118 -0.020085411 0.004572195 -0.050917741 0.001189829 -0.044318728 0.009999095 0.02723231 0.042751934 0.079378158 0.055292174 0.03693651 0.038254671 -0.005061875 0.040494133 0.013359874 0.011297686 0.03554114 -0.020818178 0.014064522 0.037946735 -0.038133502 0.031244073 0.018659409 0.040274337 -0.044545658 0.032309242 -0.037815586 0.01549553 0.00740018 -0.044196915 -0.033769596 0.005875469 -0.023854643 0.000133856 -0.009110885 0.042883556 -0.019170603 -0.008948252 -25.905487061 -6.210490704 2.859933138 2.944737911 -3.625017166 -2.839436531 4.647452354 6.592020988 2.593157291 -0.304855168 0.033608586 0.030105432 9.996396065 9.18333149 -6.519751072 9.179134369 6.081812859 4.077401638 -2.171118259 0.927251339 0.614186287 -3.748612881 -0.112683155 -0.050752752 
5.49616909 5.49616909 5.49616909 5.906695366 8.294026375 -1.413887739 -1.905375838 -0.629550934 0.516984165 -0.788796544 0.844117522 -1.246110916 -3.203904629 -0.527788699 -1.788695812 3.683582544 -0.386704236 1.658643723 -0.163685605 0.087473229 1.179293633 -2.054738998 7.967062473 -13.957873344 10.924985886 -27.068372726 -53.978225708 5.524808884 -45.740409851 4.518715382 0.012518628 -0.016528537 0.081956975 -0.004448726 -0.008965185 -0.014944869 -0.00208535 -0.058902565 0.028526329 0.038655125 -0.039302323 -0.062847696 -0.008036033 0.022764208 -0.000987924 -0.085381471 -0.018183514 -0.002892306 0.024969904 0.014976844 0.04920378 0.033626117 -0.042934995 0.040281542 0.014091989 0.020675693 0.011823555 0.077597186 0.074772038 0.088851959 0.076018408 -0.031102234 -0.00297029 0.066315763 -0.013125063 -0.027919848 0.057804033 -0.070274331 0.042007379 -0.043063838 0.054835685 0.009840483 0.043018021 -0.024083093 0.026379054 -0.131009847 0.01879658 0.024660347 0.670000136 -6.326361179 14.398870468 23.472049713 22.405582428 65.112678528 7.46542263 16.81688118 -2.934369802 0.014289643 -0.028280396 -0.011410143 0.061709393 -0.014103837 0.032454178 -0.017593814 0.033499669 0.034922615 -0.040425669 0.01822379 0.011714738 -0.032884553 0.001466388 -0.078642175 0.012874823 -0.017115228 0.042041067 0.072166368 0.067284219 0.032065496 0.054913368 -0.027052086 0.013104092 0.003689334 0.012605757 0.008496602 -0.042320963 -0.010665075 0.040126979 -0.03963127 0.033042748 0.011869186 0.037275035 -0.054150406 0.002336988 -0.011515636 0.034967177 0.004845313 -0.038185298 -0.018772159 -0.003739439 -0.007824583 0.007333641 -0.009441043 0.049163301 0.005029701 -0.033217758 -23.381975174 -6.645364285 3.656876564 2.341801882 -3.648208618 -2.536864758 4.494346619 7.719726562 3.243669033 -0.349810183 0.059251685 0.04880105 10.373212814 10.011701584 -5.01833868 12.278128624 6.888494015 3.283361197 -0.711217344 0.665681243 0.393665999 -3.940297365 -0.117781773 -0.053098854 
5.484109879 5.484109879 5.484109879 5.755957127 8.678712845 -1.471388459 -1.194228768 -0.427949041 0.348724276 -1.178617001 1.000189543 -0.950813651 -3.340258121 -0.301640332 -1.342445374 3.410360336 -0.459430158 1.733436108 -0.127926901 0.055135984 1.329636931 -1.789184451 7.440504074 -14.137933731 12.588159561 -27.420314789 -53.020446777 7.582305908 -43.427947998 4.54844141 0.035464335 -0.043367319 0.098145962 -0.002636948 -0.017582614 0.006071357 -0.014815638 -0.056435701 0.043394569 0.05211601 -0.007689033 -0.064641379 0.007542561 0.063425079 -0.015777456 -0.084547371 -0.023801517 -0.031908419 0.037680633 0.019747673 0.036495861 0.033937771 -0.028018543 0.033352606 0.007593613 0.018843584 0.01847036 0.079460137 0.094506197 0.08412122 0.080859952 -0.04830585 0.004036437 0.045719288 -0.034445517 -0.016178397 0.062243342 -0.054260511 0.04954512 -0.033142149 0.059456877 0.009149756 0.049503632 -0.008717138 0.045565266 -0.144225121 -0.00568398 0.04848155 0.550957799 -6.200084686 14.566756248 22.751115799 24.308029175 63.808933258 8.108121872 16.335607529 -2.681641579 0.019636128 -0.041429888 0.004836125 0.047882736 -0.016793247 0.034909513 0.019182505 0.031909674 0.045392375 -0.042628143 0.041955624 0.0124886 -0.032983869 -0.006544922 -0.093643218 0.011252558 -0.049590401 0.018320732 0.052994009 0.072315872 0.003708955 0.057934999 -0.051661443 -0.013027175 0.020790482 0.013819622 -0.021021374 -0.072309352 -0.025210835 0.047586169 -0.059016749 0.020708699 -0.000537697 0.03076674 -0.053213071 -0.005070502 -0.002270048 0.047947884 -0.006682279 -0.034613553 -0.021232355 -0.017204188 -0.014583438 0.005722553 -0.006139976 0.054935861 0.014643703 -0.066272296 -20.612146378 -7.138046741 4.508919239 1.523214579 -3.637911558 -2.326999426 4.230978489 9.088372231 4.187186718 -0.294769615 0.079994969 0.061884142 9.675899506 9.887303352 -2.965211391 16.448249817 6.768526077 2.511404276 0.787101924 0.50207603 0.210998565 -4.076714039 -0.124501355 -0.051008262 
5.486901283 5.486901283 5.486901283 5.805761337 9.517221451 -1.819700718 -0.627169609 -0.354368031 0.026914073 -1.291030526 1.015540481 -0.62547642 -3.488689423 -0.128914893 -0.593503356 2.624694347 -0.496929467 1.657673478 -0.113327064 0.002534911 1.473524213 -1.4721241 6.116532326 -14.192497253 14.766949654 -27.382541656 -52.131748199 9.165862083 -39.925422668 4.508718967 0.034368083 -0.06577234 0.093248487 -0.02139592 -0.019912956 0.024222847 -0.034475263 -0.037690837 0.053737614 0.053013507 0.003874687 -0.058003869 0.024940772 0.093653105 -0.024443245 -0.073925428 -0.018860079 -0.037405103 0.038712565 0.011082395 0.02201036 0.046030246 -0.036669143 0.028196786 0.006762139 0.025871787 0.03039624 0.073994748 0.091147542 0.073098212 0.070704207 -0.068721972 0.002265586 0.020839553 -0.058756635 0.006240091 0.044891603 -0.049414527 0.051020268 -0.020494297 0.050452556 0.035976872 0.056730073 0.007456781 0.05754425 -0.15338628 -0.031084131 0.054489132 0.627839923 -5.438353062 14.608460426 21.632663727 26.574478149 62.27110672 8.515751839 14.98508358 -2.095029593 0.009171061 -0.037104651 0.000727381 0.023722885 -0.033595819 0.034483451 0.057090569 0.051063009 0.045642361 -0.036544163 0.044659037 0.043105733 -0.020173674 -0.02150419 -0.096188776 0.020368155 -0.068921909 -0.007737928 0.051529139 0.086434737 -0.016339552 0.051179238 -0.066245481 -0.016556546 0.029890345 0.019719636 -0.051928643 -0.095848985 -0.037848312 0.044880889 -0.07103432 -0.002235322 -0.003090286 0.02585325 -0.0600788 -0.002515088 0.007510945 0.038947038 -0.024761181 -0.028517822 -0.016179057 -0.034362331 -0.026500531 -0.008557909 -0.01335869 0.055973221 0.015274027 -0.086712956 -18.247562408 -7.016122341 5.733507633 1.525527835 -2.959715843 -2.560087681 2.83953476 9.938015938 4.886386871 -0.250631332 0.104327552 0.066602111 8.089360237 9.44125843 -0.94900924 20.735248566 6.620691299 1.50001502 1.6569556 0.379358083 -0.039881617 -4.158008099 -0.105294287 -0.037156481 
5.499080658 5.499080658 5.499080658 5.679670811 10.915112495 -1.851583004 -0.063216627 -0.244556531 -0.334024161 -1.083498478 1.132828116 -0.3124654 -2.899081469 0.6370399 0.119883604 1.640697956 -0.400263369 1.237906218 -0.275070757 -0.037242875 1.331300139 -1.243301272 4.520153999 -14.694275856 15.621599197 -27.699129105 -52.911819458 8.81435585 -36.125679016 4.067926884 0.027184527 -0.068691567 0.074501961 -0.03720136 -0.029905617 0.039426979 -0.03806214 -0.028855542 0.052700639 0.061626762 -0.012256746 -0.055661507 0.013228159 0.091606632 -0.049477659 -0.067146495 -0.020293562 -0.029937092 0.029728515 -0.014862671 0.004911339 0.044539224 -0.060936108 0.009008325 0.018225724 0.048558298 0.031400867 0.05693689 0.072544791 0.058603745 0.058550183 -0.077251576 0.008687956 -0.006877751 -0.055484001 0.024578802 0.014673031 -0.042785283 0.046858747 -0.012828632 0.029920662 0.061176769 0.046323124 0.034715656 0.07369525 -0.166293368 -0.059309043 0.038357832 0.629941046 -4.178821087 14.821516037 21.066688538 29.001434326 59.534622192 9.382885933 13.249644279 -1.507487774 -0.033490654 -0.024899019 -0.004605035 -0.002311196 -0.044674672 0.020090953 0.06527698 0.054663185 0.009899829 -0.019443266 0.048573412 0.060070753 0.008458513 -0.017537611 -0.075618923 0.038147844 -0.073419988 -0.017596833 0.061523143 0.102572687 -0.013413554 0.04592859 -0.066424027 -0.01225019 0.013409239 0.029741449 -0.071271077 -0.105604388 -0.045159016 0.035443708 -0.055569965 -0.007948671 0.023148324 0.021886988 -0.071577325 -0.007033412 0.017418362 0.021914918 -0.02356079 -0.034525376 -0.004250645 -0.03925091 -0.023251979 -0.037457682 -0.026192004 0.059086226 0.003246156 -0.076993063 -15.750549316 -6.134734631 6.04317379 2.054279327 -2.20260644 -2.648495197 0.720263839 9.625973701 4.821437836 -0.095218532 0.109996498 0.057607058 6.573795795 9.110280991 0.649128675 24.518087387 6.248514652 0.106259674 1.718050241 0.024539063 -0.309357524 -4.197264194 -0.059094772 -0.006917074 
5.522191048 5.522191048 5.522191048 5.170109272 12.829754829 -1.929370046 0.926000118 -0.168840781 -0.630865216 -0.525255203 1.17605269 -0.111011654 -1.878008723 1.833684087 0.624200702 1.271475554 -0.165805697 0.519266069 -0.369038939 -0.027169351 0.803954601 -1.165256023 2.950223684 -15.433099747 14.903534889 -27.182662964 -54.68106842 7.342110157 -32.050174713 3.334920645 0.025050802 -0.050008308 0.068792701 -0.024639927 -0.030307127 0.063037574 -0.032530509 -0.004891359 0.051211227 0.054997109 -0.019594669 -0.04713273 0.039792359 0.077480637 -0.080482699 -0.058048289 -0.012874412 -0.008365699 0.026109409 -0.043293003 -0.005891118 0.049678791 -0.076431736 0.010454057 0.008167532 0.057603035 0.052990302 0.051679786 0.043849207 0.059964061 0.054196075 -0.063482784 0.018833876 -0.013884713 -0.01759929 0.022400239 0.001411083 -0.048076175 0.054257821 -0.030044388 0.034397185 0.084701031 0.033603549 0.068686634 0.077665649 -0.159029633 -0.066770621 0.020283477 0.544183731 -2.701029539 14.954646111 20.467313766 31.401538849 56.494434357 10.600300789 11.21701622 -0.044631969 -0.089751638 -0.029419452 -0.02782638 -0.019167576 -0.005446027 0.001317798 0.054690838 0.053804617 -0.030166548 -0.010937132 0.033996891 0.052985944 0.058256339 -0.029045681 -0.04099476 0.037143294 -0.062483564 0.00630606 0.079477824 0.133324847 0.005862053 0.04041741 -0.041989673 -0.00686702 0.000868502 0.059527826 -0.05328238 -0.073272616 -0.050367564 0.014225695 -0.049611755 -0.003184601 0.065621078 0.026662923 -0.064532548 -0.01493992 0.030622946 0.015830575 0.002869156 -0.013492948 0.023233188 -0.022358306 -0.028710427 -0.044649329 -0.042460967 0.058791842 -0.005366504 -0.059854202 -13.277884483 -4.001734734 6.22572422 3.007239103 -1.004299164 -2.502641201 -1.087110877 8.414500237 4.11730957 -0.017167758 0.08510153 0.047431074 5.613632202 8.297369003 2.159218311 27.585165024 5.96723175 -2.063846588 1.068518758 0.534747124 -0.057243176 -3.907460451 -0.02435681 0.008108024 
5.552845478 5.552845478 5.552845478 5.733629704 14.828910828 -2.326559782 2.131624699 -0.207102567 -1.146623969 -0.218853295 1.061147213 0.180083543 -1.697972775 2.516792774 1.537325382 1.084400058 0.069842771 -0.213898078 -0.458547384 0.001069687 0.336911261 -0.928892314 1.36188364 -16.341245651 14.463622093 -25.793748856 -56.222270966 7.098275185 -27.430370331 2.678826332 0.015682817 -0.056942355 0.053075798 -0.016743656 -0.048361126 0.053967088 -0.036638029 -0.007838217 0.05902338 0.038751096 -0.013318927 -0.037146877 0.020022122 0.081718192 -0.083680481 -0.070529304 -0.007407014 0.01021616 0.014979133 -0.049964126 -0.013024737 0.034800716 -0.078474842 0.006429635 -0.003358448 0.062716015 0.069869332 0.011735041 0.036298253 0.049191833 0.037762247 -0.050436094 0.056697 -0.01782847 -0.006454841 0.019957863 0.003371856 -0.046419311 0.026897028 -0.044508029 0.040155649 0.063099578 0.008825393 0.086459115 0.065959051 -0.132035479 -0.054824188 -0.001195628 0.406370848 -1.304863214 15.214301109 19.309602737 31.839572906 54.324584961 11.062445641 10.30106163 1.351580977 -0.119804896 -0.034420013 -0.066224486 -0.018264294 0.030969545 -0.020527862 0.057574552 0.034755893 -0.040292725 -0.016282979 0.012781185 0.049660422 0.076964058 -0.046642743 -0.044060037 0.019833785 -0.0722031 0.021987919 0.069604553 0.137149394 0.008019723 0.037108243 -0.037989091 -0.028131813 0.010426085 0.081712238 -0.032337856 -0.066500746 -0.031467032 0.014037237 -0.059323136 -0.015266862 0.087443538 0.025955444 -0.031744163 -0.017246364 0.025529036 0.038764928 0.008390492 0.001074682 0.037128996 -0.021879451 -0.027903484 -0.044274423 -0.062693574 0.043532539 -0.018832726 -0.031835277 -12.434949875 -2.617226601 7.278780937 3.78330493 -0.654802263 -1.982175946 -2.167889118 6.919975281 3.234665871 -0.105824187 0.08415582 0.034843955 3.345611095 7.256684303 4.113455296 29.07101059 5.713573933 -3.832591295 -0.204791114 1.1207546 0.010821974 -3.590022564 -0.018473208 0.002736394 
5.576375961 5.576375961 5.576375961 6.614048958 16.662811279 -2.806228399 2.98246789 -0.194487795 -1.402069449 -0.21315302 1.188829899 0.21286349 -1.75687778 3.228743315 1.828642488 0.622344553 0.171786577 -0.148240596 -0.593378127 0.019124953 0.169464961 -0.604438305 0.394624084 -16.748464584 14.201984406 -24.081413269 -57.323490143 6.840532303 -24.276483536 2.250249863 -0.006643842 -0.07248354 0.036371179 -0.006452955 -0.063544124 0.027492162 -0.047478545 -0.001479144 0.051505521 0.022280736 -0.000108437 -0.031731829 -0.000714564 0.075020753 -0.091041237 -0.051340368 -0.021653911 -0.004730937 0.013481212 -0.046820328 -0.022342224 0.01885836 -0.063356787 -0.001589871 -0.021979719 0.070793174 0.086446457 -0.029462986 0.022590136 0.021133633 0.027463365 -0.047943454 0.079252332 -0.019102395 0.003718954 0.022827746 0.020366805 -0.042450096 0.004618313 -0.031053701 0.029096132 0.041860033 -3.6546e-05 0.105161734 0.063951217 -0.101692967 -0.038091566 0.000898934 0.169373006 -0.554239154 15.567808151 17.065553665 31.826833725 53.069835663 10.807034492 8.716751099 2.398893595 -0.134954184 -0.028146138 -0.077282205 -0.006149556 0.04259897 -0.042306948 0.05227505 0.018530188 -0.037599739 0.010730978 -0.005741796 0.044697884 0.09046609 -0.062284984 -0.025856411 -0.001030355 -0.08380115 0.021954015 0.046103682 0.140461653 0.015721938 0.031089537 -0.017647771 -0.038388915 0.010452625 0.082419917 -0.028103111 -0.062655888 -0.016691376 0.005294925 -0.065327339 -0.055362936 0.109755397 0.02442993 -0.018406335 -0.01820557 0.020305684 0.055138364 0.012913058 0.018178392 0.068125583 -0.024789618 -0.005622386 -0.032544598 -0.054179765 0.014148874 -0.022486234 -0.015356514 -12.015911102 -1.11199379 8.146814346 4.746313095 -0.28322348 -1.535106301 -2.902512074 5.343146801 2.519777298 -0.309504896 0.05988219 0.02664241 0.529331505 7.02251339 5.283082008 28.529472351 5.893544674 -4.441853523 -1.525842786 1.315841436 -0.080031633 -3.259144545 -0.004555738 0.009244643 
5.607885361 5.607885361 5.607885361 7.345972538 18.325307846 -2.969329357 3.630721569 -0.137933716 -1.48451972 -0.198188439 1.60415411 0.082955174 -1.63389349 3.734803915 1.311332583 0.087563008 0.194224074 0.265708536 -0.649176002 0.00425762 0.358571202 -0.267297119 -0.432768136 -16.695634842 13.266069412 -22.313592911 -58.526893616 5.032907486 -22.416410446 1.868201256 -0.001629049 -0.074749336 0.059379138 0.039957359 -0.081782654 -0.005212297 -0.059871551 0.002665427 0.039092723 -0.018847225 0.027595403 -0.013756036 -0.010288913 0.068030104 -0.069915101 -0.026148416 -0.023613924 -0.025806798 0.021536723 -0.039593872 -0.026448766 0.021132244 -0.049825165 -0.006440969 -0.053106915 0.066354536 0.0777459 -0.045833327 0.009883579 0.002350373 0.035016529 -0.018440504 0.069693111 -0.01293346 0.013466027 -0.011418387 0.029114489 -0.051445857 -0.021546232 -0.034548126 0.015457706 0.03463294 -0.014560959 0.104011908 0.0497857 -0.054392315 -0.015981905 0.024631938 0.104595937 0.128757283 15.620113373 12.828942299 30.441555023 52.769901276 8.404302597 6.47338295 3.00305748 -0.104041077 -0.011249208 -0.077151053 0.013016093 0.041745111 -0.07189396 0.026206113 0.012025382 -0.01785888 0.02004504 -0.031009853 0.022387471 0.109270811 -0.063826144 0.015454333 -0.001800061 -0.115507655 0.006978698 0.041008711 0.126241669 0.035162196 -0.008348673 0.026752995 -0.037302602 0.019319519 0.075424619 -0.051317554 -0.043141048 -0.008011957 -0.029921418 -0.079936489 -0.10672421 0.117029466 0.026158413 -0.013183983 0.003281906 0.031080883 0.069677159 0.020807933 0.048899088 0.083207153 -0.010423173 -0.013745413 0.002751739 -0.035470583 0.011384647 -0.026262123 -0.004521646 -12.166684151 0.782166839 8.509906769 6.367383003 1.028949261 -1.305100203 -3.590408564 3.555961609 1.740315437 -0.356747329 0.047138523 0.019674093 -2.168410301 6.763144016 5.208467484 26.800666809 5.750137329 -4.345562458 -3.14356184 0.927427649 -0.262812167 -2.908070087 0.015120101 0.021452017 
5.63964653 5.63964653 5.63964653 8.233005524 20.177709579 -2.924740791 3.796666622 -0.003442089 -0.879692554 -0.454101503 1.81865716 0.085975461 -2.237570763 3.668079376 0.54726994 -0.539066792 0.135442615 0.668577254 -0.725952506 0.007363219 0.336227208 0.052367616 -1.062829256 -16.275676727 12.303706169 -20.333515167 -60.206752777 3.047563553 -21.025800705 1.483062506 -0.013135707 -0.057400763 0.083790295 0.100399509 -0.060764324 -0.050920747 -0.034274034 -0.007470567 0.041109577 -0.025424337 0.0404974 0.014549587 -0.025353108 0.065293811 -0.053009275 -0.028050274 -0.016917452 -0.028254054 0.030142205 -0.01618005 -0.044941045 0.014892626 -0.030559307 -0.025389832 -0.067312814 0.059847273 0.059124831 -0.046164393 0.000391874 -0.001594971 0.040416393 0.007994493 0.055533241 -0.006073375 -0.004047565 -0.038778905 0.03669598 -0.077374786 -0.034561649 -0.038263064 0.026369434 0.035650309 -0.022818955 0.084385164 0.042284653 -0.034683399 -0.016396774 0.028577695 0.199860677 0.787036896 15.692738533 8.908675194 29.123289108 52.57088089 5.357470989 4.324590683 2.957903624 -0.089151509 -0.020208141 -0.070930772 0.027108407 0.028777672 -0.092905112 0.001701362 0.013607793 -0.035480969 0.011642363 -0.060957003 -0.022506205 0.122655779 -0.069837287 0.044371787 0.002976209 -0.105188154 0.016733117 0.067853838 0.079952613 0.054068405 -0.036991242 0.037089653 -0.023609331 0.029402191 0.055701498 -0.052546035 0.00532021 -0.005142042 -0.027664704 -0.074182145 -0.115686573 0.103362739 0.027671888 -0.001325224 0.028393216 0.027727319 0.085175008 0.051610917 0.039220579 0.067311354 0.013196046 -0.024637483 -0.00170008 -0.024361962 0.002053093 -0.037438259 0.020177506 -12.830883026 2.375998497 8.038830757 8.377306938 2.388575792 -1.003240824 -4.336785316 1.607879639 0.736070573 -0.233143598 0.043277949 -0.003344961 -4.429481983 6.864018917 4.020088196 22.610671997 6.135784149 -4.090354919 -3.637248278 0.3539702 -0.297537804 -2.359580278 0.014069885 0.031242153 
5.661147594 5.661147594 5.661147594 8.883513451 21.431573868 -2.806741714 5.030755043 -0.087017722 -0.147477627 -0.210565418 1.426925302 0.107194267 -0.208103046 4.039530754 0.807862401 -1.140992999 0.33314839 0.276493222 -0.726536214 -0.016875967 0.31405288 -0.124737829 -1.82678318 -16.519632339 11.515547752 -21.612186432 -61.552566528 1.210039616 -17.155006409 1.035979509 0.031408526 -0.004137995 0.081776477 0.079156198 -0.030872468 -0.036234561 -0.003152156 0.005808929 0.051093806 -0.049055308 0.064042918 0.030992661 -0.020303231 0.088514328 -0.060252927 -0.028622055 0.001953886 -0.028285841 0.032439359 0.014832643 -0.024348173 0.032381248 -0.000589182 -0.004357288 -0.054906853 0.035402473 0.012462469 -0.017564291 0.024451464 -0.022745503 0.048876937 0.039484937 0.021304069 -0.075455815 -0.014656032 -0.038280699 0.003746988 -0.075179845 -0.053237658 -0.07382445 0.048949264 0.052733857 -0.045300085 0.047358606 -0.006480108 -0.046469562 -0.00898084 -0.028601214 0.247666404 1.581765056 15.989611626 3.14501667 26.155496597 52.707408905 -0.747893691 4.236166477 2.158873081 -0.106012613 -0.024949582 -0.081822693 0.007733173 0.009781945 -0.047146022 -0.031212194 0.005006827 -0.037819684 -0.003657744 -0.02421831 -0.0536539 0.101865783 -0.059190679 0.042732183 0.014706703 -0.030819809 0.037035458 0.094754599 0.028905438 0.050936561 -0.060181897 0.021957058 0.004690059 0.005108095 0.019932562 -0.060631849 0.06968344 0.028260656 -0.012045176 -0.035163198 -0.097877644 0.085211374 0.041365605 0.001216692 0.041931123 0.021475041 0.09008351 0.016467493 -0.012438893 0.048448391 0.025836207 -0.050047256 0.003049745 -0.016927801 0.010796443 -0.067387693 0.054678086 -12.209280968 3.160688639 7.758337021 8.134103775 3.559511662 -0.464689106 -3.787293434 0.388210505 -0.227455035 0.124449357 0.086825222 -0.036662955 -5.156537533 5.170838833 2.220124006 13.87012291 4.907627106 -3.290686607 -2.55742836 0.934449494 0.092766508 -1.803423047 -0.00917429 -0.031633783 
5.675399303 5.675399303 5.675399303 6.913695812 20.998325348 -2.337430477 6.385273933 -0.014701895 0.451570809 0.041280054 1.919641972 -0.326082379 2.717608929 4.403574944 1.485428929 -0.222229019 0.448851049 -0.08088319 -0.795765221 -0.070101775 1.03880465 -0.433817029 -2.297650576 -16.049154282 12.879481316 -23.581474304 -61.054412842 -0.578004062 -17.099250793 0.455801755 0.07516554 0.020742087 0.105407953 0.071887247 -0.026151896 0.014219861 -0.006580433 0.007339718 0.044619195 -0.019387478 0.058023579 0.03034397 0.008058204 0.092478469 -0.069412 -0.002910204 0.04538573 -0.018316232 0.024769342 0.01717478 0.026003052 0.076948822 -0.018421346 0.028093282 -0.041580398 0.002873742 -0.04044361 0.011662797 0.039382324 -0.007247056 0.069811411 -0.004581128 -0.006657189 -0.08430481 -0.01723253 -0.00224285 -0.005047746 -0.081583038 -0.048865989 -0.086310305 0.048769612 0.095030621 -0.036730967 0.059461385 -0.047741231 -0.080874361 -0.031653091 0.001131888 0.237926736 2.094068289 15.32024765 -6.076500893 21.997644424 54.548748016 -8.343500137 4.815412521 1.421167135 -0.066004641 -0.04987397 -0.10179583 -0.001782828 -0.002438478 -0.058643624 -0.009256411 0.003554469 -0.002172159 -0.019162644 0.035903409 -0.034544852 0.069278866 0.001693564 0.056972176 0.034818675 0.00497686 0.049077295 0.09786135 0.010688965 0.064254619 -0.030604243 0.035954673 0.035604287 -0.02192821 0.020305915 -0.081075802 0.0665121 0.034095008 -0.023994986 -0.028331378 -0.092075624 0.068724222 0.028051851 0.012930973 0.039495572 0.048940372 0.036238391 0.02423601 -0.033695444 0.055912066 0.003035444 -0.076937959 0.086866125 -0.023383077 0.052576058 -0.04054958 0.062480517 -9.60965538 5.071846485 8.360373497 8.38497448 5.612745285 -0.106027581 -3.410304308 0.134328887 -0.075870946 -0.041136567 0.128959745 -0.042024355 -3.723141193 2.623568535 0.610937178 5.495299816 2.431056976 -2.693425655 -1.996045351 1.514362693 0.701267064 -1.553074121 -0.010868819 -0.069251999 
5.675217152 5.675217152 5.675217152 5.689047813 18.015583038 -2.172260046 6.198069096 0.792099595 0.265140444 0.921173632 3.169730186 -0.20186168 6.242264271 5.144579411 3.491309643 0.293206394 0.510091484 -0.719020367 -0.641089559 -0.08590465 1.510599136 -0.781234145 -1.982652783 -15.587270737 14.315841675 -26.148538589 -60.934883118 0.471547037 -17.934724808 -0.153120458 0.086327292 0.020524615 0.123615168 0.041689921 -0.041461665 0.046843212 -0.039345782 -0.001766417 0.083921529 -0.000439778 0.049320731 0.003457291 0.017861804 0.083716705 -0.022672184 -0.011980938 0.064504646 -0.012330259 0.010940086 -0.001784464 0.077058963 0.10558755 -0.028473338 0.08117418 -0.036282036 0.031994339 -0.074330024 0.041004147 0.030808125 0.002755768 0.076129116 -0.042381644 0.011678795 -0.049869351 -0.037303273 0.030191638 -0.017642677 -0.065758698 -0.037909795 -0.10778378 0.051666979 0.113274738 0.024996836 0.028298268 -0.021510391 -0.113613151 -0.060079947 0.059397634 -0.013816526 2.108126879 13.531662941 -11.079884529 21.035860062 54.306873322 -12.865774155 8.569415092 0.825789392 -0.037089951 -0.054049119 -0.073753774 0.018548658 -0.027575031 -0.066736087 -0.021332067 0.018199099 0.027546152 -0.038563747 0.019330936 -0.029388601 0.04181416 0.027322493 0.062195364 0.051606692 0.020771107 0.094605997 0.069689505 -0.011633427 0.094372764 -0.017119067 0.095236823 0.048496127 -0.076032288 0.036049984 -0.091529913 0.041226361 0.03376767 -0.029149823 -0.039445318 -0.096950404 0.071899749 0.016250525 0.000549333 0.033928853 0.081085451 -0.000478729 0.007265733 -0.05040773 0.020396274 -0.025095522 -0.061110158 0.187038183 -0.053510077 0.121557556 -0.014511772 0.030262325 -7.49356699 3.438106775 10.183587074 8.683282852 3.853737593 -0.813744128 -5.896843433 1.231004357 1.094383717 -0.400740713 0.14678596 -0.001793793 -5.327522755 -0.463999182 0.758091271 2.225904465 -0.538965881 -1.842516541 -2.578961372 1.796974301 1.16931808 -1.311522007 -0.039717313 -0.122003138 
5.645671844 5.645671844 5.645671844 7.257828236 14.397803307 -2.902113438 4.918502331 1.926824808 0.419862568 1.214689374 3.768329859 -0.084619157 7.543782711 6.076448441 5.412808895 0.459371805 0.368535995 -1.160260439 -0.41544354 -0.135853782 1.580705523 -0.702995121 -1.583086252 -15.654659271 15.046181679 -29.313304901 -61.608264923 1.988909245 -15.572995186 -1.357702374 0.092598848 0.013673187 0.099611163 -0.033360332 -0.050446421 0.072327219 -0.064172305 0.01881863 0.147048712 -0.048795383 0.098383233 0.037015185 0.006542338 0.060650118 0.014899674 -0.047612984 0.076038271 0.00709897 0.0071674 -0.014573483 0.103042245 0.110631384 -0.027348192 0.111910246 -0.049497899 0.063938737 -0.068130091 0.086438768 0.020049125 -0.003222095 0.075430967 -0.046572611 0.074929968 -0.037288275 -0.045443505 0.028326185 -0.051107924 -0.0131351 -0.037231654 -0.14418301 0.038828593 0.076652542 0.041093603 -0.009530189 0.027660482 -0.127182573 -0.048168503 0.076446354 -1.133640766 1.535876632 13.315527916 -13.626116753 21.741731644 53.935386658 -14.70565033 12.365717888 -0.1143087 -0.01305888 -0.031583395 -0.017518045 0.037737276 -0.016002351 -0.041700192 -0.07708364 0.025432196 0.042993676 -0.018378694 -0.006049431 -0.022710046 0.020802341 0.017175134 0.009771988 0.062894173 0.022908567 0.134748995 0.015972838 -0.033880375 0.113836654 -0.030677656 0.1385912 0.046555292 -0.089337744 0.003065635 -0.112139344 0.02602396 0.023656582 -0.052103512 -0.054621447 -0.090082146 0.036707334 0.032594707 0.032019589 -0.002695423 0.075325176 -0.023072785 -0.036823198 -0.089970767 -0.013721986 -0.042166583 -0.078748032 0.268130422 -0.049213216 0.203215852 -0.029614016 -0.023824252 -7.863631248 -0.811167657 11.993387222 10.16445446 -0.516606987 -1.271564364 -6.97245121 1.447607636 1.582379341 -0.73787719 0.137541652 0.019387569 -11.113669395 -1.817371607 1.223914504 3.114652157 -1.90266192 -1.239536285 -1.347356915 2.006874561 1.315217376 -0.991279662 -0.054569919 -0.160931498 
5.611390114 5.611390114 5.611390114 8.989295959 12.12912941 -3.343944073 3.955316544 2.428836346 0.343949139 1.313506842 3.622171879 0.030678215 7.958651543 6.215097904 7.082888126 1.325492263 0.074146286 -0.904470503 -0.452472836 -0.169330016 1.729868054 -0.329774171 -1.493935823 -15.773239136 14.855028152 -30.70533371 -63.00553894 2.527485609 -13.159975052 -1.6905303 0.106819995 0.018938076 0.107616358 -0.063395165 -0.036641773 0.095091 -0.059829865 0.046321489 0.157290608 -0.106702685 0.098924518 0.06771373 0.006463655 0.057482146 -0.00604445 -0.074507304 0.093676463 0.042190071 0.026578281 -0.04017964 0.116456248 0.140245274 -0.047653563 0.119160123 -0.057602447 0.073033042 -0.047487382 0.12329419 0.00517501 0.028781634 0.099400826 -0.041291174 0.118213728 -0.040228672 -0.034398705 0.012728433 -0.079958014 0.011094575 -0.041938413 -0.175972536 0.065051273 0.06841673 0.037805457 -0.054221794 0.05959649 -0.119548909 -0.032090086 0.057576366 -2.296207666 0.736923993 13.422466278 -16.609453201 22.538927078 55.111419678 -17.189922333 15.493203163 -0.846947849 0.006963384 0.005151923 0.000757759 0.041819084 -0.032184511 -0.022540921 -0.11700213 0.022067929 0.038037777 -0.006159305 -0.023248961 0.015413748 0.012929604 0.04178695 0.011073095 0.091649428 0.054058842 0.141419858 -0.014271393 -0.047358848 0.145711765 -0.029523196 0.150979072 0.055191096 -0.058621693 -0.0006892 -0.121043384 0.051560547 0.004060628 -0.072160155 -0.061952244 -0.087101668 0.003975149 0.030106528 0.034898784 -0.014574409 0.044882867 -0.009180043 -0.071501076 -0.100812308 -0.035648044 -0.043294542 -0.0824022 0.305533171 -0.022423359 0.20386754 -0.009080401 -0.03956569 -7.689745426 -4.019573212 13.49968338 10.16567421 -3.293533802 -2.300932884 -7.927757263 1.000272155 1.539314389 -1.037946582 0.11829146 0.004093901 -16.713760376 -1.876232982 0.743372858 4.135507584 -1.402093887 -0.359065026 -1.090589762 2.503588676 1.338473916 -0.792574763 -0.050366044 -0.188446999 
5.583180904 5.583180904 5.583180904 9.557477951 10.878171921 -3.193465471 3.742867231 2.433790684 0.278428644 1.579546928 3.537162066 0.24648869 8.454340935 6.552994251 7.709536076 2.287115574 -0.133996293 -0.620283723 -0.538671613 -0.169534028 1.724540234 -0.127796382 -1.213154078 -16.042333603 14.830497742 -31.668994904 -63.884822845 3.285216808 -11.941479683 -1.572945952 0.102897711 0.027038807 0.088593654 -0.071659751 -0.027001997 0.117979109 -0.048989438 0.061408978 0.152051464 -0.163181156 0.09684062 0.085608542 -0.002872989 0.055067278 -0.039566733 -0.101385467 0.096252494 0.079242952 0.053054258 -0.058919165 0.10785795 0.157056525 -0.066209547 0.121809274 -0.05930433 0.061527532 -0.033448208 0.135564014 -0.008790622 0.055235084 0.10405831 -0.046970401 0.124243341 -0.059896629 -0.005971197 -0.006569281 -0.099493168 0.047898676 -0.044571266 -0.211052611 0.098140053 0.068475731 0.018919345 -0.07654465 0.051604878 -0.132290393 -0.012610263 0.041918747 -3.095354795 0.161877811 13.460427284 -18.522312164 24.192056656 56.131214142 -17.998537064 15.322887421 -1.303289771 0.024589419 0.031069474 0.004372362 0.052704159 -0.035564844 -0.011114348 -0.133051947 0.011041254 0.035200298 -0.009020261 -0.022943703 0.032751717 0.010070707 0.066403858 0.014407994 0.102435991 0.065202504 0.139212802 -0.0554999 -0.060467087 0.146630153 -0.014021589 0.150173739 0.069656737 -0.03091553 -0.022294937 -0.100539789 0.060068835 -0.000631739 -0.08041314 -0.073125705 -0.08884988 -0.01798011 0.034810554 0.028001415 -0.012940423 0.015974915 -0.002367553 -0.078356408 -0.108503088 -0.03657129 -0.049492311 -0.076256402 0.298919111 -0.012810065 0.185247526 0.008402362 -0.026286904 -6.909618378 -5.558807373 13.666542053 10.983810425 -4.530624866 -2.798906326 -9.187848091 0.25775969 1.15904665 -1.418804288 0.099775501 -0.018169291 -20.432849884 -1.283965349 0.231724605 4.755040169 -0.528170407 -0.158952087 -0.703867793 2.986171484 1.557150602 -0.703119159 -0.035040449 -0.213827997 
5.557602882 5.557602882 5.557602882 9.0867033 10.861381531 -2.889777184 4.022613049 2.054456234 0.304691106 1.79229033 3.414922714 0.224863067 8.996041298 6.677684784 7.757914066 3.639167547 -0.3160806 -0.147483543 -0.670927465 -0.154861674 1.636406779 -0.145444885 -1.163033366 -16.338657379 14.59318924 -31.032108307 -64.368431091 3.457692146 -11.056435585 -1.399057627 0.09937118 0.013923721 0.067213088 -0.095640808 -0.010027544 0.116062723 -0.063722774 0.075366229 0.151549876 -0.187597856 0.103408247 0.081105046 -0.014631983 0.055097885 -0.063837007 -0.11528822 0.087430008 0.091625474 0.063060381 -0.071347117 0.102207161 0.16178748 -0.071477868 0.133488789 -0.058391687 0.055357687 -0.021869266 0.135798052 -0.021356361 0.073938362 0.104919009 -0.051590625 0.115022004 -0.088647202 0.012027494 -0.020868527 -0.10846483 0.068193719 -0.04772998 -0.220406875 0.113572963 0.069173925 -0.003656808 -0.081775822 0.032623816 -0.144855157 -0.003648423 0.031975653 -3.716074944 -0.219480127 13.802236557 -19.937940598 25.769298553 57.234230042 -18.296413422 14.233333588 -1.65821135 0.014193288 0.056627419 -0.005914398 0.049030531 -0.030522611 0.017617542 -0.134134442 0.005582909 0.040065683 -0.030588193 -0.009682992 0.027896026 0.001848886 0.073814891 -1.1642e-05 0.094451189 0.073164515 0.139518216 -0.084965408 -0.06377057 0.123076171 0.008786574 0.130609915 0.082620323 -0.027142895 -0.033982866 -0.082168967 0.061625544 0.013344469 -0.077437267 -0.076820798 -0.083280317 -0.031327806 0.039560888 0.006631048 -0.005539748 0.002783585 0.000369535 -0.07305453 -0.124801554 -0.030846423 -0.055362355 -0.059724614 0.27804172 -0.029100507 0.164525673 0.01780463 -0.028720753 -5.272594452 -5.988610268 13.347420692 12.018036842 -4.755483627 -3.244573355 -10.070095062 -0.475275308 0.869671762 -1.848781705 0.099943556 -0.014308794 -21.627889633 -0.806605279 -0.220346496 4.603250504 0.048160724 0.126183748 -0.626701832 3.274164438 1.664292693 -0.681802034 -0.025099061 -0.245450884 
5.540714741 5.540714741 5.540714741 9.042163849 11.00157547 -2.393464327 4.275074005 1.678603053 0.235557199 1.823931575 3.211421251 -0.023056474 9.094870567 6.440853596 7.234597206 4.920622349 -0.404371649 0.231749922 -0.787052751 -0.150053129 1.539661407 -0.336333007 -0.832431912 -16.348321915 14.670909882 -29.715612411 -64.35761261 3.465392113 -10.488365173 -1.202800393 0.080210775 0.000397556 0.067081496 -0.103293881 0.007171033 0.088081904 -0.0747592 0.058326282 0.136468232 -0.175909221 0.111952752 0.059462018 -0.003650945 0.045205262 -0.061782498 -0.113273449 0.085473545 0.086137623 0.06326142 -0.063588791 0.09840975 0.167295501 -0.051199749 0.129998893 -0.05930746 0.06181746 -0.025053713 0.121046588 -0.027128633 0.079998016 0.094283 -0.034334213 0.099639639 -0.097235247 0.016815139 -0.02133619 -0.093450867 0.056785099 -0.043088958 -0.211158469 0.118585482 0.054852843 -0.021316046 -0.068273254 0.014001074 -0.131066382 -0.016399067 0.047275197 -4.207220078 -0.727891862 14.419963837 -20.181560516 26.972345352 58.166164398 -18.291570663 12.84936142 -1.705282092 0.002405533 0.06253507 -0.009352879 0.05451192 -0.03591888 0.029971141 -0.128838554 0.025838552 0.036373198 -0.039086912 0.001144587 0.014900452 -0.003855609 0.072892822 -0.003751905 0.07664153 0.081585675 0.141992792 -0.100396998 -0.055446524 0.095181786 0.01405306 0.119305901 0.08928524 -0.029772725 -0.027580136 -0.067727938 0.0663037 0.023014743 -0.061502319 -0.08028236 -0.076459184 -0.037168231 0.03089576 -0.011580762 -0.004241743 0.002400655 0.006698644 -0.05096807 -0.14140594 -0.020204213 -0.054943815 -0.049183864 0.252727926 -0.050241549 0.144603088 0.015653938 -0.037566695 -4.044190884 -6.173959255 12.830943108 13.184520721 -5.228205204 -3.468293905 -10.185125351 -1.277351141 0.643748283 -2.225968122 0.112944022 0.001749772 -21.924772263 -0.618574619 -0.965685666 4.594393253 0.174133286 0.546892703 -0.915870547 3.646600008 1.879325271 -0.708658695 -0.044602495 -0.258610904 
5.5429039 5.5429039 5.5429039 9.134778023 11.161968231 -1.76247561 4.40228796 1.417708635 0.222059473 1.573665261 3.074185848 -0.126875237 8.747505188 5.914911747 6.468363762 6.011519432 -0.360904843 0.299241245 -0.922355711 -0.163520694 1.425939441 -0.555814922 -0.28243497 -16.142799377 15.205440521 -28.775060654 -63.803352356 3.961718082 -10.193263054 -0.940839589 0.070920199 -0.011674337 0.07885357 -0.099198334 0.013750708 0.054682169 -0.088535823 0.036850825 0.121310882 -0.15700303 0.12640138 0.031507947 0.024144743 0.03265547 -0.05125618 -0.108299449 0.088190928 0.068644106 0.050903816 -0.047347751 0.093088739 0.170701683 -0.020929068 0.130991146 -0.066688322 0.068386175 -0.035846781 0.085548505 -0.02881965 0.072464913 0.078367613 -0.005814109 0.070507444 -0.095263302 0.013286217 -0.031419884 -0.078210592 0.046635501 -0.02521107 -0.200682476 0.120976955 0.028824082 -0.027566686 -0.042700987 -0.015791908 -0.115435854 -0.034292404 0.067272715 -4.383985996 -1.093397379 14.992427826 -19.074142456 28.283638 58.534297943 -17.153253555 10.745079994 -1.660344243 -0.012237926 0.066314831 -0.011606231 0.056733638 -0.039618641 0.050268907 -0.11714264 0.046712957 0.035779521 -0.04083924 0.01412962 0.008178218 0.002277572 0.065790407 0.004197638 0.044626996 0.078903057 0.146543995 -0.118174344 -0.031954974 0.070150852 0.003160242 0.113448456 0.086066425 -0.030437831 -0.016461434 -0.051709548 0.063551046 0.021000879 -0.049902998 -0.086582333 -0.063299157 -0.038708765 0.015341611 -0.02532737 -0.008610853 0.01664695 0.022171846 -0.02721075 -0.138347864 0.001149187 -0.048367869 -0.031831406 0.220596433 -0.070084184 0.127521321 -0.010441958 -0.050456654 -3.165601254 -6.112439632 12.051674843 15.009756088 -5.672853947 -3.521958113 -9.970996857 -1.839673877 0.635453939 -2.521408081 0.129461244 0.025479428 -21.457389832 -0.720822752 -2.023935556 4.98978138 -0.137887731 1.005144835 -1.176760435 3.937773228 2.150831938 -0.777115941 -0.065364785 -0.267061263 
5.551417351 5.551417351 5.551417351 9.05575943 11.51113987 -1.375677466 4.750914097 1.163194418 0.405554682 1.120721579 3.208136559 -0.06956546 8.231518745 5.48564291 5.954196453 6.299553871 -0.188872024 0.015255177 -1.043973684 -0.163326934 1.314164639 -0.843892097 0.271784604 -15.926722527 15.891232491 -29.006174088 -62.639141083 5.012413979 -10.36942482 -0.699336946 0.076584898 -0.011998453 0.097403698 -0.086676233 0.008019019 0.036825534 -0.100546695 0.009681466 0.116231278 -0.122003458 0.13984929 -0.010590528 0.043326847 0.021560566 -0.040165108 -0.113514595 0.099909775 0.052519239 0.027191427 -0.039855085 0.096789882 0.175780326 -0.008695932 0.125189647 -0.082764193 0.061078161 -0.054244511 0.04285102 -0.018745994 0.060670223 0.062541388 0.018442096 0.05510357 -0.06733907 0.012694075 -0.049139224 -0.059765942 0.022951484 -0.011970005 -0.186757445 0.141304165 0.010400428 -0.027317077 -0.012739751 -0.033011097 -0.122436889 -0.050011355 0.080244191 -4.482980251 -1.166041613 15.275527 -16.207269669 29.79073143 57.81665802 -14.306440353 8.990891457 -1.44750309 -0.010110626 0.056693673 0.000989216 0.061120115 -0.029988553 0.058835272 -0.093899764 0.05927984 0.036932021 -0.029983053 0.049113765 0.012334949 0.010245396 0.061546337 0.018979311 0.015988648 0.056588277 0.15322426 -0.120978393 0.005460179 0.062377777 -0.008895509 0.109141797 0.077994123 -0.025967374 0.004299521 -0.038016174 0.047774281 0.013978733 -0.042299043 -0.095987886 -0.04099986 -0.018121989 -0.008503589 -0.023483824 -0.020524776 0.035027273 0.059075993 -0.003754744 -0.11219009 0.025397522 -0.043495718 -0.00617876 0.192396671 -0.079951398 0.120000206 -0.023089245 -0.053005081 -3.335630894 -5.194842339 10.868117332 19.340839386 -5.272857189 -3.192354202 -9.882989883 -2.000741243 0.827868164 -2.765104294 0.151787102 0.056279626 -19.928152084 -0.646649361 -2.825169325 5.162005901 -0.411422491 1.313107371 -1.471426249 3.537505388 2.207676172 -0.83399564 -0.092856623 -0.269869357 
5.564684391 5.564684391 5.564684391 8.845336914 11.20473671 -0.781495929 5.189532757 0.99678725 0.586910427 0.725981593 3.457891226 0.145995051 7.550233841 5.328829765 5.429615021 6.091972351 0.032243639 -0.548858643 -1.129088879 -0.174226567 1.243795156 -1.15164268 0.719380498 -15.73717308 16.706804276 -29.735645294 -61.41532135 6.096945763 -11.267303467 -0.497992516 0.075264327 -0.005124744 0.122753017 -0.066973329 0.005096573 0.023851829 -0.095701255 -0.015344974 0.10877388 -0.086089998 0.155681446 -0.038631238 0.047885753 0.018689228 -0.028031491 -0.105442002 0.109149747 0.035560641 0.011318793 -0.030390183 0.098814294 0.171071813 0.011522797 0.114752114 -0.09421844 0.054717474 -0.08121673 -0.015700117 -0.010384626 0.042396963 0.05421824 0.02873072 0.060228489 -0.042026665 0.003071974 -0.06348522 -0.049241241 -0.003832697 -0.001148343 -0.163460135 0.144735992 0.002533663 -0.022324868 0.008447833 -0.03794539 -0.114699408 -0.065007523 0.078947477 -4.441708565 -1.156349659 15.331918716 -12.551539421 30.974720001 56.63583374 -11.080219269 7.648036003 -0.963447154 0.002451325 0.053647391 0.018147888 0.055866819 -0.019927038 0.063687421 -0.060384694 0.067975454 0.029688081 -0.003583004 0.072835781 -0.009785984 0.023402048 0.046793304 0.035084125 -0.010065502 0.028070193 0.140825778 -0.108638443 0.035912856 0.052215941 -0.023627847 0.091339402 0.068117179 -0.010206849 0.015928267 -0.036415391 0.033472348 0.002027515 -0.012848611 -0.100218013 -0.022910492 0.007983466 -0.022089077 -0.024360677 -0.030161439 0.055963077 0.095248342 0.018632511 -0.084278904 0.046172254 -0.043727484 0.016017346 0.1597386 -0.084739707 0.102068104 -0.030497495 -0.042480078 -3.870482922 -4.521057129 8.929065704 24.282751083 -5.012440681 -2.327953339 -10.018737793 -1.94256115 1.123974919 -2.944001675 0.158695266 0.072848454 -18.224742889 -0.299650252 -3.404418707 5.549183369 -0.303299636 1.142384648 -1.721243501 3.090804577 2.108054638 -0.93364954 -0.110267267 -0.253712714 
5.58226347 5.58226347 5.58226347 8.63916111 9.941594124 0.209194824 5.52437067 0.806920826 0.791569173 0.414575458 3.689747572 0.39664036 6.32476902 5.201649666 4.533754349 5.655478954 0.25951004 -1.128579021 -1.250286222 -0.183676869 1.189647079 -1.399110079 1.138737321 -15.735586166 17.797870636 -30.174365997 -60.227981567 6.873132706 -12.836299896 -0.400654852 0.060830973 0.000587675 0.143151388 -0.039599672 -0.002921237 0.012536668 -0.075720787 -0.048082978 0.093944564 -0.046174627 0.154647797 -0.057711244 0.056248043 0.04020191 -0.005956071 -0.072007179 0.10668043 -0.005102215 -0.012277475 -0.017819433 0.090836771 0.15663752 0.044049919 0.091009535 -0.09260454 0.049315885 -0.105348378 -0.062373295 0.006933016 0.009116251 0.046883035 0.031349566 0.058040582 -0.017426396 -0.008536454 -0.050155319 -0.040708188 -0.033062398 0.010451474 -0.120852344 0.138372794 0.003619635 0.000274454 0.015670005 -0.025219642 -0.079773448 -0.072002649 0.075199425 -4.269661903 -1.05410254 15.329073906 -8.438282967 31.305086136 55.208999634 -8.281796455 6.694309235 -0.471469402 0.017684095 0.048817687 0.030245595 0.038973525 -0.020412069 0.063592426 -0.049233913 0.065636069 0.017163072 0.032195959 0.069177546 -0.045797944 0.030501837 0.017177548 0.06131731 -0.022934297 0.015574956 0.106733769 -0.100412443 0.049307425 0.033487801 -0.05392677 0.076581873 0.052950505 0.00622156 0.030830901 -0.035615198 0.026219528 -0.001061812 0.020598354 -0.083243772 -0.020251768 0.035406683 -0.030335153 -0.024860861 -0.032945551 0.062048908 0.115172453 0.018313529 -0.058804635 0.037522707 -0.052513093 0.029114492 0.119593956 -0.081443727 0.075650468 -0.042438492 -0.027972773 -4.261423588 -4.297953129 6.147968769 28.448072433 -4.941197395 -1.251226902 -10.236218452 -1.702355623 1.409825563 -3.063287258 0.139753416 0.069177657 -16.760168076 -0.017116934 -4.078589916 6.361364841 -0.44884184 1.014710903 -2.043033838 2.405961752 1.775013328 -1.022839308 -0.11042624 -0.206622481 
5.602844715 5.602844715 5.602844715 8.812568665 8.440583229 0.999513328 5.549636364 0.566244364 1.287693858 0.30391559 3.652041674 0.553832591 4.505744457 4.493086338 3.308032513 4.303887367 0.390358031 -1.320809245 -1.365168095 -0.177009031 1.112472057 -1.571564317 1.273972869 -15.860757828 18.376638412 -29.701436996 -59.158073425 7.398857117 -13.528576851 -0.462662071 0.050146997 0.008649707 0.132504135 -0.02064883 -0.026925605 0.012985954 -0.04172916 -0.073653564 0.06116309 -0.01314293 0.14727746 -0.069494791 0.072586216 0.07670515 -0.002831237 -0.03786128 0.091413431 -0.058352776 -0.023606556 -0.002550304 0.086856492 0.152579904 0.072160602 0.068188928 -0.091194458 0.043748654 -0.127071872 -0.062482625 0.023728037 -0.007338184 0.05792021 0.030966034 0.040548258 -0.019216236 -0.008938394 -0.054392248 -0.044792201 -0.064923957 0.024452047 -0.062892526 0.115107551 0.018661676 0.032725442 0.004905026 -0.011372678 -0.04152672 -0.061044537 0.064870261 -4.046793938 -0.724893212 15.596384048 -4.052850723 31.484983444 54.161869049 -5.321153164 5.878275871 0.217824399 0.033648316 0.059394684 0.040634882 0.014729628 -0.0250856 0.053529512 -0.063875608 0.049693409 0.004979059 0.050837591 0.059705079 -0.078833096 0.017120471 -0.008514593 0.091391101 -0.027576789 0.028397398 0.063820496 -0.08514113 0.064385489 0.017268084 -0.083319344 0.066528261 0.027835138 0.001577409 0.056171417 -0.034525234 0.029411525 0.015775818 0.040340345 -0.037890628 -0.024224706 0.07161928 -0.023111176 -0.029809313 -0.03259496 0.056258369 0.1158958 0.008407753 -0.04779508 0.016312551 -0.062258996 0.034234151 0.079872064 -0.071065784 0.065292999 -0.046992842 -0.012183428 -5.774440289 -4.206571579 3.103407621 32.48405838 -4.514642715 -0.279551655 -9.672646523 -1.506526589 1.380023479 -3.138424635 0.103554264 0.037028272 -15.567564011 0.689902663 -4.740421772 7.355884075 -0.41006887 0.727951229 -2.872829676 1.476838827 1.168924928 -1.158120155 -0.077883862 -0.154477835 
5.618653297 5.618653297 5.618653297 9.213807106 6.966619968 1.49526608 5.07667923 0.271371871 1.612000585 0.069794722 3.465656996 0.591358364 2.364126921 3.96834898 2.561805964 2.701101303 0.447368056 -1.353241563 -1.403950572 -0.167079002 1.008273125 -1.40711236 1.042608023 -15.868168831 18.649417877 -29.875909805 -58.245948792 7.860596657 -13.915481567 -0.576160371 0.053920645 0.029118083 0.119175106 -0.013084741 -0.041410439 0.00764358 -0.016519347 -0.079294153 0.03193076 0.005638188 0.138422623 -0.061122902 0.086131282 0.078086525 -0.000324268 -0.004058026 0.079414211 -0.091289744 -0.018079285 0.012702009 0.103546523 0.122720972 0.086423568 0.051783323 -0.091195904 0.030736296 -0.135804892 -0.043677364 0.038723636 -0.013838455 0.054083526 0.026267812 0.007887332 -0.029200573 0.000420054 -0.049466301 -0.053414226 -0.081364803 0.023306053 -0.001590634 0.107084572 0.020873575 0.066094011 -0.018796882 -0.014049877 -0.004658423 -0.04258991 0.069913939 -3.647882462 -0.162173614 15.691523552 0.401721567 30.915740967 53.562129974 -2.10648632 5.956579208 0.950319231 0.054109901 0.059328031 0.042420119 0.001495048 -0.025209973 0.042070709 -0.068633445 0.031297836 -0.003072379 0.05295521 0.073052615 -0.077791251 0.004427071 -0.00590858 0.10579253 -0.019569492 0.056409046 0.026301108 -0.073695607 0.06194564 0.012261868 -0.093807958 0.061642751 0.014243366 -0.003892591 0.059431225 -0.03833269 0.033596143 0.024180386 0.047212716 0.02451561 -0.023943136 0.082500607 -0.016711142 -0.02357767 -0.025378712 0.040391482 0.107313983 -0.010748548 -0.042948827 -0.004126021 -0.058987796 0.043938626 0.056311414 -0.060622893 0.071134299 -0.040394507 0.012347621 -7.327833652 -3.677734613 0.642845869 35.360256195 -3.480807066 0.444616675 -9.132204056 -1.309088826 1.267164588 -3.171738863 0.06774883 0.00427382 -14.504569054 1.126627922 -4.945210934 8.059901237 -0.327874094 0.275153279 -3.921995878 0.667236507 0.682713091 -1.240297675 -0.045762427 -0.091748737 
5.631659031 5.631659031 5.631659031 9.561301231 5.440664291 1.562077522 4.347538948 -0.107539184 1.883012295 -0.32517761 3.106504679 0.853033721 0.552031636 3.290121317 2.302492619 0.982356906 0.568691254 -1.620018005 -1.432554364 -0.157402068 0.97258842 -1.16016233 0.482167184 -16.121637344 18.631111145 -30.34161377 -57.579273224 7.683138371 -14.484531403 -0.644739807 0.059269093 0.039479651 0.109191798 -0.00883508 -0.054109149 0.003377723 -0.012500916 -0.063175008 0.011859367 -0.004997149 0.137245998 -0.04502897 0.092399664 0.063727111 0.006198465 0.018560553 0.074562326 -0.095395952 -0.003346018 0.025246823 0.116636284 0.090835638 0.089112341 0.035674598 -0.093694188 0.016004046 -0.126144037 -0.022272769 0.054858107 -0.024492532 0.039229836 0.025422167 -0.017272597 -0.033477258 0.007209193 -0.031624377 -0.057972346 -0.08600273 0.01624262 0.030976476 0.110072672 0.011887653 0.090864919 -0.043116208 -0.027218346 0.024183769 -0.027108017 0.080073059 -3.197306395 0.705582023 15.492196083 4.608846188 29.885997772 53.407718658 0.663621962 6.789425373 1.501624346 0.065738492 0.038365461 0.042760067 -0.002291853 -0.024522543 0.034773961 -0.065319732 0.019686067 -0.008134096 0.053503662 0.073734701 -0.057816692 0.004794264 0.006967099 0.097110666 -0.01200594 0.079479568 0.0062035 -0.071916834 0.046085339 0.020044085 -0.103390127 0.0682538 0.009021739 0.000416708 0.053044837 -0.038172513 0.041211411 0.019557098 0.045587219 0.064225547 -0.016562818 0.075452 -0.01135282 0.004238907 -0.021700902 0.023224097 0.103235252 -0.024103219 -0.040763348 -0.031197604 -0.045679078 0.037326552 0.053590324 -0.060015239 0.076565415 -0.037614152 0.028796539 -8.813672066 -3.133355856 -1.151836514 37.584529877 -2.498600006 1.290931106 -9.172884941 -1.151917815 1.091877103 -3.103458166 0.050723705 -0.016821323 -13.607870102 0.946786404 -4.485909939 8.374863625 -0.75586164 -0.336224198 -5.032045841 -0.366142243 0.199010387 -1.270272493 -0.035236191 -0.048949584 
5.644407272 5.644407272 5.644407272 9.83787632 3.701078892 1.054835796 3.457679033 -0.245171055 2.164344311 -0.53325969 2.646494389 1.34802866 -0.950040579 2.792777538 2.620512486 -1.111736298 0.672480524 -1.866172433 -1.45682466 -0.153140441 0.934073329 -0.699642479 -0.635742545 -16.265758514 18.412050247 -30.727577209 -57.314842224 7.429677486 -16.16169548 -0.926240385 0.067497551 0.03954877 0.086896829 -0.000800246 -0.058212835 0.012818133 -0.018396279 -0.040090788 0.005359163 -0.016461447 0.131353691 -0.030868694 0.068911172 0.061938692 0.017879982 0.023662724 0.087517813 -0.07645157 0.006130511 0.024764782 0.107864954 0.069125824 0.06787774 0.029382041 -0.096417129 0.001115805 -0.098943315 -0.029442055 0.070089914 -0.030585868 0.037532225 0.012230119 -0.007422755 -0.037477177 0.003641285 -0.015848102 -0.056971662 -0.082657777 -0.00252134 0.023155646 0.103457242 0.006543765 0.08947821 -0.043128006 -0.023079954 0.010696772 -0.02326351 0.074842453 -2.719295025 1.961840749 14.940994263 8.1077528 28.862545013 53.34495163 2.852284193 7.261263847 2.007917166 0.068251133 0.011670186 0.048555542 0.008633359 -0.025943153 0.021901378 -0.035839219 0.01768543 -0.016719872 0.065383427 0.068367034 -0.037769202 0.009199729 0.010167062 0.067147501 -0.008501957 0.067911401 -0.008379684 -0.05988469 0.038869426 0.041992735 -0.106621519 0.059797153 0.010121083 0.012013142 0.031246828 -0.037268519 0.033711266 0.015288363 0.046096135 0.066991277 -0.005797297 0.066420659 0.001299798 0.035292413 -0.028616095 0.024278248 0.095011875 -0.021553556 -0.042852242 -0.043264166 -0.033273127 0.017224047 0.0500657 -0.065270588 0.07436119 -0.038891364 0.03420091 -10.188328743 -2.760031462 -2.285031319 38.947364807 -1.901710868 2.513730764 -10.257118225 -0.776366293 1.058824182 -2.851711988 0.058808856 -0.022202935 -12.647446632 0.574167788 -3.376552343 7.826835155 -1.716345668 -0.942792058 -5.500524521 -1.640470266 -0.559031188 -1.091182828 -0.033951629 -0.041111596 
5.6567626 5.6567626 5.6567626 9.637480736 1.539898515 0.444646001 2.264425039 -0.234349161 2.071244001 -0.248421609 1.91200459 1.962376952 -1.624032378 2.088491917 3.37443161 -2.586692095 0.785798192 -2.296988964 -1.465183377 -0.124236196 0.726785004 -0.556781709 -1.368396282 -16.211503983 18.237628937 -30.932134628 -57.055667877 7.101047993 -18.519189835 -0.859446645 0.050203163 0.036831032 0.059644461 -0.004242472 -0.053517055 0.010935141 -0.019413674 -0.026483295 -0.000350091 -0.01609749 0.106130995 -0.019244349 0.032896724 0.068012394 0.025512123 0.033041392 0.106925629 -0.061206773 0.006886534 0.012837586 0.081746243 0.051575195 0.030772174 0.02135928 -0.102356769 -0.008336922 -0.072366364 -0.042526022 0.064496808 -0.03712514 0.026196146 -0.021696942 0.005917696 -0.027026797 0.014320453 0.016251938 -0.072225481 -0.074741341 -0.002258795 0.009451132 0.098190784 -0.001577183 0.087819703 -0.019464875 -0.015478661 -0.005574183 -0.00606169 0.058496002 -2.237975121 2.674641848 14.840809822 10.708774567 27.670772552 53.254890442 4.522173882 7.623194695 2.031065464 0.067389823 -0.008008387 0.064542666 0.026843784 -0.025992103 0.006441383 -0.010768402 0.012142517 -0.009812159 0.070750587 0.086029641 -0.015738046 0.028630406 0.008262178 0.041522641 0.009590077 0.044291258 -0.014832426 -0.062718131 0.02621278 0.060391281 -0.101983622 0.040768344 0.010952408 0.016639499 -0.006506201 -0.012205685 0.014642285 0.009975687 0.038512368 0.062307402 0.010920306 0.058829088 0.011837229 0.051222976 -0.025577614 0.023071416 0.074192643 -0.016470881 -0.03824684 -0.038659122 -0.023175634 0.00576452 0.024988905 -0.074190505 0.064697631 -0.028564438 0.027225636 -10.845350266 -2.102062941 -2.66404748 37.601242065 -0.830091357 3.213928938 -10.739125252 0.191314116 1.348145247 -2.430874348 0.055074498 -0.017321516 -11.266355515 0.322955519 -2.371014118 6.874788284 -2.677482605 -1.068576217 -5.521333694 -2.838533163 -1.227601886 -0.867004931 -0.027426125 -0.033391442 
5.668158054 5.668158054 5.668158054 9.173020363 -1.311941981 0.1705672 1.24636209 -0.246724531 2.140304089 0.027138669 1.19489193 2.498233557 -1.929753184 1.364938617 4.377126694 -3.813313007 0.818336368 -2.723693132 -1.375339508 -0.100746773 0.527721524 -0.675106764 -1.82380116 -16.135650635 18.602664948 -31.97063446 -56.248840332 7.450723171 -21.334196091 -0.632834733 0.029722173 0.036512926 0.0208153 -0.041354414 -0.026157008 0.01387585 -0.01162737 -0.01784033 -0.006662324 -0.020473428 0.094646417 -0.012277931 0.009465539 0.074452966 0.024753435 0.030588713 0.127953544 -0.03260323 0.012081926 0.001767698 0.054568712 0.037897237 -0.000688604 0.023300735 -0.094501436 -0.017998552 -0.061069202 -0.027931586 0.041526597 -0.031182196 0.003069457 -0.052244131 0.007222435 -0.012700801 0.019525683 0.031928323 -0.088718444 -0.07210137 0.018790986 0.002911265 0.063339308 -0.004237428 0.074706987 0.010824349 -0.023908863 -0.022602875 0.00731362 0.050216421 -1.493195057 2.702695131 14.77780056 13.130139351 26.673423767 52.822689056 5.301614285 8.917325974 1.752343059 0.055958226 -0.016157096 0.064877227 0.042736813 -0.03033847 0.001396373 -0.006417701 0.002576937 0.003459696 0.05953956 0.113863401 -0.000846661 0.041740652 0.022192882 0.008048513 0.021046903 0.02423393 -0.014673845 -0.051213682 -0.005342862 0.055564638 -0.072971404 0.026019275 0.006260816 -0.006822634 -0.030606892 0.028067915 -0.001508899 0.020452527 0.041296951 0.065146036 0.026566856 0.064143814 0.014357321 0.064018063 -0.026594084 0.021029759 0.029739112 0.013443336 -0.047971502 -0.028469013 -0.024334321 0.006330192 0.00104206 -0.072006509 0.071395144 -0.015843438 0.023005744 -10.989616394 -2.320695639 -3.050098181 33.944950104 -0.266061813 4.032767773 -10.416858673 1.48227942 1.591400385 -2.015220404 0.059338257 -0.033930935 -9.632547379 0.366667062 -1.418946981 5.530676842 -2.846312284 -1.212639809 -4.494924545 -4.051325798 -1.737845421 -0.626776218 -0.022560038 -0.031460345 
5.679427624 5.679427624 5.679427624 8.238794327 -4.355958939 0.305631131 0.655481935 -0.292927861 2.406954527 -0.33229655 0.569225967 2.807902813 -2.890526772 0.54905194 4.647172451 -4.423368454 0.648210883 -2.300380468 -1.238664269 -0.055841107 0.384691238 -0.548307896 -1.86244297 -15.792645454 19.235168457 -33.115825653 -55.025222778 8.224933624 -24.189510345 -0.373041362 0.032142691 0.038695704 -0.004372502 -0.064149201 0.003498429 0.006589306 0.011614325 -0.011914518 0.024914429 0.007820796 0.078796476 -0.01530278 -0.015839592 0.075118884 0.023281626 0.015871491 0.120266423 -0.022257168 0.012580831 -0.001128577 0.032015037 0.041245759 -0.022328092 0.003972234 -0.059559658 -0.014993713 -0.051959544 -0.009866386 0.034902457 -0.011089803 -0.011811723 -0.062598623 -0.003967182 -0.005551204 0.022602838 0.049801365 -0.092613205 -0.052601945 0.036796365 -0.001678076 0.054214366 -0.029879929 0.033827882 0.034126345 -0.02807817 -0.054316636 0.036310118 0.024739083 -1.027357221 2.618801594 14.685976028 15.382082939 25.651796341 53.373867035 4.662309647 9.39517498 1.186025739 0.043559484 -0.023816191 0.029532839 0.039500136 -0.009783366 -0.000249354 -0.010745335 -0.03057701 0.005087154 0.031305909 0.124679819 0.003642693 0.044818722 0.023675229 -0.007194491 0.040097553 0.013249306 0.014055828 -0.016313151 -0.029841583 0.052830297 -0.023297578 0.013717401 0.001955594 -0.026109289 -0.027043728 0.040033225 -0.007492593 0.030638544 0.02641787 0.056626018 0.069440648 0.044276308 0.01687645 0.038136967 -0.039333869 0.02769609 0.008185377 0.032844506 -0.05568609 -0.030360037 0.000929048 0.0316489 -0.009465198 -0.06670057 0.072228707 0.005868443 0.01586828 -11.366991043 -2.922827005 -3.52586031 29.356754303 -0.229077697 4.354942799 -9.842912674 2.554799318 1.468265295 -1.588322759 0.061030224 -0.033594515 -7.271434784 1.381778121 -1.027806401 3.267495632 -1.770107746 -1.028808594 -3.298195362 -5.109444618 -2.185574055 -0.413754106 -0.026670713 -0.040169768 
5.688504219 5.688504219 5.688504219 6.640291214 -8.316573143 0.81530571 0.188961133 -0.386658788 2.317316294 -0.740312338 0.004895248 2.850168705 -3.528026819 -1.371195316 4.55838871 -4.634495258 0.445695579 -1.459300995 -1.265743136 0.012644928 0.205609918 -0.696741998 -1.562861204 -15.167277336 18.845342636 -32.964588165 -54.580459595 8.095890045 -26.116374969 -0.460877329 0.036825147 0.02309146 -0.014340567 -0.039361887 0.041829392 0.002863437 0.012892849 0.005190701 0.051949486 -0.011096541 0.050548419 0.000531588 -0.047250506 0.085624203 0.03166642 0.012883186 0.066855706 -0.010977848 -0.007053993 0.001356341 -0.001660781 0.033758365 -0.037741441 0.009387434 -0.009927617 0.005462013 -0.009825785 0.006498091 0.040871199 -0.002277242 -0.015706465 -0.038819265 -0.013059705 0.00527153 0.008381554 0.048007831 -0.072098292 -0.018259516 0.036048941 -0.036387362 0.057189967 -0.023660047 0.036969189 0.023203168 -0.00533626 -0.042460803 0.062924109 -0.021695917 -0.618100584 2.218487501 14.288167953 16.07159996 23.473560333 54.582901001 4.402534962 10.684230804 0.858770072 -0.002143916 -0.031023834 0.005489523 0.037734769 -0.008728152 0.028441839 -0.016311914 -0.045359515 0.022592947 0.028100079 0.090118624 -0.031065922 0.019256826 -0.018631546 -0.013275248 0.037069809 0.029754959 0.024098793 0.005423459 -0.032638792 0.05917009 -0.027835906 0.020254605 -0.004669985 -0.032256633 -0.01184663 0.048273895 -0.009409435 0.047259171 0.011437954 0.022062384 0.056918167 0.01838709 0.040625621 -0.006830872 -0.013530528 0.01575977 -0.006295361 0.008664412 -0.063890129 -0.048344903 0.036755513 0.018994745 -0.003204443 -0.042869825 0.049325403 0.006859671 -0.015743125 -11.780871391 -4.175004005 -3.876573801 24.70434761 -2.485207319 4.717112064 -8.202632904 2.706210852 1.185285926 -1.243086338 0.055921189 0.006097358 -4.972887039 2.59174037 -1.666030884 2.444385052 0.083639376 -0.74266696 -2.859853506 -4.700822353 -1.816355824 -0.273873538 -0.02216639 -0.036826633 
5.693070889 5.693070889 5.693070889 6.453455448 -11.709466934 1.07162118 -0.424832195 -0.332695931 1.983215928 -1.229171157 -0.441437453 2.603915215 -3.824494123 -3.684363365 4.137918949 -5.083961487 0.307695001 -0.901204109 -1.604941487 0.074333616 0.071016468 -0.90438354 -1.189542532 -14.540439606 17.959932327 -32.004451752 -53.674045563 7.969091892 -28.432748795 -0.63640815 0.000906734 -0.008113924 -0.017269637 -0.002102591 0.026909133 -0.036738377 0.026806241 -0.02542128 0.014553772 -0.010988783 0.006911147 0.019193333 -0.030863911 0.095360473 0.034673162 0.030871721 0.024092408 -0.013306382 0.014399807 0.014072699 -0.027989281 0.032835923 -0.007426342 -0.030082598 0.013396566 0.035147946 0.020242533 0.007007726 0.027352363 0.022540815 -0.007280953 0.02300184 -0.051453311 -0.009131528 -0.00589737 0.028830519 -0.031016536 -0.005365837 0.050782669 -0.033179674 0.01186858 -0.02836176 0.017712088 0.032129899 -0.033332601 0.013387091 0.043454494 -0.027134517 -0.196823671 1.404371023 14.258127213 16.06640625 22.278921127 55.660694122 4.036163807 12.182415009 0.709095061 -0.000728716 -0.018107269 -0.032653209 0.031181311 -0.019437909 0.027447224 -0.060710102 -0.042429823 -0.001342362 0.010682114 0.017522668 -0.041173682 0.013373946 -0.045682222 0.040890567 0.014798844 0.045730241 0.007639732 0.031477243 -0.012550737 0.027951971 -0.045560569 0.022873789 -0.008411841 -0.021767687 0.041025717 0.093170568 0.032507211 0.038837548 0.005067435 -0.002809171 0.043143749 0.009743378 0.035224095 -0.038259286 0.009605579 -0.004836287 -0.034330998 0.019115616 -0.045975275 -0.030583953 0.052613501 -0.013031146 -0.026666492 -0.043020442 0.030514708 -0.004569214 -0.02133449 -12.998223305 -5.73233366 -3.67531085 18.447092056 -5.066797256 4.924602509 -5.010100365 2.582911015 1.101564646 -0.891644776 0.008112076 -0.003236756 -4.924001217 4.261801243 -1.847204566 3.057122231 2.837839365 -1.246490955 -2.235523462 -4.294230461 -1.4656986 -0.266538024 0.001630284 -0.002779825 
5.693513393 5.693513393 5.693513393 7.662153244 -14.279020309 2.092707157 -0.583346426 0.094404094 1.575107455 -2.131892204 -0.861540139 2.0163517 -4.518165588 -5.4241395 3.185765505 -4.711678982 0.224818528 -0.437433541 -1.755817533 0.121406615 -0.071259156 -1.005644202 -0.784988821 -13.610372543 17.631090164 -31.970230103 -51.868438721 8.270804405 -31.436092377 -0.556148589 -0.026786352 -0.034931056 -0.002017068 0.022612508 0.027137399 -0.063110568 0.017068785 -0.070146203 -0.010061379 -0.016121127 -0.015462507 -0.011196731 -0.005520196 0.091246724 0.018644251 0.046007521 0.003776855 -0.029778408 0.006672459 0.003786114 -0.02958177 0.019615822 0.011665365 -0.055861093 0.013354857 0.050436109 0.03187624 -0.013799599 0.015694641 0.030811626 -0.013121356 0.087270945 -0.061402421 -0.016893018 -0.014359381 0.029025042 -0.010901419 -0.002955263 0.059581369 -0.032033458 -0.035440013 -0.047489204 -0.000611466 0.056583621 -0.038073391 0.050428983 0.045361113 0.008372298 0.27198419 0.811493695 13.876749039 16.655256271 21.707643509 57.298336029 3.813454628 12.400966644 0.597681522 0.023829643 -0.013377183 -0.057433162 0.022312673 -0.037352853 0.013193576 -0.094993502 -0.038310107 -0.016828131 0.006690601 -0.034204092 -0.051010299 -0.004844001 -0.091835149 0.071441717 0.007800625 0.014103926 -0.022853779 0.040887218 0.038584813 -0.003533633 -0.063684285 0.015785506 -7.9143e-05 -0.004935469 0.05124256 0.110776365 0.0349502 0.010004957 -0.002915278 -0.031207591 0.018301567 -0.011382422 0.030859658 -0.027783049 0.020040032 -0.010378265 -0.047959089 0.020996677 -0.017516727 -0.003511704 0.056675389 -0.046275113 -0.059020385 -0.041164409 0.045354411 -0.032787312 -0.022050163 -16.638664246 -6.339143753 -3.630001783 15.461270332 -6.689497471 4.893073082 -1.893982887 1.548873544 0.829822898 -0.480277926 -0.017440334 -0.010741332 -6.59016943 6.344331741 -2.217527628 4.537899971 5.565691471 -1.910398364 -2.093912601 -3.779404879 -1.210118294 -0.303247422 0.003557879 0.02518055 
5.691459656 5.691459656 5.691459656 9.622398376 -16.854785919 3.678401947 -1.132043362 0.765539467 1.025388002 -2.882512093 -1.088550568 1.541291714 -5.787809372 -6.624145985 2.677891493 -4.611574173 0.05140622 0.017082525 -1.683369994 0.15324676 -0.08172854 -1.100339174 -0.348335266 -13.13939476 17.408618927 -32.850280762 -51.267921448 8.064594269 -33.334793091 -0.085045144 -0.014800319 -0.037454255 0.02545253 0.054104552 0.005883487 -0.052180111 0.041202575 -0.080970325 -0.007279484 -0.031998314 -0.00708396 -0.026650371 0.007689794 0.096739627 -0.012524857 0.05619669 -0.004606058 -0.031757604 0.027399972 0.003780863 -0.026359474 0.029065013 0.008915509 -0.04694939 0.004162892 0.058523122 0.009298445 -0.016943825 0.019521592 0.049170863 0.015356742 0.090153702 -0.045249585 -0.006962263 -0.026893286 0.022458911 0.002749565 0.001268181 0.081327401 -0.043421686 -0.061203338 -0.046458699 -0.001731968 0.058268666 -0.038002964 0.056526333 0.046376169 0.021910645 0.374088168 0.254168242 13.516562462 18.616268158 20.456890106 58.492752075 3.92228055 14.252449036 0.600948751 0.026841134 -0.035993814 -0.051224966 0.021620616 -0.035176259 0.008394293 -0.101828471 -0.039606325 -0.003333363 -0.000746121 -0.036676146 -0.077911638 -0.023989895 -0.108352311 0.08228375 -0.014296901 0.013589088 -0.012503006 0.04415321 0.080737285 0.001891359 -0.079925291 0.014164365 -0.00543034 0.007468926 0.041371856 0.112866759 0.034036238 -0.016666053 0.002205647 -0.036019161 0.000898316 -9.9254e-05 0.030906999 -0.036192015 0.045586422 -0.003610436 -0.041580491 0.015213683 0.003922977 0.013494147 0.052341923 -0.056169961 -0.043772936 -0.036949247 0.065327838 -0.043577872 -0.027919985 -20.135847092 -7.291797161 -3.15140152 13.785115242 -7.940618992 4.918565273 -1.57762444 1.106409788 0.670167089 -0.262257278 -0.031697676 -0.010217795 -9.711154938 6.972724915 -2.021640539 7.370845795 6.609226227 -2.347645283 -2.66755414 -2.394797087 -0.644133627 -0.530364096 0.002746993 0.029434651 
5.685065746 5.685065746 5.685065746 11.459618568 -19.615020752 5.20805645 -2.368166208 1.087421536 0.341012716 -2.931984901 -1.469967842 0.93535012 -6.890729904 -7.90164423 2.012240648 -5.150743484 -0.022670114 0.216508776 -1.405465603 0.185597897 0.009679253 -1.141842723 -0.092080168 -12.591305733 17.952917099 -32.949661255 -49.793296814 8.191896439 -34.793937683 0.170372739 0.012686842 -0.014505476 0.032610703 0.047902066 -0.007604904 -0.037165754 0.045782134 -0.092409261 -0.012147502 -0.043171726 -0.027392434 -0.02954926 0.02126505 0.088160872 -0.03969362 0.043800537 -0.025161715 -0.028653752 0.05756785 -0.000964624 0.005214734 0.029977171 -0.009764402 -0.02358973 0.001310232 0.065478824 0.00753503 0.024659857 0.007412869 0.074951097 0.048184752 0.051244043 -0.045472533 -0.013287379 -0.024680011 0.039576791 0.002944991 -0.005192894 0.078529634 -0.03094672 -0.061465554 -0.017240983 0.011213592 0.045416258 -0.034482893 0.020970536 0.045321457 0.044437051 0.583608747 0.097922556 13.286310196 20.375610352 19.673782349 59.690437317 4.125027657 14.840415001 0.961775899 0.017095104 -0.047801685 -0.048698854 0.010890777 -0.045451149 -0.020962678 -0.09286993 -0.033368394 0.007773029 -0.023901103 -0.006063184 -0.077109046 -0.02505492 -0.094041608 0.056446265 -0.011712802 0.033268433 0.005275254 0.053792447 0.085110597 0.009350053 -0.0661975 0.020105312 0.00590248 -0.00934384 0.02460314 0.117466033 0.016184209 -0.025087433 0.006654202 -0.034868311 -0.014500987 0.029468842 0.023882354 -0.028038684 0.050770424 -0.015712097 -0.049841382 0.02844473 -0.006161994 0.025766497 0.030607359 -0.052756827 -0.012136376 -0.030645559 0.089320138 -0.033917163 -0.004662197 -22.751096725 -7.56280899 -2.391273499 12.496278763 -8.250806808 4.448213577 -1.663695455 0.99254185 0.6029948 -0.300172806 -0.028161554 -0.025719561 -12.433504105 6.849923611 -1.786877275 9.739207268 6.698923111 -2.366151571 -3.617313147 -1.416204691 -0.28946653 -0.623058915 -0.017316964 0.036363825 
5.675458431 5.675458431 5.675458431 12.076135635 -22.253479004 6.343847752 -3.271958113 1.137961984 -0.12631686 -2.775896788 -1.689017057 0.349790812 -7.486468792 -8.858037949 1.263523221 -5.479741573 -0.121341169 0.600525558 -1.216392636 0.217830837 0.100131139 -1.240772963 0.312927306 -12.236833572 17.656110764 -32.560325623 -49.347446442 7.939152241 -36.088027954 0.554056704 0.035155166 0.01603548 0.038340311 0.039690156 -0.022840183 -0.03152686 0.042383287 -0.113406904 -0.028273815 -0.048605263 -0.06066034 -0.033391245 0.039443996 0.100298375 -0.053797867 0.038578205 -0.059043244 -0.056996804 0.077572688 -0.007701524 0.041222323 0.020519488 -0.034256689 -0.004872204 0.007563333 0.074862488 0.009157301 0.057857353 -0.001272812 0.091583811 0.066665001 -0.001390976 -0.064023048 -0.031117152 -0.028530158 0.047751106 -0.002076288 -0.022169169 0.072430834 -0.010591042 -0.053947363 0.02089908 0.038322669 0.032846361 -0.029297212 -0.019625405 0.046077911 0.061536435 0.932725966 -0.170871198 13.064126968 21.377655029 19.214468002 60.602561951 4.313776016 14.578914642 1.229847431 0.002039482 -0.061911229 -0.049728528 0.012827015 -0.066994682 -0.060997814 -0.084848337 -0.035885662 0.018364688 -0.033276368 0.023088584 -0.072866909 -0.01853892 -0.078081474 0.030770626 0.000290764 0.057854444 0.006338953 0.043054108 0.082549118 0.02544995 -0.049087159 0.027786337 0.006672509 -0.036465134 0.029176915 0.120044336 -0.00832319 -0.026814058 0.016610816 -0.027125321 -0.027719438 0.051496468 0.022956299 -0.028497078 0.041185409 -0.015965717 -0.059869502 0.033268854 -0.006628734 0.035894759 0.014879247 -0.034014534 0.018277407 -0.024118736 0.098913737 -0.019154288 0.018956084 -23.767978668 -7.521965504 -1.546690464 11.013045311 -8.315832138 3.716617584 -1.743610978 0.681485176 0.626089931 -0.400082082 -0.028970838 -0.041040685 -14.000713348 6.803692818 -2.123106718 12.199115753 6.651736259 -2.06870079 -4.461342812 -0.402035296 -0.034062587 -0.624867797 -0.030873956 0.051985633 
5.664633751 5.664633751 5.664633751 12.646678925 -25.057088852 7.558161259 -3.989826918 1.138312936 -0.59500289 -2.910365582 -1.937094212 -0.165286645 -8.649753571 -9.567358971 0.640416682 -5.56958437 -0.241868079 0.906474233 -0.969139099 0.225295022 0.124218464 -1.16882503 0.634760797 -11.914148331 17.071735382 -31.623285294 -50.278339386 7.225793839 -37.245738983 0.961833775 0.041534353 0.048233084 0.035351809 0.037426814 -0.025319858 -0.014628692 0.044849627 -0.135481536 -0.043781891 -0.061236676 -0.065836318 -0.03597074 0.067547061 0.120990105 -0.07012099 0.037571475 -0.078549959 -0.090124771 0.096479349 -0.011349583 0.064624459 0.023819404 -0.047871526 0.005949134 0.01363252 0.075982518 0.007441399 0.084140003 -0.005335646 0.097116761 0.068988293 -0.034896936 -0.065334678 -0.04398527 -0.035776149 0.05451211 0.001995181 -0.036686186 0.078886852 0.009381313 -0.036254216 0.045548514 0.055819843 0.025934348 -0.026742162 -0.048404891 0.037999135 0.069926918 1.325289607 -0.438904792 12.793065071 22.031316757 18.248020172 61.274261475 4.100653648 14.494563103 1.460744977 0.002615194 -0.069180749 -0.042324826 0.018295703 -0.088296779 -0.096739851 -0.071790799 -0.036602594 0.021231422 -0.026093422 0.045722567 -0.063309193 -0.004602099 -0.0706321 0.013667039 0.012796944 0.081918493 -0.003460558 0.025848478 0.087375499 0.026411353 -0.043096207 0.028677262 0.005924119 -0.048987906 0.036014277 0.10737028 -0.007765562 -0.023723168 0.035114739 -0.019768426 -0.036673337 0.0705074 0.022875413 -0.018797759 0.027707012 -0.010730796 -0.070474513 0.039530393 -0.004875726 0.039194308 -0.004561809 -0.018730866 0.029535245 -0.008554756 0.103596434 -0.008216375 0.037679806 -24.293771744 -7.345629692 -0.459970295 9.231405258 -8.028823853 2.721043587 -1.671468019 0.360725999 0.704376459 -0.453941435 -0.017226052 -0.062559158 -15.288714409 6.592594147 -2.491003752 14.585739136 6.290660858 -1.702932 -5.173858643 0.803867161 0.318612128 -0.662602663 -0.047929626 0.057774045 
5.655928612 5.655928612 5.655928612 13.35509491 -27.903375626 9.020985603 -4.839205742 1.031757236 -1.032517791 -3.08266139 -2.203757763 -0.620932102 -10.022271156 -9.985852242 0.151707083 -5.75621748 -0.279452145 0.844514787 -0.630504429 0.189222917 0.087666713 -0.871185839 0.914728642 -11.558114052 16.92780304 -30.151351929 -51.670391083 6.534249306 -38.638996124 1.281096458 0.043991443 0.061101787 0.046773139 0.034751914 -0.018836923 -0.009974957 0.048563648 -0.145992562 -0.05093509 -0.076155625 -0.035112422 -0.03608001 0.096830435 0.125959396 -0.068380095 0.047637898 -0.090695404 -0.126192212 0.12695685 0.005964402 0.063557588 0.029700294 -0.030311717 0.010508951 0.018723365 0.069330133 0.0014289 0.111882672 -0.00338032 0.094440222 0.060000524 -0.049042106 -0.062949434 -0.072626099 -0.048781537 0.080180526 0.019150306 -0.068009138 0.080192812 0.021490324 -0.037759986 0.068370067 0.06108724 0.019536266 -0.019633198 -0.044028163 0.020243114 0.081727713 1.728524446 -0.813121319 12.444607735 22.489912033 16.952196121 61.43214798 3.339631081 14.703321457 1.658133268 0.011026771 -0.06425786 -0.03663129 0.018336358 -0.107627407 -0.113793395 -0.061126973 -0.022308508 0.011998541 -0.006532327 0.055465594 -0.056509215 0.00351491 -0.074738331 0.00865128 0.011053853 0.088487417 -0.003174624 0.026696771 0.086937129 0.026387878 -0.061206307 0.038453102 0.007510691 -0.063157454 0.053053293 0.082149014 -0.004346428 -0.016072225 0.041526657 -0.006765258 -0.060438942 0.099724665 0.017669089 -0.018458813 0.007201554 -0.001332511 -0.076073013 0.037436415 -0.003752728 0.032327916 -0.022315824 -0.01949955 0.044196084 0.00929384 0.116528295 0.007744827 0.037118386 -24.002250671 -6.745452404 0.903349936 7.582222939 -7.327403069 1.265459418 -1.824755549 0.407050967 0.79386586 -0.588110387 0.010610324 -0.072170019 -16.144958496 6.401798248 -2.742186069 16.33272171 6.049077034 -1.239382744 -5.882120132 1.71006 0.629456043 -0.783863425 -0.070528522 0.06267637 
5.65186739 5.65186739 5.65186739 13.991271973 -30.946228027 10.189774513 -5.657328606 0.948991716 -1.390033484 -3.346045732 -2.603739738 -0.995962858 -11.31797123 -10.377047539 -0.479521602 -6.186416626 -0.317362249 0.776109934 -0.309816986 0.162526459 0.010484689 -0.459088653 1.162480593 -11.217981339 17.607467651 -29.195091248 -52.30525589 6.500817776 -39.954299927 1.260225654 0.055337951 0.066832639 0.059984569 0.029436778 -0.008944699 -0.019226123 0.049305178 -0.142085999 -0.03553224 -0.077192254 -0.00781604 -0.026720332 0.099797532 0.10864713 -0.057991289 0.049996275 -0.097088687 -0.15453279 0.14462243 0.015900703 0.05266634 0.031195031 -0.01960285 0.010223776 0.012410544 0.06517949 0.002827216 0.134970009 0.001395408 0.08758378 0.029053153 -0.070028253 -0.067409687 -0.085116543 -0.046870671 0.091268659 0.024636738 -0.088089541 0.081844278 0.038293939 -0.032615557 0.085463263 0.060601823 0.001944511 -0.008753718 -0.037970264 0.024089413 0.112426072 2.077447176 -1.152262092 12.093605042 23.216176987 15.598752022 61.325653076 2.980348349 16.489793777 1.683793545 0.026460567 -0.062189575 -0.031529464 0.009926164 -0.098720267 -0.108291022 -0.03369613 -0.010136764 0.011052701 0.002822246 0.073570013 -0.052578751 0.028415686 -0.083405651 -0.005421852 0.01070832 0.085832871 -5.7822e-05 0.033602737 0.07096155 0.001218257 -0.06466084 0.029921748 0.011583874 -0.072509266 0.047319673 0.062231749 -0.008457484 -0.028761378 0.036313068 0.012851545 -0.058728836 0.1043901 0.020748259 -0.017032085 -0.003769203 0.006439743 -0.0743315 0.044859953 -0.006537563 0.034079261 -0.035266731 -0.021080961 0.050310574 0.015449439 0.123751208 0.038149383 0.030247366 -23.279880524 -6.339143276 2.226369619 6.26204586 -6.925097942 0.198463067 -1.793866873 0.641819715 0.876243711 -0.733653188 0.026754996 -0.065612018 -16.319015503 6.289872169 -2.673358917 17.12446785 5.918403149 -0.932549655 -6.54669714 2.204565763 0.823050976 -0.783486426 -0.083920978 0.062376343 
5.654875755 5.654875755 5.654875755 14.121136665 -33.492893219 10.262187958 -6.391680717 0.842775345 -1.537235618 -3.609935284 -3.181239605 -1.224657893 -12.63753891 -10.99555397 -1.071911812 -6.698163986 -0.364419758 0.657350719 0.075374492 0.140914634 -0.101301767 0.082762487 1.4475559 -11.089089394 19.219139099 -29.417604446 -52.385494232 7.457717896 -40.803321838 0.928420365 0.070771314 0.074817188 0.071387522 0.024707798 0.011717902 -0.032370243 0.056366637 -0.133781642 -0.017397562 -0.072011344 0.020396236 -0.019345867 0.098940007 0.08073575 -0.037620094 0.048381958 -0.089310154 -0.168963611 0.139519081 0.01999861 0.0541973 0.038591158 -0.005255026 0.007899852 5.3778e-05 0.060588501 0.001833173 0.14030987 0.019783884 0.084591478 -0.007395288 -0.067297935 -0.072106071 -0.074795425 -0.038191624 0.078583822 0.025641844 -0.101934575 0.082145788 0.057963859 -0.020625705 0.078301944 0.053792965 -0.028229238 -0.003625516 -0.019374432 0.031294473 0.141600698 2.280894279 -1.392668247 11.458971024 24.360181808 14.028393745 60.821174622 3.48342514 19.031030655 1.563812733 0.04439199 -0.04553828 -0.031755336 0.003850652 -0.076291047 -0.089597717 -0.020284474 0.00195066 0.018983068 -0.002537869 0.095403939 -0.033948854 0.05360961 -0.08804895 -0.013888109 0.008140443 0.075466029 0.004419409 0.034605708 0.056820337 -0.030226642 -0.061830889 0.020737255 0.014172948 -0.078934975 0.042259965 0.037072781 -0.016004289 -0.045786094 0.024224786 0.046297252 -0.034068361 0.077595398 0.017861718 -0.019801833 -0.013034872 0.008466612 -0.06693323 0.041850667 -0.008917767 0.024760958 -0.043122381 -0.026613718 0.054665506 0.020353226 0.117837735 0.054370228 0.018060043 -22.145158768 -6.603360176 3.634730101 5.827815533 -7.28787756 -0.404683173 -1.58175981 0.810082138 0.874593914 -0.840615392 0.025704352 -0.052034575 -15.726094246 6.154788017 -1.977345705 17.283496857 5.883257389 -0.830982506 -7.058472633 2.247992754 0.890060425 -0.760070562 -0.10254699 0.059055522 
5.666731834 5.666731834 5.666731834 13.88513279 -35.945014954 9.30588913 -6.889362812 0.628309011 -1.601025343 -3.787045479 -3.848659754 -1.188496709 -13.4041605 -11.776965141 -1.087439179 -7.200240135 -0.356571496 0.391729087 0.463382453 0.119664967 -0.175868735 0.677034318 1.569009542 -11.183437347 20.887144089 -30.565895081 -52.240074158 8.773575783 -40.547595978 0.641680777 0.076421544 0.083486281 0.074532539 0.012598857 0.027972454 -0.037091296 0.069544688 -0.115671016 -0.008136974 -0.06865146 0.034395244 -0.004984746 0.103845395 0.053569011 -0.006858568 0.063556507 -0.076442853 -0.182056099 0.117922686 0.017975587 0.062277745 0.045771919 0.009806387 -0.003358472 -0.010100575 0.048420954 -0.004959058 0.131114453 0.04071771 0.077353202 -0.039605495 -0.06143529 -0.076160043 -0.047369797 -0.016958613 0.066262774 0.022615146 -0.102456219 0.082198925 0.075054184 -0.01927961 0.067338519 0.040033888 -0.058030263 -1.5905e-05 0.002142187 0.034981262 0.156697705 2.290268421 -1.424537063 10.656065941 25.749385834 12.723331451 59.853515625 4.792526722 21.798753738 1.348865509 0.061501179 -0.015813408 -0.030705186 -0.007631965 -0.05214604 -0.074020907 -0.008862356 0.010597485 0.027370192 -0.005110054 0.122007191 -0.005559958 0.071374483 -0.078252196 -0.014878783 0.010308085 0.047715507 0.006139431 0.027654741 0.032146752 -0.055517953 -0.067094043 0.007389322 0.00652337 -0.087140277 0.029731464 0.018950507 -0.040400505 -0.054732304 0.014419925 0.069392346 -0.004362425 0.046496484 0.011754201 -0.026310695 -0.020998014 0.017327504 -0.067164868 0.042955536 -0.009062413 0.014504326 -0.050413676 -0.032305367 0.047472235 0.033763681 0.099304482 0.052844472 0.015898788 -20.815372467 -7.457875252 5.22659111 6.520707607 -8.182636261 -0.453886569 -1.758794188 1.025969386 0.807469964 -0.856786668 0.014401989 -0.044321533 -14.681699753 6.141949177 -0.443340898 17.441102982 5.982688427 -0.887226224 -7.317656517 2.001549959 0.779111981 -0.804844141 -0.118327729 0.06289915 
5.686169147 5.686169147 5.686169147 13.661945343 -38.244838715 7.939386368 -7.227598667 0.221864507 -1.463510513 -3.893658161 -4.322933674 -1.297636271 -13.756305695 -12.431034088 -0.993416667 -7.47121954 -0.36600095 0.303491861 0.796333075 0.116212964 -0.242469072 0.94990027 1.650382638 -11.589761734 22.653003693 -31.912034988 -51.992797852 10.265504837 -38.968414307 0.556747377 0.090590797 0.088283703 0.07605461 0.007129391 0.032909039 -0.040545039 0.075945444 -0.104164295 0.003358812 -0.057001784 0.034194782 0.003578578 0.093224242 0.031816225 -0.010575414 0.068689704 -0.075502612 -0.186945766 0.093108736 0.011649759 0.07279674 0.039940726 0.01554927 -0.012005374 -0.012317485 0.032430284 -0.015099389 0.120288961 0.052469451 0.081403248 -0.050403245 -0.058915891 -0.06698817 -0.010513749 0.007818218 0.057734337 0.027868263 -0.104337737 0.078293689 0.095756032 -0.004379801 0.052777868 0.036461677 -0.068776779 0.008405742 0.009649585 0.032848742 0.156053677 2.151792765 -1.5779109 10.070256233 26.689525604 12.005227089 58.662857056 6.159599781 24.067224503 1.186958075 0.056970708 -0.00136313 -0.021273006 -0.012032003 -0.026137616 -0.056010332 -0.002462154 0.016695486 0.036618762 -0.012670989 0.151421338 0.015387507 0.076303795 -0.057292446 -0.017477361 0.017611573 0.030199418 0.011425244 0.020384124 0.016774254 -0.058877293 -0.060795989 0.00017933 -0.0012248 -0.090355642 0.023106789 0.010831374 -0.070238695 -0.041406818 0.00976068 0.083712578 0.020242156 0.02999557 0.002915664 -0.036689971 -0.023386927 0.024260752 -0.062744372 0.044962481 -0.004881051 0.007613931 -0.054160684 -0.024595242 0.041594107 0.045973979 0.076395757 0.054508567 0.026656868 -19.714700699 -8.583566666 6.80235815 7.971927166 -9.322145462 -0.306737542 -2.210205793 1.590142012 0.908779085 -0.819266081 0.006215699 -0.024150657 -13.390042305 5.543588638 1.494543433 17.072845459 5.621866226 -0.818054199 -6.890872955 1.543012619 0.551247358 -0.947594285 -0.134860516 0.076010548 
5.708194733 5.708194733 5.708194733 12.97393322 -39.573753357 5.967617512 -7.284489155 -0.065407261 -1.257697105 -3.81929636 -4.63698101 -1.492668152 -13.371334076 -13.109796524 -0.714581132 -7.579128265 -0.343839824 0.258619279 0.901934922 0.125667274 -0.245742336 0.951348126 1.486649036 -12.220146179 23.988647461 -33.781867981 -51.61371994 11.874843597 -36.524021149 0.59379214 0.111722991 0.083212532 0.07565169 -0.001071232 0.024530465 -0.034983199 0.075218156 -0.09332294 0.016052572 -0.034276552 0.029406937 0.008810729 0.077906154 0.022704182 -0.026639493 0.063827135 -0.075005524 -0.186952829 0.070115931 0.014731987 0.084320679 0.033565383 0.012874796 -0.016220124 -0.008924003 0.018719766 -0.025482748 0.109450839 0.04790267 0.091945656 -0.043384943 -0.068405218 -0.061973315 0.011424691 0.029736163 0.062905587 0.036801215 -0.101459414 0.058480013 0.108665913 0.014415048 0.028914915 0.030610638 -0.067610107 0.016956329 -0.005146887 0.030638829 0.151805431 1.988371372 -1.464618564 9.932309151 27.291700363 12.01035881 57.96579361 7.029670715 25.929574966 0.876495481 0.054938234 0.004940384 -0.019552838 -0.022388689 8.2993e-05 -0.038810264 -0.000693762 0.01694057 0.036172681 -0.02021483 0.162965134 0.016039114 0.069958396 -0.035114519 -0.03024248 0.023683624 0.027043518 0.015923845 0.006752041 0.007678262 -0.052504964 -0.051488567 -0.019860538 -0.001252682 -0.0803793 0.011489895 0.006972663 -0.085207552 -0.018450303 0.014098039 0.089874759 0.049656034 0.021259913 -0.009985865 -0.03624589 -0.021044215 0.032281954 -0.052551132 0.056894444 -0.022937832 0.004166559 -0.059029792 -0.006053769 0.03760707 0.047644489 0.066237964 0.055089589 0.046041023 -18.15417099 -9.85282135 8.072445869 9.341477394 -10.14716053 0.195150122 -2.519132376 2.277451754 1.186133146 -0.576692462 0.003773228 -0.001699233 -11.727666855 4.859572411 3.532811403 16.093818665 5.248165607 -0.68608439 -5.956588745 0.951152742 0.190986052 -1.084369898 -0.140185803 0.088265285 
5.7297616 5.7297616 5.7297616 11.786581039 -39.791519165 3.386040211 -7.502954483 -0.17266649 -1.025152683 -3.455497026 -4.692706585 -1.757630706 -12.312813759 -13.546066284 -0.176569149 -7.892799377 -0.300455242 0.215645343 0.909463704 0.140831009 -0.252140552 0.677846134 1.119274974 -13.151452065 25.845136642 -37.071865082 -50.571842194 13.934380531 -33.945079803 0.340110481 0.140830606 0.081068046 0.064882338 -0.012013122 0.012136855 -0.01936576 0.081758544 -0.070164472 0.026958296 -0.015663387 0.02558619 0.020027207 0.068814695 0.023698473 -0.043100689 0.056358941 -0.075824685 -0.18556197 0.050394893 0.019127926 0.0848841 0.038433999 0.006456296 -0.014787987 0.00351692 0.020281976 -0.040048089 0.096199013 0.034965701 0.096803963 -0.010328661 -0.069144793 -0.041623492 0.01254335 0.036138695 0.082569167 0.03764021 -0.107579827 0.034398124 0.108084567 0.01655465 0.011771528 0.031745397 -0.074264042 0.036849819 -0.038427468 0.029613987 0.143858835 1.808884501 -1.206884861 10.044102669 28.523052216 12.218323708 57.257442474 8.351576805 28.434833527 0.900533557 0.043990761 0.01179413 -0.027034257 -0.026991118 0.007117533 -0.017971814 0.000202481 0.0183188 0.027330758 -0.015751373 0.141334981 0.015759092 0.046236437 -0.019062459 -0.053155784 0.052519925 0.029523883 0.000861799 0.003517128 0.003871503 -0.025407171 -0.047807347 -0.030930266 0.012728007 -0.063590884 -0.002360448 -0.013677137 -0.082078055 0.013552828 0.009541628 0.086610168 0.066461407 0.011419786 -0.013448457 -0.026871124 -0.018164707 0.050831228 -0.04113074 0.056558028 -0.051099554 -0.003116478 -0.062433198 0.003421216 0.05033775 0.046120659 0.052210338 0.057253394 0.067224339 -15.978066444 -11.07006073 9.338938713 10.763222694 -10.664551735 1.109829068 -3.120481968 3.381695747 1.771162033 -0.113111563 0.002045436 0.012604747 -9.715535164 3.664245367 5.572827339 15.321949959 4.647181034 -0.597241342 -5.192523003 0.318424523 -0.146846965 -1.298198581 -0.140075266 0.104379915 
5.748973846 5.748973846 5.748973846 10.527640343 -38.495098114 1.377093196 -7.207376003 -0.482626021 -0.757771313 -3.12584281 -4.612263203 -2.023335695 -11.146317482 -13.747944832 -0.040318888 -8.221418381 -0.204305068 0.077615626 0.799188852 0.147175297 -0.269612342 0.328612238 0.583752751 -14.001465797 27.596878052 -39.880226135 -49.82843399 15.275209427 -31.520431519 -0.165860653 0.14269197 0.081573009 0.058554146 -0.015471561 -0.002391946 0.003269342 0.115963034 -0.053034566 0.03595607 -0.00686838 0.027996503 0.032590959 0.05705544 0.025481276 -0.044093888 0.0511619 -0.060217664 -0.183708146 0.037209585 0.01574184 0.08580365 0.046583604 0.003841045 -0.018660244 0.0204744 0.023606015 -0.060928591 0.085981794 0.013918098 0.105699196 0.02759994 -0.046681467 -0.017017329 0.011725324 0.030655127 0.102259532 0.037473269 -0.112913877 0.018967716 0.106797241 0.000213556 -0.009721963 0.03567918 -0.089323819 0.054639693 -0.072689146 0.027582183 0.132476479 1.62991035 -0.835862756 10.136300087 28.875389099 12.066776276 56.821685791 8.28785038 30.925046921 1.118261814 0.026136586 0.025006983 -0.038959764 -0.026961984 0.007640481 -0.006089314 -0.005255695 0.020056626 0.014134598 -0.018437792 0.104453467 0.010593036 0.025900459 0.007582175 -0.072724983 0.092693791 0.031234719 -0.029463982 0.016108824 -0.009629535 0.006905894 -0.045739859 -0.03920649 0.020187413 -0.042720925 -0.011819101 -0.046981514 -0.06644173 0.041190781 0.008166254 0.082356811 0.081412464 0.006185842 -0.011275657 -0.014326788 -0.001517264 0.071089953 -0.031775795 0.043502558 -0.070118524 -0.015333053 -0.0709567 0.010014331 0.064864025 0.039139181 0.027054396 0.056399394 0.093135767 -14.15252018 -11.691728592 10.283522606 12.01409626 -10.657945633 2.052028179 -4.102953434 4.441614628 2.355623007 0.354187459 0.007948972 0.013549902 -8.004887581 2.416964054 7.331506252 15.021807671 3.742745161 -0.684441447 -4.537567616 -0.201786116 -0.351701945 -1.572661996 -0.131608292 0.117734037 
5.764798641 5.764798641 5.764798641 9.9929533 -36.823917389 0.19963266 -6.888512611 -0.832791984 -0.576070547 -3.109696388 -4.296823025 -2.1203444 -10.426328659 -13.371013641 0.016970947 -8.065543175 -0.079077162 -0.277122468 0.794999957 0.150187895 -0.469582498 -0.050121911 -0.003689097 -14.69198513 28.826004028 -41.051078796 -50.892547607 15.625826836 -29.037559509 -0.534747064 0.129710078 0.093703978 0.07026843 -0.009010611 -0.007336636 0.009451864 0.150917143 -0.06950596 0.022471281 -0.000855094 0.022243872 0.057126656 0.044316266 0.02112554 -0.054317739 0.041445211 -0.050488736 -0.176625639 0.027398648 0.011233878 0.102598891 0.043464284 0.00122244 -0.024173275 0.046341509 0.011139802 -0.101140156 0.065920018 -0.010669802 0.106823198 0.057197653 -0.031646222 0.024989229 0.02784103 0.011116406 0.132362902 0.036446631 -0.101775981 0.011152914 0.105832919 0.000564619 -0.028962938 0.038449034 -0.083623946 0.05305871 -0.10627041 0.023464492 0.099520437 1.886559486 -0.332225978 10.102116585 28.719934464 11.312955856 55.991779327 7.725970268 33.164539337 1.438418388 0.032692686 0.031351797 -0.072423398 -0.024363322 0.015179464 -0.017004382 -0.036168978 -0.007893366 -0.004852789 -0.025813835 0.078992181 0.002908792 0.003571257 0.016187819 -0.05455061 0.108881958 0.043323953 -0.052101556 0.031055566 -0.056974296 0.009859623 -0.047223032 -0.033800308 0.016059566 -0.020886032 0.008281803 -0.054696653 -0.035799898 0.066250689 0.036033012 0.06854897 0.097866535 0.006760988 -0.021143422 -0.00050527 0.020573098 0.07298205 -0.053745128 0.044528022 -0.081597753 -0.029562512 -0.079891555 -0.000283689 0.07234899 0.038483217 0.013835893 0.049849547 0.112649456 -13.370029449 -11.38141346 11.284231186 12.713064194 -9.985397339 2.341768265 -5.10357666 5.096160889 2.735646963 0.900493324 0.01185274 -0.018554538 -7.727729797 1.459137559 9.105787277 15.312602997 3.247158527 -1.049367905 -3.611380577 -0.661225796 -0.274080962 -1.762791157 -0.151218712 0.119693436 
5.778664589 5.778664589 5.778664589 9.500393867 -35.530914307 -0.771808684 -6.567389011 -1.049727321 -0.376446456 -3.020587921 -3.905871391 -2.096879959 -9.778009415 -12.804076195 0.370142341 -7.967218399 0.111303441 -0.782996535 0.903792739 0.146932065 -0.715755463 -0.256245553 -0.561125636 -15.303153038 30.26329422 -42.391563416 -51.79309082 16.36923027 -27.317052841 -0.831781805 0.126478121 0.098883048 0.081079252 -0.016387297 -0.014498875 0.004564607 0.175038442 -0.102945805 0.005414873 0.017855888 0.003371097 0.065394163 0.025222903 0.00854056 -0.063752331 0.033451289 -0.035567805 -0.162265077 0.008509291 0.007607462 0.129511163 0.036812142 0.005506572 -0.033725645 0.074741475 0.004111073 -0.144372046 0.035048671 -0.032572202 0.106594905 0.086633757 -0.022825781 0.066284195 0.055920977 -0.009261291 0.164821014 0.026860829 -0.08838205 0.004439035 0.116671905 -0.003655253 -0.060431752 0.04390027 -0.053771209 0.048701741 -0.124705859 0.006988801 0.066069916 2.011102676 0.374499559 9.95707798 28.65146637 10.829848289 54.760120392 7.516152859 35.47183609 1.985990644 0.049458016 0.033312332 -0.097007208 -0.027933791 0.022319332 -0.035307541 -0.082449093 -0.030063521 -0.034360185 -0.025212783 0.063922539 -0.01029305 -0.020191245 0.025704404 -0.035827063 0.130861446 0.049864162 -0.064696297 0.056693353 -0.089787446 0.0128933 -0.043038454 -0.019439245 0.018728662 -0.022280632 0.02091483 -0.050941091 -0.029149504 0.095786579 0.06323006 0.061791528 0.108834237 0.005616917 -0.043887895 0.024211932 0.031007959 0.063529618 -0.08577583 0.047929317 -0.094510742 -0.040440142 -0.088810883 -0.021546846 0.071899809 0.034646098 0.022908654 0.03085028 0.1436048 -12.393217087 -10.874213219 11.95010376 12.825941086 -9.305319786 2.496534109 -6.13070631 5.806542397 3.190278292 1.389012337 0.00659037 -0.053751901 -7.511596203 0.357184827 11.068370819 14.553319931 2.24123168 -1.569741249 -2.427075148 -1.332272649 -0.346790433 -1.861722827 -0.165095001 0.126123354 
5.794272423 5.794272423 5.794272423 9.156134605 -34.724372864 -1.66479671 -6.141133308 -1.038871646 -0.208504692 -3.003968477 -3.479953527 -1.907716632 -9.561038017 -11.815193176 1.31910491 -7.663492203 0.281203628 -1.223718166 1.091897011 0.1364737 -0.879990935 -0.28152591 -1.091888547 -15.811553001 31.837724686 -43.813365936 -52.524929047 17.541082382 -26.300048828 -1.177739859 0.134014353 0.108532824 0.095914267 -0.008175562 -0.016667636 -0.004369698 0.18374528 -0.122289933 0.017151717 0.033830538 -0.01330379 0.057411641 0.015247039 0.021808367 -0.061735518 0.026178313 -0.020588614 -0.146657676 -0.015134741 0.01138052 0.147386163 0.042029731 0.00995011 -0.031442802 0.101239569 0.006944267 -0.176287949 -0.002152585 -0.040705465 0.10819339 0.124893479 -0.024095258 0.093261734 0.08836557 -0.035251793 0.179887742 0.018752739 -0.072286546 -0.011748998 0.111614868 0.005467253 -0.071891449 0.036770005 -0.022267658 0.038885824 -0.128595755 0.000732167 0.031662174 2.038835287 1.242248297 9.652482033 28.899927139 10.067042351 53.454910278 7.159023285 37.983146667 2.490719557 0.064380094 0.021086756 -0.129959181 -0.032593578 0.028312178 -0.03046173 -0.114322238 -0.050950702 -0.041687522 -0.027273573 0.037369739 -0.05142983 -0.036801033 0.024174262 -0.015241611 0.151775524 0.041345105 -0.06522882 0.088355295 -0.103627414 0.029341083 -0.043311782 -0.015653547 0.024679281 -0.020488616 0.035740077 -0.04041148 -0.013443099 0.110471345 0.072466657 0.062099453 0.10651397 0.006174691 -0.052597035 0.039377026 0.048742298 0.062327672 -0.104975604 0.045699466 -0.098231539 -0.046037521 -0.082452603 -0.035989102 0.079680532 0.024890663 0.020078104 -0.002990999 0.170158803 -10.855110168 -10.911082268 12.326399803 13.050000191 -8.995177269 2.922474623 -7.584471703 6.490694523 3.54788208 1.761150479 0.004775039 -0.059700236 -7.648922443 -0.979660332 13.087135315 12.820643425 0.629680753 -2.069361687 -1.122776031 -1.794996142 -0.497758836 -1.878995061 -0.15702042 0.120824859 
5.811406612 5.811406612 5.811406612 8.871817589 -33.8865242 -2.807158947 -5.61540699 -0.862322032 -0.183825657 -2.983658791 -3.256699085 -1.551249862 -9.477018356 -10.832491875 2.491573095 -7.382265091 0.443422168 -1.720090151 1.307377696 0.093176365 -0.892331541 0.005338739 -1.431573033 -16.133722305 32.46654129 -44.448127747 -53.579311371 18.183404922 -24.891759872 -1.31185019 0.152742982 0.105917081 0.129640236 0.031664599 -0.015936369 -0.027618511 0.192302838 -0.124165572 0.042680226 0.036667254 -0.009088274 0.030752243 0.026365653 0.045399576 -0.032592557 0.011034262 -0.014673607 -0.149619862 -0.039660361 0.016766934 0.151798934 0.051581178 0.03331558 -0.024688948 0.110775426 0.015810438 -0.194322735 -0.037060414 -0.038464405 0.10125307 0.164538011 -0.02060863 0.119385824 0.111709394 -0.062179301 0.187234432 0.021853108 -0.076391488 -0.016227065 0.083053075 0.007253904 -0.090649836 0.021139586 -0.000869906 0.02541963 -0.115704663 -0.005959675 0.017549029 1.865611553 1.721333861 9.314037323 29.329898834 10.047442436 51.82384491 7.025320053 40.040733337 2.756732941 0.062821306 0.007680356 -0.153142601 -0.031854443 0.02898833 0.002985104 -0.12016587 -0.060394529 -0.034587994 -0.029876681 0.013044029 -0.120957129 -0.047055285 0.008061263 -0.02624153 0.152276024 0.009879741 -0.06254781 0.120971233 -0.093461454 0.062368967 -0.05840563 -0.01913525 0.033347331 -0.008596145 0.037301812 -0.033050377 -0.002915056 0.120339327 0.069091238 0.072052881 0.095295966 0.015321176 -0.06715402 0.044488806 0.058445748 0.067843676 -0.115270048 0.036847908 -0.108937979 -0.054875888 -0.084164977 -0.052151013 0.080510072 0.003826095 0.007738273 -0.0501034 0.17169185 -8.818031311 -11.027379036 13.139884949 13.207562447 -8.659647942 3.017941713 -9.067929268 7.098769665 3.898637772 2.043221712 0.005644854 -0.047351483 -8.019796371 -2.855965376 14.472985268 9.923796654 -1.480001211 -1.917718649 0.495899498 -2.279627562 -0.835574567 -1.8522048 -0.156346217 0.100519739 
5.823176861 5.823176861 5.823176861 8.951533318 -32.026584625 -4.306641579 -5.597924709 -0.598324716 -0.113159977 -2.877518892 -3.183087826 -0.7894786 -9.089050293 -10.307008743 3.605084419 -7.676697254 0.463627905 -2.070190191 1.368536472 -0.00030007 -0.604521513 0.437474161 -1.572738886 -16.291221619 32.642402649 -44.754699707 -54.448013306 18.681694031 -23.139438629 -1.593138814 0.155741155 0.088791803 0.147749797 0.071374074 -0.012780735 -0.027826967 0.20033288 -0.111895032 0.063566744 0.021729134 0.014837087 0.002875805 0.052292384 0.076422215 -0.005950284 0.012614193 0.005793106 -0.145050243 -0.031240668 0.012736389 0.135535136 0.067437626 0.068165317 -0.036307987 0.094183393 0.023478385 -0.203039989 -0.054096978 -0.036848396 0.093431376 0.19420208 0.01441045 0.129244626 0.121671654 -0.083284877 0.194268733 0.013955822 -0.073823184 0.013514264 0.052862369 -0.011221908 -0.117635787 -0.000658215 0.035763737 -0.003498608 -0.084946007 -0.027708506 0.020099714 1.739683032 1.981436849 8.883015633 28.637683868 9.236671448 50.894832611 5.507835865 41.494464874 2.95147562 0.056385901 0.002533433 -0.150935769 -0.018997569 -0.003551702 0.036348037 -0.104975641 -0.064208448 -0.014895829 -0.023203759 -0.003372646 -0.179324448 -0.038541239 -0.003849688 -0.04633623 0.1511361 -0.046896137 -0.079363659 0.137344539 -0.067098238 0.084584586 -0.084174059 -0.015674181 0.038597837 0.024613619 0.020744242 -0.042501125 0.026154028 0.101705588 0.04240993 0.089496367 0.090044916 0.025562955 -0.076234683 0.054161701 0.065868869 0.076125734 -0.122002184 0.024863886 -0.101367384 -0.048048858 -0.081773803 -0.063204758 0.078979991 -0.027424883 -0.00510487 -0.097378477 0.143513188 -7.902144909 -10.817341805 14.389904022 14.041482925 -7.830586433 3.058814764 -10.145167351 7.178547859 4.22841835 2.391297579 0.003654727 -0.044214383 -9.11429882 -5.416182041 14.983374596 6.36484766 -4.042669296 -1.333137512 2.850931883 -3.358454466 -1.640632153 -1.621190667 -0.14640598 0.091146156 
5.824790478 5.824790478 5.824790478 8.561946869 -30.374702454 -6.528169632 -5.419249535 -0.505795956 -0.07988631 -2.894437313 -3.153281927 0.335084856 -7.926462173 -9.975209236 5.712091446 -7.656723976 0.42390573 -2.327665567 1.267859697 -0.098017916 -0.276256114 0.7117033 -1.249258637 -16.323860168 32.080970764 -45.257724762 -55.933391571 18.421434402 -22.246025085 -1.715488195 0.123519383 0.09618362 0.147369593 0.096593603 0.010120356 0.003806784 0.218349934 -0.083318092 0.079473399 -0.004087944 0.024777997 0.012885953 0.057607491 0.113035202 -0.004422524 0.010489708 0.053407174 -0.110936835 -0.00879885 -0.010829295 0.116042711 0.086675875 0.081308812 -0.054495517 0.067795195 0.028319923 -0.189708814 -0.054135814 -0.023280144 0.082856052 0.198520198 0.041670039 0.139394 0.112193927 -0.083194718 0.160070494 -0.016604388 -0.083195977 0.043765757 0.034144398 -0.004599345 -0.119333066 -0.001134082 0.038411178 -0.005409122 -0.053280711 -0.024995487 0.013801471 1.810058832 1.56688273 8.665850639 28.327108383 8.480983734 48.631454468 4.915614605 43.404075623 2.679008484 0.067549936 0.00705418 -0.108597644 0.009836082 -0.065774232 0.0322011 -0.070822924 -0.068915181 0.001601849 0.004869121 -0.005323091 -0.175613537 0.011017848 -0.017192852 -0.076251589 0.182820573 -0.072911993 -0.110077649 0.124816187 -0.058116198 0.09495157 -0.090636767 -0.006494548 0.039178811 0.064302951 -0.012372741 -0.08940722 0.067447707 0.058380708 0.007556901 0.116639689 0.093287922 0.009432477 -0.080664828 0.062992312 0.04677435 0.065886557 -0.091097012 -0.002712652 -0.075758912 -0.060299911 -0.080434524 -0.071781293 0.08632125 -0.036398448 -0.038820487 -0.113068618 0.122235872 -7.349707127 -10.459424019 16.069002151 15.466596603 -6.901531219 3.51696682 -9.997767448 7.710186481 4.746649742 2.859326601 0.011919858 -0.083264038 -9.544323921 -7.900369644 14.094223976 2.970499277 -6.222063541 -0.506280839 4.917385101 -4.219903469 -2.16448307 -1.395920157 -0.105623081 0.100071959 
5.815135956 5.815135956 5.815135956 7.345449448 -30.087846756 -8.555970192 -4.942956448 -0.522994399 0.214440957 -2.334770441 -3.035976887 2.180786133 -5.551970482 -9.604944229 8.262972832 -8.31883812 0.478580147 -2.711694002 1.046547294 -0.163883552 0.290237725 0.697476566 -0.821993172 -16.50161171 30.472312927 -45.433353424 -57.990329742 16.715974808 -21.161569595 -1.783159614 0.08956743 0.108090155 0.137126967 0.087419398 -0.026556462 0.058860004 0.232005388 -0.039734174 0.069023937 -0.037061926 -0.002678208 0.021565266 0.065677725 0.132795036 -0.038732905 0.011987018 0.082172006 -0.121323958 0.012964983 -0.006489669 0.143604562 0.119078428 0.10245683 -0.05372848 0.030782109 0.033984039 -0.197135255 -0.009734998 -0.002115336 0.044205517 0.239207819 0.01099305 0.124358267 0.094924413 -0.067769602 0.097997114 -0.081680834 -0.107505575 0.116656341 0.023567697 -0.013933695 -0.09487731 0.025291221 0.052745868 0.005048774 -0.079347976 -0.023713423 -0.007147464 1.970474601 0.924302936 8.305001259 26.953159332 9.708337784 45.455799103 4.099042416 44.261360168 1.614585519 0.043277208 0.030509371 -0.066180587 0.025797937 -0.116684228 0.038749646 -0.05709916 -0.100379452 0.045675773 0.013883024 0.021832889 -0.134725988 0.061921887 -0.052211516 -0.13077715 0.198186055 -0.057323709 -0.108339995 0.066774838 -0.021669533 0.096361428 -0.089834839 0.001426084 0.031257648 0.083054237 -0.032176957 -0.113771118 0.098858953 0.033064146 -0.012775791 0.148465648 0.139971316 0.040483862 -0.041849986 0.091371492 -0.00375438 0.053559907 -0.054446943 -0.048168432 -0.069147579 -0.085197136 -0.10513825 -0.072166547 0.073647246 -0.060767882 -0.044295277 -0.103630215 0.073002741 -5.868920326 -9.486304283 17.03424263 17.509300232 -5.054208755 3.983502865 -9.704912186 8.290277481 5.287732601 3.409885168 0.027121775 -0.148894995 -8.703148842 -9.977747917 12.20050621 -0.228463158 -7.751959801 0.351275682 6.213966846 -5.010054588 -2.912915945 -1.160298944 -0.031311002 0.068810262 
5.787586212 5.787586212 5.787586212 6.04475069 -31.908920288 -10.107247353 -4.288959026 -0.438199669 0.407959461 -2.11966157 -2.953163385 4.176755428 -3.939594746 -9.185646057 11.128659248 -8.795470238 0.59443289 -2.999657869 0.746685386 -0.23866421 0.842286646 0.5254336 -0.965153873 -16.845249176 28.348520279 -43.524894714 -60.80185318 14.441793442 -20.322385788 -1.806942821 0.051357031 0.125055447 0.148909658 0.069154181 -0.084863134 0.101889975 0.259683728 -0.021377072 0.054458499 -0.048402648 -0.009941722 0.02001792 0.059830662 0.111889452 -0.065238468 -0.008972696 0.097750418 -0.191535532 0.04813182 0.01294332 0.227653816 0.139798015 0.096233644 -0.068636186 -0.024495395 0.047930513 -0.2071722 0.01642382 0.053870969 0.004556668 0.279253036 -0.027273422 0.11556951 0.083275191 -0.058469109 -0.012578481 -0.144979298 -0.09882655 0.201826513 0.051624279 -0.020801667 -0.045658387 0.056031324 0.031072248 0.008786252 -0.137482882 -0.02705632 -0.041398413 1.91270256 0.56802392 7.4185009 27.811376572 16.388072968 41.051502228 7.206176758 44.674819946 0.421400785 0.033011686 0.013447162 -0.026234293 0.061998069 -0.150258228 0.041093171 -0.0639918 -0.122283943 0.08319363 0.025060648 0.050052378 -0.078560986 0.097988449 -0.069251969 -0.217276171 0.174944535 -0.03581607 -0.083299138 0.01239994 0.034817342 0.129547864 -0.09262 0.007212873 0.025279649 0.06128009 -0.036202129 -0.133116573 0.10061539 -0.019556876 0.007287502 0.174285442 0.222724229 0.080347255 0.013798482 0.138877034 -0.079153262 0.068422005 0.004846859 -0.11174468 -0.07327617 -0.102558956 -0.13850382 -0.071468435 0.052744437 -0.070957094 -0.027871789 -0.114747636 0.029865092 -4.826968193 -7.717700005 17.536407471 20.211362839 -2.536957741 4.137380123 -9.749462128 8.8136549 5.716239452 3.982962847 0.058953885 -0.205581278 -8.477360725 -11.868364334 9.991856575 -1.594372988 -8.655905724 1.139157653 7.107312202 -4.920721054 -3.138164282 -0.983701348 0.040606257 -0.01309687 
5.739603519 5.739603519 5.739603519 6.128162384 -35.016708374 -11.130707741 -4.341825008 0.067066923 0.23316738 -1.801875591 -2.53844285 5.606590748 -3.573636293 -9.043769836 13.741136551 -8.962277412 0.838758051 -3.561483145 0.387179255 -0.263431281 1.106662393 0.163832977 -1.111656785 -17.252597809 27.253351212 -40.938667297 -62.587730408 11.58966732 -20.498031616 -1.786463857 -0.038465235 0.097028613 0.168942332 0.106953837 -0.155875713 0.080638036 0.25079751 -0.061282247 0.058791608 -0.007422365 -0.053614058 -0.020189896 0.083570063 0.105283096 0.01672874 -0.035251662 0.056587357 -0.275004596 0.063102685 0.02458106 0.280135632 0.12649256 0.083987199 -0.081401013 -0.087949373 0.095080636 -0.17485404 0.013636566 0.111078426 0.01121768 0.309190124 -0.066543564 0.114436433 0.044838011 -0.061281834 -0.085939847 -0.138460711 -0.112256654 0.232464179 0.05618858 -0.05335075 0.034501377 0.074880935 0.002771249 0.022541825 -0.212623671 -0.087022431 -0.031611398 2.218210936 0.547269821 6.812800407 29.263696671 22.453468323 36.830242157 10.162258148 44.982955933 -0.648828745 0.011982028 -0.073353693 -0.030676411 0.092746451 -0.194711685 0.017424576 -0.099096328 -0.093912207 0.026768563 0.011741385 -0.045089509 -0.095321223 0.094971277 -0.117544957 -0.288583577 0.124585137 -0.014818026 -0.02317768 0.003703382 0.104802668 0.199494094 -0.099738635 0.003472158 0.068465337 -0.006754995 -0.005796843 -0.119723774 0.096685253 -0.106050856 0.055100963 0.162089363 0.267180473 0.118056953 0.040552165 0.113130987 -0.143506303 0.099056751 0.069082022 -0.127672791 -0.054487161 -0.106796406 -0.172962546 -0.047326807 -0.029832453 -0.125617534 -0.01730613 -0.139856368 -0.015407749 -3.012274981 -6.354640484 18.698461533 17.96534729 -0.306152105 3.704558849 -8.570119858 10.356682777 6.470754623 4.470743179 0.10960491 -0.226010859 -9.37611866 -14.536560059 7.978048801 -2.721919537 -10.659410477 1.747409701 9.947050095 -5.112338543 -3.167436123 -0.966624081 0.084418185 -0.087147869 
5.684830666 5.684830666 5.684830666 6.908339977 -39.217453003 -11.149644852 -4.283960819 0.509975672 -0.572586536 -0.643343747 -2.200546741 5.994969368 -3.214887619 -8.598602295 15.659187317 -8.37372303 0.98399359 -4.052444935 -0.231731459 -0.263159752 1.504035473 0.287910044 -1.960586429 -18.060218811 25.145544052 -38.680873871 -63.731231689 8.571211815 -19.611091614 -1.627715588 -0.074237213 0.062732346 0.207068741 0.156651184 -0.15704447 0.059287116 0.237723514 -0.116353422 0.075879022 0.048029482 -0.139305636 -0.032633718 0.093941115 0.126842007 0.09479446 -0.019347355 0.031794962 -0.313530713 0.121035032 0.004301725 0.301887721 0.030643377 0.072275713 -0.097157896 -0.099076614 0.097801477 -0.087700412 0.000647479 0.15180108 0.058043934 0.31966579 -0.098156326 0.119165882 -0.045734052 -0.064305045 -0.135683283 -0.115043506 -0.121666826 0.192318931 0.060797516 -0.046563316 0.095992178 0.078331485 -0.034076218 0.00138092 -0.209409833 -0.153118044 -0.044666365 2.821736097 1.021388054 6.762617588 25.634147644 24.407037735 38.596599579 7.765319824 46.198497772 -2.024970531 -0.011921057 -0.121792093 -0.059573457 0.111896671 -0.22584562 -0.029344538 -0.063839689 -0.081791207 -0.090473741 -0.005381622 -0.097800516 -0.08601097 0.068254068 -0.110860221 -0.304872662 0.145937145 -0.018640693 -0.009537154 0.04753476 0.136390254 0.265894979 -0.09541516 -0.071021698 0.126208857 -0.066339172 0.049464133 -0.124458283 0.079495609 -0.177202865 0.110931292 0.138625458 0.266920775 0.124324426 0.029265121 0.092977509 -0.182043388 0.107972227 0.157149911 -0.165743202 0.014216019 -0.12247777 -0.135135338 0.029234335 -0.134463713 -0.157349229 -0.054992314 -0.101574332 -0.013232458 -2.048244715 -4.327868462 20.230602264 15.258434296 1.419892669 2.908864021 -7.915221214 10.491425514 6.420228958 4.516251087 0.182052299 -0.252458334 -11.936660767 -16.483390808 6.242622852 -2.654050112 -12.252957344 1.746195316 11.827630997 -5.095028877 -3.446643353 -0.997056842 0.117123149 -0.077791147 
5.63634634 5.63634634 5.63634634 7.257183552 -44.318832397 -10.234348297 -3.600601196 0.216631383 -1.056080699 0.305419326 -1.862581253 4.780485153 -2.627009392 -7.458588123 15.484426498 -7.744976044 1.314698577 -4.436548233 -0.842469692 -0.244881094 1.942237139 0.572047353 -3.137925625 -18.552476883 25.757452011 -39.976898193 -61.208080292 9.245138168 -18.791837692 -1.704712033 -0.119397841 0.078598507 0.208536223 0.173993334 -0.102617241 0.03572008 0.219312742 -0.171142608 0.095773101 0.07977809 -0.25834325 -0.022649547 0.145614758 0.124591924 0.149167418 -0.012316088 0.012786063 -0.295846224 0.113899931 -0.022952342 0.314041317 -0.067864098 0.057691239 -0.079047114 -0.046983454 0.155966297 -0.014287024 -0.037861787 0.140215561 0.06271074 0.333335251 -0.097391114 0.094848007 -0.120371237 -0.07414867 -0.178684548 -0.092905976 -0.117994279 0.06327825 0.008174191 -0.084984027 0.13278541 0.007299472 -0.108147383 -0.015347781 -0.169396907 -0.158385888 -0.03849167 2.915200233 1.719287038 7.574934483 23.115209579 24.874883652 42.987857819 5.137193203 47.964302063 -1.931990147 -0.067894839 -0.048076574 -0.180912688 0.133625209 -0.257881224 -0.12085218 -0.030797172 -0.075389892 -0.152448803 -0.072226644 -0.218819752 -0.04219215 0.039300185 -0.081957698 -0.283325493 0.166451648 -0.02514131 -0.035616618 0.065434657 0.135207862 0.334315687 -0.075155944 -0.100089923 0.176442146 -0.10613361 0.126597673 -0.118179165 0.073338851 -0.14781031 0.197335497 0.070378639 0.181885079 0.170598671 -0.041909538 0.020262603 -0.169029132 0.077495404 0.18328543 -0.169988751 0.08021491 -0.131885439 -0.132025942 0.083877467 -0.231756911 -0.100979961 -0.102029629 -0.076648273 0.02623607 -0.731713831 -2.372894764 20.492227554 13.417992592 2.763274908 2.93467474 -6.147465229 10.040427208 5.776062012 3.925017357 0.222637117 -0.301091164 -15.291905403 -16.379673004 5.198181152 -1.322660685 -12.624213219 1.322413802 11.491936684 -4.430510998 -3.263837337 -0.810888171 0.082742974 -0.031954315 
5.596277237 5.596277237 5.596277237 8.056070328 -51.992744446 -7.576812744 -2.383618593 0.429609746 -1.397382736 0.123074792 -2.031325817 3.832200289 -2.996106148 -6.975466251 14.994771957 -5.240497589 1.524291039 -4.109576702 -1.291451216 -0.241760626 1.976493001 1.498927116 -3.521390915 -18.161478043 24.160686493 -39.756015778 -60.664222717 8.485383987 -18.00204277 -1.671068549 -0.135460109 0.080027185 0.270133078 0.168093726 -0.083312668 -0.044716049 0.16121909 -0.14659293 0.075429559 0.085995942 -0.332368344 0.002502903 0.167035609 0.07503815 0.140181884 0.078161635 -0.02653324 -0.291959226 0.083582014 -0.039805971 0.277062178 -0.15165028 0.077969834 -0.048462156 -0.039721038 0.221944749 -0.001077337 -0.125465006 0.031826846 0.022136554 0.34308058 -0.106037728 0.078257866 -0.165094107 -0.078574762 -0.148571223 -0.098642893 -0.089760713 -0.044046029 -0.056179333 -0.177580893 0.10676033 -0.075656161 -0.065554142 -0.027179427 -0.117112249 -0.171411797 -0.039118413 2.112410307 1.67212832 8.803149223 21.891395569 28.614599228 47.316082001 5.306193352 47.90896225 -1.713276744 -0.170548454 0.020078942 -0.288726151 0.097881123 -0.231286317 -0.153188944 -0.039367575 -0.087050363 -0.154629573 -0.058409292 -0.280075312 -0.084290802 0.04237882 -0.086972952 -0.154826432 0.123194739 -0.039029676 -0.057816904 0.067911364 0.152122289 0.354361117 -0.069674313 -0.068022817 0.198968187 -0.107334405 0.139529854 -0.085127413 0.050795622 -0.084444113 0.240396813 0.031422369 0.043223839 0.250454515 -0.095049486 -0.078742221 -0.125951409 0.058623988 0.165897846 -0.121662267 0.129796728 -0.000870826 -0.126094416 0.150228277 -0.217223957 -0.075779624 -0.13840647 -0.062916726 0.048121881 0.677846014 -1.899998307 19.132722855 14.193043709 2.34847188 3.852610588 -3.854966164 8.74469471 4.903353691 2.745485544 0.170752093 -0.263515413 -18.096179962 -14.823964119 4.398321152 1.142948389 -10.641993523 0.951093376 9.914108276 -3.665855169 -2.996083498 -0.791690707 0.064600453 0.018558946 
5.56705904 5.56705904 5.56705904 8.801629066 -60.957569122 -4.647375584 -1.945101023 0.824190855 -1.342232108 -0.260651737 -2.232014656 3.050825119 -3.555080175 -6.847073078 14.376290321 -3.844495296 1.462555647 -3.501801014 -1.456699491 -0.233955249 2.2798388 2.394836426 -4.006241322 -17.502084732 23.904634476 -39.371368408 -60.604335785 9.173347473 -17.934322357 -2.149034262 -0.115907736 0.046702571 0.288889885 0.091170058 -0.094693162 -0.115157098 0.073620424 -0.114099912 0.023506587 0.106200375 -0.33755061 0.007825794 0.16135107 0.02732371 0.131507054 0.152135819 -0.021492645 -0.22212559 0.079299308 -0.012475017 0.206161901 -0.153282344 0.10193193 -0.025412599 -0.034029879 0.21952711 -0.020772118 -0.15255034 -0.051109407 -0.004838947 0.30434081 -0.149844557 0.01218797 -0.173234746 -0.087235309 -0.081329621 -0.074442364 -0.118678778 -0.109646603 -0.094559386 -0.234358251 0.075654827 -0.122519225 0.007228043 -0.009270155 -0.054655712 -0.195095226 0.004224844 1.20870626 1.721653223 9.249130249 20.332294464 30.082826614 50.191524506 5.456329346 46.315189362 -1.375781059 -0.186982036 0.053389031 -0.314550132 0.064008765 -0.217298567 -0.17625621 -0.056737069 -0.057781573 -0.153281823 -0.023397312 -0.277276456 -0.056530662 0.079940893 -0.074047267 -0.037594076 0.069619767 -0.045975208 -0.040867757 0.054940425 0.122375049 0.310153633 -0.03167922 -0.003977234 0.174524322 -0.11880786 0.138702258 -0.032195803 0.010643792 -0.053447437 0.2272937 0.035225879 -0.065313093 0.282985628 -0.142466173 -0.123313747 -0.119459383 0.059302833 0.144407988 -0.034705047 0.120403856 0.09073583 -0.143716559 0.16901882 -0.139440566 -0.060751259 -0.110126503 -0.031903569 0.055164218 3.202027321 -2.513272524 17.241195679 15.417069435 0.863142729 4.556089878 -2.910994291 7.591996193 4.330786705 1.644896388 0.145789668 -0.229885757 -18.288820267 -13.419453621 3.679588556 2.773970842 -9.229344368 0.65855819 8.248926163 -3.580519676 -3.011364937 -0.928282678 0.049181916 0.07881365 
5.560406208 5.560406208 5.560406208 9.874733925 -67.947402954 -1.987462282 -1.880271912 1.314270973 -1.223634362 -0.150516391 -1.980790257 2.862209797 -2.981689215 -6.593238831 13.938569069 -4.546921253 1.447398782 -3.568886518 -1.399025083 -0.19490616 2.668667078 2.718406439 -3.891758204 -17.333545685 23.9486866 -38.660919189 -61.041004181 10.268353462 -18.242351532 -2.482401609 -0.063340843 0.001201588 0.222485825 0.005549716 -0.079167955 -0.117994852 0.0015466 -0.083407648 -0.013346999 0.095579557 -0.300787568 -0.000715111 0.125425711 -0.034204926 0.118592605 0.159314528 0.019330846 -0.067119323 0.083995037 -0.009674159 0.146429002 -0.114829019 0.065550193 -0.017454205 -0.027670896 0.187375963 -0.022255609 -0.121124245 -0.111048631 -0.011526167 0.255457908 -0.158414707 0.013712239 -0.113028988 -0.067870192 -0.016713578 -0.06273704 -0.138583362 -0.113522813 -0.101751894 -0.232774481 0.052039336 -0.123608708 0.054649491 -0.014312085 0.012239122 -0.180101886 0.059106484 -0.10668806 1.953289628 9.646674156 18.395441055 27.7817173 51.988105774 3.462624073 44.370197296 -0.276022464 -0.141286001 0.048291977 -0.281371474 0.077010766 -0.200676337 -0.188157976 -0.062814727 -0.002303998 -0.140355557 -0.021327749 -0.248380259 0.022276701 0.090273067 -0.055724941 0.012013741 0.037841775 -0.048917685 -0.027163658 0.050979123 0.05716797 0.254645735 -0.005785475 0.07034447 0.173973918 -0.127220064 0.119037963 0.036418106 -0.032831371 -0.010652913 0.156481862 0.056140453 -0.127691627 0.242539644 -0.150631696 -0.064520545 -0.109294698 0.048682295 0.063792534 0.030324424 0.053209841 0.089556411 -0.138392583 0.094142437 -0.045343004 -0.071196087 -0.042828478 -0.01463428 0.066950701 5.967338085 -3.008513689 15.444055557 14.641735077 -0.535515904 5.067315578 -3.190113783 6.660794258 4.057494164 1.067526579 0.110837951 -0.216079473 -17.876811981 -13.496496201 3.188869238 3.555624247 -9.459169388 1.044310331 7.507122517 -3.8316257 -3.142253637 -0.888496876 0.043722827 0.120982692 
5.572286606 5.572286606 5.572286606 12.029129982 -75.592094421 1.953714132 -1.243584275 1.903907776 -0.924830258 -0.128644153 -1.466281533 2.681030273 -2.266482592 -5.949780941 12.562812805 -4.253072262 1.434858799 -4.006793976 -1.038285613 -0.15721941 3.455230236 2.185926437 -3.620198727 -17.617586136 24.246278763 -36.694404602 -61.988880157 10.989320755 -18.468637466 -2.967918396 0.085536599 -0.047152448 0.1781293 -0.047131184 -0.041242294 -0.101941906 -0.073118493 -0.051951393 0.010730922 0.004775148 -0.195066601 -0.017816098 0.019881591 -0.022307297 0.064168014 0.119783685 0.02365458 0.035639238 0.070304707 -0.026589185 0.066159479 -0.103757635 0.004109238 0.029094221 -0.029927127 0.129900753 0.003295752 -0.064959094 -0.146707818 -0.013537684 0.211040676 -0.18056117 0.04057223 -0.131892145 -0.086954445 0.035086837 -0.042107143 -0.159788534 -0.158347204 -0.138130173 -0.194553033 0.022042235 -0.089975394 0.042016152 -0.039740514 0.048335467 -0.122667544 0.112551637 -1.775765419 2.722237587 10.291117668 17.350484848 27.221691132 51.553474426 3.566541195 39.733692169 0.755283952 -0.108382173 -0.006380132 -0.241673782 0.074365206 -0.173505709 -0.1177378 -0.071845852 0.026924357 -0.078285299 -0.021910105 -0.237948537 0.016423041 0.029234605 -0.053205881 -0.011119462 -0.004891485 -0.071079709 -0.023684073 0.073457047 -0.006396496 0.206123531 0.033204298 0.069048002 0.187915757 -0.08923015 0.077421293 0.062474795 -0.045724288 0.005003391 0.079848684 0.041331619 -0.19351235 0.141986266 -0.104884073 0.008816348 -0.036490124 0.074449971 -0.019824801 0.035789464 0.019805126 0.074308142 -0.09058556 0.036495622 0.080578372 -0.097521409 0.03609965 0.011258597 0.068104886 7.172384262 -3.294942856 12.939836502 15.585906029 -2.112849474 5.115306377 -4.406174183 5.664768219 3.419105768 0.421004981 0.102030009 -0.139903545 -17.749399185 -12.693161011 3.419332504 3.877581358 -8.806869507 1.265866041 6.93927145 -3.23942399 -2.820878744 -0.650042534 0.009342977 0.060282424 
5.588207722 5.588207722 5.588207722 21.904033661 -82.398757935 14.458168983 -0.65899384 2.054117918 -0.440467924 0.234395638 -1.411276221 2.097926855 -0.924140215 -6.069364071 10.348261833 -3.264060259 1.425058961 -4.344995975 -0.66248107 -0.154797256 4.020629406 1.08074677 -2.959021807 -17.899049759 23.55563736 -32.439826965 -63.080375671 9.771805763 -18.119859695 -3.549594164 0.079482622 -0.094404452 0.168490916 -0.109868921 -0.063726842 -0.075449079 -0.09348312 -0.023769394 0.035191365 -0.032373257 -0.125787392 -0.005123135 -0.064209446 -0.008348803 0.03495536 0.055810738 0.034376469 0.103976443 0.056017384 -0.002065864 0.041272264 -0.073179789 -0.020355249 0.049692489 -0.053393655 0.106285453 -0.008887657 -0.021097269 -0.106492005 1.0229e-05 0.164348543 -0.225721315 0.060388386 -0.107658759 -0.090858929 0.015290568 -0.016071811 -0.192415327 -0.165797874 -0.09491881 -0.180261254 0.020505248 -0.021873014 -0.013844096 -0.039432529 0.038848944 -0.106621303 0.099056736 -2.812094688 2.945532799 11.769494057 15.993779182 28.369026184 51.9479599 4.312112808 36.901317596 0.409987777 -0.106868371 -0.048385914 -0.145838827 0.076331772 -0.146392852 -0.058439411 -0.068013914 0.096104994 -0.022532096 -0.004156773 -0.236491144 0.042247053 0.018930944 -0.001311988 -0.06510815 -0.024470996 -0.033848532 0.018660225 0.079569556 -0.035053823 0.169318214 0.081213988 0.035573855 0.150590956 -0.056506388 0.046615552 0.004604906 -0.053909525 0.001967027 0.062024463 0.013790284 -0.194039524 0.095851868 -0.06174878 0.031097341 0.017298089 0.101367027 -0.001583548 0.005627407 0.041043669 0.03542487 -0.07886038 0.011490462 0.120100819 -0.117450736 0.046566866 0.018643411 0.04922156 8.160834312 -3.276742458 9.781725883 17.880456924 -2.776427746 4.204280376 -6.081947327 4.412139893 2.291162968 -0.207198888 0.110625245 -0.082404315 -17.259096146 -11.132177353 4.246144772 5.868548393 -7.248743057 1.517697453 4.9296031 -2.659968853 -2.502869368 -0.433089823 0.016340515 0.050220747 
5.605609417 5.605609417 5.605609417 110.685409546 -86.903266907 106.555091858 -0.421040416 1.421338677 -0.516886532 0.464080989 -1.630648494 1.476490021 0.358594149 -5.587658882 7.54545927 -3.018585205 1.262126565 -3.958648682 -0.188606694 -0.205859333 4.281805515 0.142560467 -2.841586828 -17.717517853 21.093223572 -26.683988571 -64.397529602 6.138094902 -17.672193527 -3.674821615 0.033099249 -0.099763379 0.166540325 -0.115370691 -0.075002298 -0.046691112 -0.059334461 -0.049599621 0.033176672 -0.042437647 -0.104165189 0.005230269 -0.141990542 0.02938099 0.001315626 0.008339609 0.057054006 0.14948301 0.061448503 0.021054007 0.048956767 -0.042546235 -0.048037443 0.034870863 -0.063103251 0.099216476 -0.034800079 -0.003823102 -0.046379726 0.025796827 0.159488246 -0.244449109 0.057235952 -0.063048147 -0.094535559 -0.020101905 -0.006206803 -0.195464969 -0.123421744 -0.053673115 -0.143569425 0.052156266 0.068108283 -0.067804761 0.000870912 0.017133929 -0.074896425 0.069121704 -3.387808084 3.299135208 13.303709984 15.845887184 30.321775436 52.147266388 5.846155167 34.930831909 0.197521448 -0.104413874 -0.081238858 -0.05800999 0.108564563 -0.160165295 -0.04632201 -0.075513624 0.136633813 0.020233173 0.007929888 -0.224678487 0.05178583 0.044022053 0.058818709 -0.095588483 -0.020486627 0.004802515 0.050820552 0.108818829 -0.044540726 0.16672574 0.125292361 0.033872511 0.090052098 -0.070852324 0.036844533 -0.03877233 -0.057901762 -0.025525102 0.070319571 -0.004078095 -0.14361316 0.04970381 -0.015266979 0.005405953 0.051903076 0.10215231 0.014256684 -0.027913291 0.032822289 -0.016855411 -0.044662505 -0.012516213 0.109487258 -0.131734833 0.029000374 -0.032996785 0.055425599 8.390790939 -2.63825655 6.194786072 20.480833054 -2.295244217 2.627292156 -7.328789711 2.881765127 1.280808091 -0.946717143 0.104028091 -0.06616506 -16.379404068 -8.278225899 4.80861187 10.072171211 -4.936945915 0.825504005 2.185983896 -1.890141964 -1.980324149 -0.640796065 0.020656187 0.064297155 
5.624476433 5.624476433 5.624476433 160.934692383 -81.129135132 159.961990356 -0.611453295 0.600461781 -0.247632146 1.057535529 -1.417856336 0.924479365 0.950349629 -3.854921341 4.60306406 -4.091362953 0.848747253 -2.909469128 0.212687925 -0.240032673 4.166872978 -0.203902394 -2.62017417 -17.40745163 19.668827057 -21.861995697 -65.80896759 2.881101608 -15.644471169 -3.281503916 0.039874103 -0.063889921 0.104207836 -0.053291693 -0.063745253 -0.04051923 -0.012095436 -0.10177131 0.058821023 -0.09127488 -0.100948662 0.031630807 -0.142520159 0.085689344 -0.057130266 -0.01610163 0.028878277 0.123333544 0.050478075 -0.000103287 0.040682651 -0.070154831 -0.060418215 0.031923085 -0.056942608 0.078418165 -0.029685447 -0.001240509 -0.062062789 0.009458104 0.142606914 -0.202937499 0.013324642 -0.077026516 -0.082642883 -0.067745984 -0.070686616 -0.163889349 -0.079669125 -0.020812642 -0.105791718 0.099697083 0.129500255 -0.092278935 -0.014298439 0.051592983 0.00402816 0.026637997 -3.573242903 2.971875906 14.126272202 16.684747696 33.228042603 50.964179993 8.311437607 31.520435333 0.957040966 -0.106546126 -0.05625578 -0.073264085 0.088106103 -0.135537222 -0.022036768 -0.096913241 0.068235181 0.102169372 -0.010190865 -0.180136278 -0.036701106 0.015747298 0.015402866 -0.095027119 -0.017246617 0.009787526 0.003337671 0.092149027 -0.02239603 0.109696902 0.083236352 0.031959906 0.047309946 -0.106223375 0.021327753 -0.010318537 -0.042644959 -0.048424836 0.065884098 0.025028395 -0.120392919 0.044416551 0.005314637 -0.010819203 0.108575284 0.021938298 -0.018540375 -0.061893933 0.045263361 -0.041722056 -0.016070776 -0.018103857 0.059257977 -0.151646942 0.028808791 -0.098167904 0.07486172 7.746490002 -2.536826134 3.099706411 23.317897797 -2.180661678 1.985581636 -7.757508755 2.195648432 0.656420529 -1.39476037 0.026778413 -0.107880428 -15.226583481 -4.827758312 4.015240669 13.827060699 -2.644765377 -0.050560389 -0.109560981 -1.384260893 -1.640814781 -0.958073556 0.08827427 0.061467148 
5.630720615 5.630720615 5.630720615 168.088516235 -73.912185669 169.881240845 -0.54318887 -0.209251121 0.085953459 1.538489699 -1.088163376 0.615230918 2.261074066 -1.595519662 1.860996962 -4.176551342 0.364491761 -1.477476954 0.118553326 -0.304326117 4.322383404 0.063756905 -2.362681866 -16.989160538 18.445846558 -19.237874985 -65.97933197 1.530583262 -14.291918755 -2.905299425 0.052985013 -0.022973588 0.028610859 -0.042299844 -0.025577994 -0.011899127 0.026322341 -0.088617183 0.067443244 -0.078962937 -0.05293161 0.041234519 -0.112184659 0.09556967 -0.040146764 -0.015174884 0.011392866 0.047072012 0.022361211 -0.021580765 0.032972164 -0.067464739 -0.046803564 0.027342159 -0.040917553 0.028238297 -0.014374428 0.024410745 -0.038212981 -0.025765125 0.094001405 -0.130414948 -0.044297718 -0.060760468 -0.034151465 -0.095188744 -0.105315551 -0.088011973 -0.014092124 0.050788265 -0.029908402 0.119313814 0.183133602 -0.1270421 -0.022522999 0.082907297 0.060211953 0.012345101 -3.311718225 2.600333691 14.732584953 13.371706009 32.297523499 53.270442963 6.452712536 27.231361389 1.366239071 -0.084067211 -0.012537125 -0.044400271 0.06161679 -0.091240123 0.026630769 -0.10759031 0.044841085 0.142620966 -0.016944356 -0.069661692 -0.038166732 -0.013300964 -0.0153754 -0.064700581 -0.009889021 0.018842325 -0.038291149 0.07438381 -0.030552244 0.027668571 0.009909854 0.041179355 0.022301337 -0.108142264 -0.011255226 -0.000809075 -0.075680815 -0.015327808 0.02591143 0.09253113 -0.102229834 0.018676158 0.018130558 -0.049063426 0.101930007 -0.047685482 -0.066551596 -0.13250789 0.053153675 -0.087743573 0.001363309 -0.040388733 0.007836323 -0.095483616 0.030865543 -0.120464742 0.06963104 5.646953106 -2.676959753 -1.116724491 28.338920593 -2.655864716 2.110407352 -8.40106678 0.60658139 -0.046069998 -1.868254423 -0.037813231 -0.102575585 -12.497253418 -0.942012548 2.571384907 15.884656906 0.06938865 -0.641049266 -2.489248276 -1.11566925 -1.174622536 -1.3104496 0.114026353 0.028210759 
5.620072365 5.620072365 5.620072365 171.631591797 -64.672569275 174.659866333 -1.048714399 -1.011844277 0.360049248 1.708741069 -0.48892054 0.492298871 2.784100056 1.359485388 0.162412167 -4.507153034 0.014845525 -0.539955199 0.121812008 -0.32327342 4.209459782 0.339132607 -1.904291749 -16.771741867 17.307477951 -17.270290375 -66.470092773 1.057903051 -12.372473717 -2.83095026 0.004942828 0.00702417 0.049398568 -0.032548171 0.012110995 0.010973277 0.037503857 -0.06978666 0.054770704 -0.050825678 -0.022274908 0.001880856 -0.045111164 0.081620269 0.009673714 0.033788946 -0.016246084 -0.0449907 0.005531944 -0.026386797 0.031502973 -0.068075232 0.000620499 0.010109557 -0.024720348 0.007286279 0.01254851 0.04339141 -0.032560751 -0.040485166 0.051293716 -0.04391082 -0.078799635 -0.022401411 0.019363191 -0.090632096 -0.097775884 -0.021935651 -0.000195998 0.08661975 0.029224848 0.110140726 0.197078153 -0.114077404 -0.031638131 0.076360792 0.089410856 -0.001867677 -2.625547647 2.45142889 14.900079727 10.8813591 32.621868134 54.165699005 5.583433628 21.144844055 1.955141902 -0.049867176 -0.002089564 -0.036010712 0.007325231 -0.084213823 0.061023604 -0.109413832 0.052622039 0.095005944 0.011674029 -0.032890487 -0.084362619 -0.062769175 -0.058138929 -0.050214577 0.033841752 0.003838253 -0.079007275 0.104790494 -0.029369313 -0.05232108 -0.072869353 0.038533662 0.027175635 -0.103988603 -0.02563137 -0.009050556 -0.060881633 0.023433631 0.028380323 0.07204996 -0.116337188 0.000182443 0.031206802 -0.061645858 0.101428874 -0.069589674 -0.05866807 -0.152299121 0.037061114 -0.08372248 0.022978695 -0.058090419 -0.026100529 -0.025615677 0.051391125 -0.097016491 0.079547733 2.155061007 -2.58234334 -4.738782883 33.884689331 -3.417947531 1.87793839 -9.158397675 -1.68077445 -1.005383611 -2.232988834 -0.051843729 -0.101855099 -9.63621521 3.048433304 2.212993383 17.592720032 3.664711475 -1.379606247 -5.084029675 -0.708455622 -0.320749164 -1.789980412 0.075726494 -0.026588127 
5.605446339 5.605446339 5.605446339 172.917495728 -58.104999542 176.775756836 -1.393721938 -1.553345561 0.260835081 1.465630889 -0.236283809 0.312783539 2.764270782 2.436169386 -0.704684734 -4.448060989 -0.209636807 -0.200674042 0.042339288 -0.26426366 3.434480429 0.609454751 -1.349622965 -16.270711899 16.008729935 -15.970645905 -65.780792236 0.275258452 -12.73886776 -2.622741699 -0.036863357 -0.016238419 0.076287791 -0.035519604 0.026423668 0.017466987 0.018128306 -0.053321697 0.046073724 -0.029722633 -0.017139746 -0.007400038 -0.004874561 0.058106907 0.035304595 0.029360486 -0.042237628 -0.059796233 -0.00651723 -0.015123645 0.02170386 -0.059038777 0.0171363 -0.012630253 -0.019585399 -0.003754839 0.02805089 0.0670847 -0.023689676 -0.018838173 -0.00715343 0.004000277 -0.077399276 0.022768019 0.06749741 -0.037320577 -0.03609065 -0.001114083 0.004123543 0.08735995 0.036890522 0.093979925 0.14370881 -0.072778918 -0.022016548 0.044580899 0.068707831 0.001086075 -1.669116974 1.879465699 15.373865128 9.817831993 33.363262177 54.43780899 5.556290627 14.950092316 2.189657688 -0.035289563 -0.016459769 -0.015154536 -0.064995766 -0.05831949 0.07241074 -0.082910083 0.026962452 0.065304637 0.009111463 0.04773378 -0.105835408 -0.051487833 -0.074131079 -0.064254873 0.03890444 -0.017678373 -0.063813724 0.119148344 -0.009805961 -0.119941153 -0.105627269 -0.020796083 -0.017597631 -0.097845197 -0.049897999 0.013422554 -0.045385994 0.00974845 0.033140972 0.040884271 -0.093233369 -0.000838249 0.028666317 -0.044014998 0.082759559 -0.086937398 -0.021828955 -0.100055002 0.026097191 -0.035154302 0.004998669 -0.068420157 -0.037775453 0.021924105 0.058326114 -0.07202071 0.067893736 -1.865855575 -1.216713667 -5.711114883 37.778198242 -2.341832876 1.24198854 -9.417604446 -3.421149969 -1.554829478 -2.50893569 -0.034371201 -0.09755601 -8.752429008 5.004685879 1.198844075 21.036222458 5.841673851 -1.345068455 -7.987190247 -0.282056063 0.689111829 -2.006552696 0.026158642 -0.040859342 
5.603696346 5.603696346 5.603696346 172.594299316 -54.782924652 176.736816406 -2.174133778 -1.811142087 -0.49038896 1.511607885 0.054374564 0.229399249 2.800771952 2.438294649 -0.059143022 -4.108451843 -0.345499843 -0.071507938 -0.225394905 -0.223968416 3.29852581 0.708711207 -0.823525786 -15.654033661 14.794070244 -16.165306091 -64.056221008 0.533008397 -13.994076729 -1.711991191 -0.087099083 -0.020403443 0.078381278 -0.038930647 0.05289587 -0.010120739 -0.004296265 -0.023547893 0.023095245 0.002976343 -0.029356787 -0.002255484 0.031811975 0.004065243 0.094049618 0.073179461 -0.046462238 -0.036732096 -0.030802889 0.017426204 -0.011662628 -0.049806256 0.010020141 -0.040517539 0.01978788 -0.006067396 0.01023381 0.052791946 -0.030908091 -0.030105516 -0.072663024 0.042714644 -0.092792742 0.074134037 0.109417699 0.052068759 0.001905283 -0.019572182 -0.006104634 0.096949048 0.032344095 0.104922354 0.086002946 -0.023202443 -0.000333878 0.056423921 0.054918841 0.018269133 -0.817302108 0.992594779 15.719878197 8.532811165 32.353660583 55.110454559 4.48418045 8.825955391 2.00327158 -0.020202041 0.014807477 -0.041134849 -0.120759465 -0.051124215 0.059955634 -0.042303398 -0.006185798 0.045403495 0.012620626 0.139219314 -0.085618079 -0.022944104 -0.091407835 -0.000194958 0.049366042 -0.043606516 -0.060626134 0.148155287 -0.03326086 -0.158407211 -0.116629153 -0.031803213 -0.068922289 -0.120254554 -0.051781964 0.035231132 -0.033385672 0.003517834 0.03682385 0.051416747 -0.092232279 -0.019744668 0.011207489 -0.06148601 0.070345759 -0.089514874 -0.026972117 -0.055732083 0.007897949 -0.001949516 -0.010639365 -0.080319926 -0.011353209 0.063096501 0.038428731 -0.072081327 0.080878481 -4.73808527 -0.015669014 -4.702587128 35.62902832 -0.815850854 0.612437367 -9.434396744 -4.931880951 -2.082010984 -2.413137674 -0.054137696 -0.087013528 -8.948057175 5.646397114 1.208943129 25.164810181 7.208944798 -1.233364463 -9.685266495 0.372453481 1.637134552 -1.915249944 -0.009451636 -0.012938934 
5.610794067 5.610794067 5.610794067 172.508544922 -50.41230011 176.305374146 -2.894848824 -1.542872787 -0.940943539 1.599775195 0.713919163 0.446738094 2.951333046 2.654644251 0.966825008 -4.312737465 -0.198916361 -0.561581552 -0.37862888 -0.113667019 2.834449053 0.580366015 -0.130738646 -14.955836296 12.654899597 -16.748836517 -62.473213196 -0.160249293 -13.558048248 -0.927191019 -0.114291489 -0.037964731 0.109984703 -0.032283608 0.075700238 -0.031273443 -0.025624393 -0.036850132 -0.007965444 0.056582708 -0.075211763 0.003273314 0.020934673 -0.016418282 0.11416465 0.117441319 -0.041652694 0.01077991 -0.036506336 0.030292796 -0.056789342 -0.063875772 -0.036766503 -0.038746312 0.038357768 0.011504125 0.019881405 0.011288774 -0.02677984 -0.012619904 -0.126199618 0.053700306 -0.065177225 0.103901863 0.141336203 0.150322795 0.031586282 -0.016966822 -0.003912905 0.097905084 0.034185376 0.092210978 0.037688237 0.034239236 0.038874626 0.037206054 0.052872032 0.008759892 -0.089841358 0.132563174 15.499574661 6.249643326 29.98550415 55.465930939 3.682945251 5.740419865 2.343733311 -0.024733111 -0.002452063 -0.03977466 -0.116408154 -0.069983236 0.002268701 -0.027754264 -0.027163958 -0.005694035 0.027011653 0.183524489 -0.0328147 -0.028182274 -0.10504777 0.07438083 0.081125811 -0.025359767 -0.063067377 0.146069512 -0.053886659 -0.164820597 -0.083508089 -0.034384612 -0.073097609 -0.118077695 -0.070004337 0.034112051 -0.025244489 -0.010548254 0.042102978 0.053156972 -0.06379395 -0.089083627 0.015368179 -0.084336534 0.062900104 -0.083320506 -0.009419178 -0.046967793 0.007587549 0.023013301 0.004562353 -0.084069401 0.023546901 0.087299421 0.022223271 -0.039553486 0.067809947 -6.457313538 -0.292740583 -2.856182337 30.212932587 -1.719021916 0.781888306 -9.135334969 -4.895890713 -2.029881001 -2.243391752 -0.113461554 -0.065633766 -10.116088867 5.852580547 1.86575222 31.224151611 7.430354595 -1.522075772 -10.099647522 1.83392334 2.320475578 -1.858464241 -0.057067618 0.034918543 
5.62659359 5.62659359 5.62659359 172.613174438 -45.661987305 176.237304688 -2.795054197 -1.033262014 -0.989297748 1.644682169 1.023316741 0.759032845 3.612643242 3.114667416 1.132308722 -3.897945881 -0.146208227 -0.618852854 -0.444944501 -0.00326718 2.304823637 0.318165064 0.682875574 -14.172459602 9.896112442 -16.036180496 -62.085941315 -2.897399426 -13.427959442 0.28952685 -0.102730595 -0.059230506 0.140965998 0.000476341 0.087583996 -0.01182194 -0.009803451 -0.043123864 -0.024056192 0.067969345 -0.100373559 0.039027356 0.047935296 -0.017711092 0.097071975 0.117970906 -0.018868111 0.061767016 0.020528225 0.022780644 -0.057763804 -0.070725255 -0.063311815 -0.000659738 0.017976755 0.016556133 0.07905598 0.021050531 -0.034400858 0.030757122 -0.150244161 0.091245309 -0.036892638 0.113805532 0.115305372 0.164013043 0.069795586 0.011579653 0.034893427 0.088301234 0.061246142 0.07578662 0.022183329 0.042463344 0.044962186 -0.003659717 0.014944111 -0.005128967 0.583743036 -0.470901787 15.245693207 3.849006653 26.836643219 56.262542725 2.669317484 3.858407259 2.546869516 -0.029689109 -0.045515947 -0.033942394 -0.079488218 -0.097109586 -0.074800082 0.003435603 -0.012807953 -0.052368473 0.001376591 0.156903312 0.040856387 -0.040359929 -0.075581729 0.139358059 0.088206366 0.0377746 -0.041203659 0.127245858 -0.040408619 -0.144606486 -0.046252612 -0.000730918 -0.063232355 -0.106018141 -0.075073555 0.015793156 0.002544969 -0.037763141 0.068633795 0.012704187 -0.049109798 -0.119264014 0.027664408 -0.092155956 0.08738564 -0.072639041 0.009492431 -0.009963308 0.040578637 0.04466534 0.007585275 -0.057106331 0.067684531 0.095260963 -0.009515201 -0.004317448 0.050904609 -7.87599802 -1.131337762 -0.852263153 24.293769836 -3.560204744 0.779091835 -8.831308365 -3.861496687 -1.665289879 -2.345402479 -0.139122784 -0.06020283 -12.302639008 6.212344646 1.631087661 38.259605408 7.356773853 -1.414137006 -11.04088974 3.286244154 2.729005575 -1.812861204 -0.114738576 0.03571365 
5.638990879 5.638990879 5.638990879 172.939300537 -42.828720093 176.929077148 -1.89795959 -0.381310821 -0.557325125 1.215969682 1.115884542 0.421702087 4.213298798 3.022156715 0.990031004 -2.153133154 -0.340147138 0.518980324 -0.450720727 0.05348872 1.660438299 -0.012534046 1.359901786 -13.699794769 8.052640915 -16.43678093 -60.721809387 -4.078016281 -13.976272583 1.644593835 -0.105568916 -0.035985027 0.132313773 -0.026679 0.085997507 -0.012285978 -0.02203765 -0.065811098 -0.032579578 0.069384135 -0.072377227 0.074086182 0.025263079 -0.033904798 0.098067507 0.074383855 0.02168731 0.072047949 0.046952859 0.02068327 -0.002416958 -0.02439961 -0.119071931 0.034807358 -0.015584659 0.029313345 0.056637723 -0.021307141 -0.048012853 0.042877242 -0.123746157 0.065837376 -0.026725641 0.104210198 0.046295982 0.129730433 0.037176091 0.03975698 0.022071464 0.053555503 0.10103932 0.058632992 0.00132225 0.013890195 0.033072665 -0.04070469 0.007185693 0.020947004 0.952624619 -0.676384866 14.869919777 3.51937151 26.246458054 56.543109894 2.415939093 1.587606788 2.353366375 0.006883589 -0.049313024 -0.03341382 0.029414997 -0.112656809 -0.114819005 0.013661728 -0.005686071 -0.078539141 -0.016119326 0.121095948 0.104536578 -0.053908657 -0.081920631 0.15279676 0.077465594 0.058810323 -0.030869871 0.135081172 -0.037756193 -0.132830173 -0.019679651 0.032869905 -0.030066065 -0.063171878 -0.068822071 -0.01178186 0.027833426 -0.068563052 0.120430127 0.000794529 0.013105628 -0.156551719 0.04504811 -0.109778613 0.112815998 -0.038104251 0.014028962 0.015193836 0.022397596 0.046786495 0.017456578 -0.010014222 0.075767361 0.092525519 0.019077417 0.020789364 0.011766756 -9.807337761 -1.693623424 1.381162882 18.480876923 -3.889397144 0.414799035 -7.834401131 -3.215049982 -1.421981215 -2.140077353 -0.108387627 -0.068120614 -13.018568993 5.055943966 -0.79071331 41.599708557 5.86448288 -1.032895327 -11.299198151 3.523544788 2.366653204 -1.707651019 -0.164363652 0.019338064 
5.619486332 5.619486332 5.619486332 171.727783203 -42.458618164 177.890777588 -1.576598883 0.306074142 -0.524392068 0.634991527 1.572761178 -0.647321641 3.382959127 3.334110737 -1.360354424 1.218287468 -0.552220345 2.012200117 -0.309173435 0.046814654 1.509275675 -1.039931536 3.189593554 -13.607191086 4.331931591 -14.230742455 -60.682735443 -6.127515316 -17.496774673 3.616778135 -0.022872286 -0.022222361 0.101929553 -0.138435826 0.110275231 -0.034882862 -0.055750888 -0.026742371 -0.063260145 0.171868488 0.010204439 0.022890685 0.011522335 -0.111739688 0.161443189 -0.015299599 0.076300986 0.040227551 0.005299927 0.00970215 0.06945733 0.03127905 -0.167998567 0.10771697 -0.109600909 0.098711424 0.059294835 -0.007025451 -0.060402632 0.064826041 -0.046194296 0.004358114 -0.018723916 0.098385304 -0.000330261 0.093062706 0.0155024 0.002093446 0.01520907 0.086162694 0.13580136 -0.000972485 0.067867644 -0.018020676 0.06966535 -0.173885465 0.025231017 0.101517081 0.890893161 -1.283084512 14.442173958 2.451039553 23.265859604 58.474494934 0.480121434 -0.678285897 1.890685201 0.078316346 0.004946687 0.049873233 0.146455407 -0.121334486 -0.122003011 0.002617703 0.070786372 -0.098037615 -0.025263427 0.157527208 0.288107008 -0.042626642 -0.085148111 0.121711828 0.02835441 0.014148887 -0.015858235 0.147204012 -0.075527601 -0.053884849 -0.010081501 0.055502132 0.044784889 -0.071342796 -0.083562687 -0.069918863 -0.021651844 -0.016976202 0.058845196 0.039462656 0.064758949 -0.234879941 0.021984944 -0.142932504 0.016983535 0.008063275 -0.009512753 0.029644599 -0.034394752 0.012554206 0.006907504 -0.028909927 0.064240858 0.102863982 0.024614602 0.056664005 -0.06600216 -12.004429817 -2.026493073 2.614901304 10.625402451 -4.100549221 -0.96984911 -4.748921871 -3.937968254 -1.671779752 -1.426776886 -0.086991005 -0.018624086 -12.453386307 2.297962427 -6.624762535 42.289421082 2.823811293 1.13531363 -11.766317368 3.218925476 1.771071911 -1.387102008 -0.256388545 -0.045505036 
5.540881157 5.540881157 5.540881157 168.025268555 -43.818996429 177.954025269 -1.167603612 1.040326238 -0.623121023 0.444059312 1.866636992 -1.822971344 1.973604321 3.586066961 -4.282389164 4.438589573 -0.638626218 3.415060043 -0.584825456 0.079334982 1.853545547 -3.000079155 5.702134609 -14.903740883 0.397097379 -11.340512276 -60.953510284 -7.913604259 -22.918764114 6.246545792 0.018232042 -0.036617335 0.032638412 -0.13197419 0.113699771 -0.075641476 -0.133117259 -0.04089535 -0.076758802 0.175595045 0.058200337 0.001571893 0.007299332 -0.09186244 0.146376163 -0.133408129 0.070978872 0.077027366 -0.109400913 -0.01797327 0.035556 0.155811533 -0.151234433 0.150337115 -0.196421951 0.155433089 -0.00884884 0.019305928 -0.02328888 0.103716813 -0.022462519 -0.052741401 0.053627279 0.140273094 0.003113578 0.017776875 0.026706835 -0.16020599 0.055275686 0.063846745 0.069809362 0.000832589 0.168854773 -0.069962643 0.178376108 -0.202303454 0.0113063 0.277308047 0.668123603 -3.526610374 13.793852806 0.384748995 22.118082047 58.998806 0.872721672 -4.021170616 0.91729188 0.064563997 0.016738536 0.149089217 0.207428753 -0.14630653 -0.074424103 -0.031518947 0.168126479 -0.043246072 -0.021362603 0.084446736 0.324269682 0.068679541 -0.166778371 -0.008946831 -0.020554338 -0.005841268 0.015995333 0.115015648 -0.09663929 0.030176809 -0.008224435 0.090741955 0.077021755 -0.130965963 -0.124975331 -0.022111712 -0.106250852 0.03331463 -0.004191647 0.120623969 0.042558037 -0.252402633 -0.063152313 -0.178074226 -0.035477951 0.041523736 -0.040025551 0.127718464 -0.048612084 -0.047739737 -0.087781429 -0.090642728 -0.084541656 0.030446839 0.055204656 0.03284413 -0.134136483 -18.25390625 -1.239976883 2.255831718 6.375629425 -3.525434971 -2.793931484 -2.011878014 -5.350998878 -1.565217018 -0.789277494 -0.047028229 0.036887616 -14.716684341 -1.077469826 -12.193771362 46.327129364 -2.125565052 4.084871292 -18.336900711 3.178617477 1.730863452 -1.005423427 -0.250072181 0.023064392 
5.422137737 5.422137737 5.422137737 167.947753906 -40.649562836 179.601608276 -1.181262016 2.683978081 -0.778937101 0.911177337 1.293653488 -3.414475679 2.662762403 2.17870903 -5.054722309 6.855566025 -0.630385399 4.241921425 -0.774062812 0.097947299 1.916859984 -5.759394646 11.613945961 -15.685978889 -3.377820015 -3.859233618 -65.42893219 -13.666120529 -31.338775635 11.113188744 -0.123545319 -0.059645861 -0.030732827 0.002503354 -0.005018292 -0.144966006 -0.135963261 -0.120242372 -0.015998278 0.119440176 -0.08980941 -0.017374095 -0.111037657 0.029195298 0.14552179 -0.139198363 0.086092398 0.093956009 -0.123599187 -0.045343921 -0.074598864 0.171864063 -0.097639553 0.032169089 -0.177988842 0.179419443 -0.019953979 -0.026489016 0.04738196 0.175736502 -0.044338565 0.034508064 0.016414957 0.14210324 0.084746026 -0.047769688 -0.039635014 -0.294185013 0.112714358 -0.046043478 -0.100034654 0.032756303 0.193200931 -0.158144102 0.193460613 -0.020176591 0.000500996 0.307362616 -0.146745995 -7.201514244 11.807566643 -3.408174753 21.462596893 56.315330505 3.352294683 -7.494084358 0.85501796 -0.064645655 0.03516566 0.168440461 0.200739712 -0.283828348 0.003566471 -0.026686039 0.203775093 0.040592451 -0.064539574 -0.070119798 0.228159115 0.239383355 -0.203513086 -0.108805612 0.051290158 0.028840732 0.018945307 0.058770977 -0.03110194 0.101969913 -0.052218966 0.053551376 0.009914262 -0.170944065 -0.12113142 -0.015101204 -0.160814211 -0.054451428 -0.03582396 0.122340791 0.077590406 -0.214581057 -0.143984959 -0.232496202 -0.039173197 0.012227736 0.032567475 0.111245662 -0.042280272 -0.147068396 -0.081784144 -0.11513295 -0.160192117 -0.15004684 -0.011259079 -0.043109957 -0.143164128 -20.537967682 -0.764232218 4.119516373 0.470762938 -2.632717848 -5.003051281 -1.771913528 -2.505156755 0.291924089 -0.686372638 0.04307184 0.048727863 -18.975597382 -6.143495083 -14.710320473 56.318264008 -8.828906059 6.864201546 -25.947776794 6.799069405 2.868662357 -2.889779568 -0.113941841 0.125025377 
5.290856838 5.290856838 5.290856838 171.965637207 -35.824436188 -175.538574219 -0.188652784 2.523578405 -0.475701928 2.315554857 0.75181967 -4.982373714 6.127700806 0.161178812 -6.316196442 12.352936745 -1.035298586 5.769515038 -1.050342321 0.020907773 0.914843261 -7.065059185 16.548355103 -15.66524601 -3.849650145 -2.220037222 -67.105361938 -12.125242233 -39.991764069 13.472652435 -0.280835986 0.044944756 -0.078929797 -0.004021665 -0.048142139 -0.145239651 -0.063317835 -0.072877556 0.054267753 0.048055321 -0.030352067 -0.028780967 -0.251909047 -0.000814829 0.195266888 -0.174668342 0.114185207 0.02569415 -0.306866705 -0.093087964 -0.099897824 0.209146962 -0.013415002 -0.009481221 -0.171769872 0.181614071 -0.129205853 -0.115159482 0.003477697 0.152486235 -0.033455469 0.035521578 0.112513721 0.148489386 0.114223793 -0.168698534 -0.134575233 -0.363926798 0.042483013 -0.149549127 -0.329068989 0.019201336 0.093635499 -0.280108303 0.210280061 0.026293891 0.064320199 0.139984637 -1.395827174 -10.109118462 9.994851112 -4.566860199 26.02013588 56.025611877 3.941451311 -12.785093307 0.867166698 -0.043371394 0.135701641 0.171129376 0.141212061 -0.27553457 0.139329985 -0.04215467 0.174734622 0.019518735 -0.031769361 -0.268598139 0.103306994 0.253665 -0.34301275 -0.088789396 -0.021009455 0.043774523 0.012143999 0.025789693 0.06200834 0.123982035 -0.186698213 -0.137576833 -0.027649214 -0.139048293 -0.096478194 -0.084356636 -0.039277092 -0.02752516 0.04797478 0.089450136 0.127161756 -0.117822967 -0.149801463 -0.324979812 -0.096555933 0.041419599 0.080219567 0.178419277 -0.085129634 -0.203288704 -0.166047439 -0.108231738 -0.215491399 -0.246039525 -0.162663698 -0.044968598 -0.123193935 -23.496047974 -0.848168075 7.700603962 2.416656971 -2.52925992 -6.970148563 -2.709071875 -2.006608009 -0.465630591 -2.001567364 0.127426714 0.045832004 -18.944734573 -4.284389496 -17.303056717 60.708889008 -5.306612968 8.846072197 -26.699699402 8.292526245 3.921009779 -3.802500486 0.034290958 0.043176182 
5.175867558 5.175867558 5.175867558 175.534729004 -34.609752655 -172.654342651 1.836044312 1.377922058 -0.90109694 3.156236172 0.873341501 -5.486878395 8.179445267 -0.199826598 -7.048811436 15.712273598 -1.25784564 6.497035027 -1.403871536 -0.085560583 0.846636117 -7.278265953 17.649398804 -15.42847538 -4.586402416 -5.729351997 -64.814155579 -7.722419262 -42.300071716 13.123728752 -0.312541008 0.131630987 -0.103953637 0.011365096 -0.04231308 -0.146634221 -0.061728228 -0.063362032 0.061256111 -0.04369941 0.070264332 -0.03195725 -0.231892824 -0.048924144 0.214859545 -0.175666377 0.151224583 -0.009327798 -0.387549013 -0.15029265 -0.09594956 0.214532211 -0.002081416 -0.044548146 -0.237809122 0.15992403 -0.144593105 -0.142607808 0.006072259 0.071559928 -0.089481384 0.060734991 0.131833181 0.184392706 0.144303262 -0.238387913 -0.193103909 -0.377569884 0.062810183 -0.187561899 -0.380299807 0.03220962 0.047540605 -0.283608109 0.155668929 0.009552144 0.128744468 0.068657473 -2.010168552 -11.05659771 10.250852585 -5.613474846 25.996110916 59.09431076 4.461523533 -14.561536789 0.237413689 0.071286775 0.161385879 0.122081324 0.126220196 -0.210938469 0.21978958 -0.008504063 0.155510202 0.021275166 -0.002447567 -0.290331692 0.062626168 0.304853618 -0.333134383 -0.055514432 -0.115353666 0.026619179 -0.061657771 0.024499286 0.095515803 0.089310311 -0.2249109 -0.161716864 -0.045049094 -0.07860174 -0.116445497 -0.095347315 0.053468492 -0.047858503 0.055415176 0.117387474 0.174662814 -0.065388374 -0.113148049 -0.313658178 -0.096676432 0.010668648 0.027034411 0.268542498 -0.08820001 -0.157757685 -0.15790543 -0.129857197 -0.29657653 -0.254120141 -0.199060559 -0.083326906 -0.09842211 -25.599704742 -0.704150021 8.982085228 4.456546307 -2.416499853 -7.695250511 -0.839568079 -2.175359011 -0.981357634 -2.937641859 0.094441995 0.014870596 -15.924541473 -0.538981795 -18.563602448 61.500068665 -0.371402234 8.954029083 -26.950561523 8.911511421 4.156235695 -3.861263514 0.165757254 0.017308829 
5.099232674 5.099232674 5.099232674 177.576599121 -37.083438873 -172.404953003 4.756821632 0.50632447 -1.729288816 3.124032259 0.233787104 -5.654657364 8.495624542 -1.59513998 -6.133006573 16.680740356 -1.101653814 5.566815853 -1.438584566 -0.16580072 1.200160146 -6.314463139 16.808084488 -16.180244446 -4.968492985 -10.83880043 -61.017864227 -4.580748081 -39.025169373 12.007034302 -0.25862658 0.149779603 -0.116151594 0.060801636 0.0170119 -0.163091078 -0.11118722 -0.108167857 0.041461512 -0.120366156 0.127551377 -0.03207555 -0.098864496 -0.063634522 0.222922727 -0.173740432 0.092028521 -0.012717952 -0.372925937 -0.191409588 -0.078151055 0.187973946 -0.06475164 -0.061815392 -0.319600463 0.165781543 -0.066443928 -0.021355549 0.064114526 0.0143104 -0.185171306 0.135897279 0.159093991 0.207977295 0.083787516 -0.223482028 -0.173196316 -0.331086159 0.119251743 -0.173386186 -0.284754336 0.040298458 0.064950287 -0.215909407 0.087029293 -0.077506699 0.135293216 0.114424922 -1.398488164 -9.951059341 12.233748436 -6.258369446 22.871963501 62.720710754 5.269516468 -14.421010971 -0.885057211 0.169299215 0.098139398 0.103699118 0.155422658 -0.183945566 0.149176851 0.01650586 0.145209059 0.055355981 0.009654169 -0.225146651 0.067637026 0.24856548 -0.27307418 -0.018638566 -0.204736143 -3.1003e-05 -0.092454031 0.018087201 0.069224201 0.103578947 -0.26247263 -0.048073281 -0.02418243 -0.061028149 -0.18528679 -0.058105666 0.016028173 -0.06445317 0.021512678 0.06061719 0.125723511 -0.063393578 -0.061720833 -0.245494768 -0.028851319 -0.07643301 -0.11371658 0.31002003 -0.1181539 -0.115368403 -0.132061556 -0.207359195 -0.359742552 -0.197052479 -0.085171185 -0.165135488 -0.102793381 -26.081602097 -1.076135635 8.139740944 4.259065628 -3.731573105 -6.918221951 1.702625275 -1.252757192 -0.58155793 -2.957346201 0.02419474 0.004887967 -13.64225769 0.734179854 -17.260871887 62.575084686 0.301229805 8.069122314 -27.474834442 9.786155701 4.163608074 -3.944564581 0.147957832 -0.000271724 
5.074160099 5.074160099 5.074160099 178.287017822 -39.213951111 -173.55708313 6.339797497 -0.059073601 -2.65315485 2.929847479 -0.55318296 -5.636359215 7.953445435 -3.514400005 -5.101305962 15.981674194 -0.949309349 4.506755829 -1.371451735 -0.208806977 1.608916044 -5.226701736 15.628584862 -16.237880707 -3.613041639 -14.989350319 -57.340885162 -1.929288983 -35.181652069 10.022986412 -0.30987528 0.114245147 -0.057954002 0.117171176 0.065842889 -0.209297851 -0.069691569 -0.16253756 0.048993584 -0.073867038 0.118030496 -0.049698204 0.009340752 -0.07392735 0.218073398 -0.176375732 0.070681728 -0.006920461 -0.306857944 -0.229991123 -0.030634087 0.126518443 -0.112217434 -0.083482124 -0.356571734 0.186461881 -0.012102089 0.035557356 0.101344466 -0.042283777 -0.212202057 0.158442572 0.159078181 0.266099602 0.060828924 -0.162462622 -0.142230764 -0.264164627 0.19197008 -0.104351871 -0.180627361 -0.004140995 0.082366429 -0.141549796 0.004458792 -0.177110136 0.125773326 0.155264661 -0.390939683 -9.176305771 13.632297516 -5.473278522 19.987634659 64.79535675 5.823647976 -12.008219719 -1.804083109 0.208440512 0.031690974 0.091664761 0.214221969 -0.130050331 0.016679881 0.032955535 0.130184174 0.073171787 -0.027441956 -0.164151937 0.064212412 0.184286237 -0.193005532 0.020640893 -0.21404928 -0.076694638 -0.080559425 -0.01471317 0.010252444 0.160878181 -0.2475719 0.081221931 -0.001177726 -0.058885757 -0.221075788 -0.00884497 -0.031516965 -0.093779743 -0.017127579 0.058865111 0.08634609 0.017526895 -0.041523844 -0.141268402 0.049560182 -0.146803573 -0.155540705 0.290662318 -0.076494902 -0.05802514 -0.121815197 -0.16633898 -0.338605344 -0.131862894 -0.004098718 -0.204740986 -0.107598275 -27.079696655 -1.540947199 6.707057476 5.76297617 -5.300120831 -5.663776875 3.947335482 -0.79163301 -0.556627154 -2.788062811 -0.065205887 -0.051604062 -12.723070145 0.35891813 -14.402877808 63.358787537 0.379983693 6.945082664 -27.708816528 10.562770844 4.583034992 -4.27376318 0.076566271 -0.006630334 
5.089107037 5.089107037 5.089107037 178.204589844 -39.42105484 -175.443252563 6.766105652 0.098739371 -3.021272898 2.640134335 -1.247779369 -5.4848032 7.342175007 -5.697833061 -3.596605539 14.839238167 -0.946490824 3.737225056 -1.265876055 -0.242559493 1.769411445 -4.324515343 15.537396431 -15.816307068 -3.007359982 -16.674077988 -57.126293182 -1.560573101 -32.696525574 9.206548691 -0.304119974 0.048656195 0.001494748 0.179032668 0.069420449 -0.224129587 -0.029931024 -0.172898039 0.038183898 -0.008612976 0.092036754 -0.063704856 0.070251197 -0.085741475 0.181200176 -0.184554428 0.082145229 0.011058539 -0.233564809 -0.262310266 -0.008133041 0.059201147 -0.156487599 -0.088286504 -0.363987178 0.167879626 0.061809298 0.043390032 0.102434456 -0.055146009 -0.202150643 0.141720712 0.13921015 0.260437429 0.059906818 -0.120351605 -0.144230485 -0.207404375 0.2242039 -0.038634419 -0.093039043 -0.033391815 0.085763879 -0.0755518 -0.061443649 -0.208472595 0.112158097 0.196733907 0.228715286 -9.260766029 14.045191765 -3.260274172 18.356262207 64.79296875 6.864540577 -7.924875736 -2.386531591 0.224758819 0.010599508 0.050490335 0.248266488 -0.083543397 -0.103843383 0.079840817 0.098690741 0.065685391 -0.033235125 -0.08778394 0.089594468 0.148547858 -0.112198986 0.04031628 -0.173441976 -0.163497746 -0.086666368 -0.036522947 -0.010176553 0.190571204 -0.199847475 0.153247476 0.008723664 -0.016752172 -0.214667022 -0.00344352 -0.094352685 -0.138695538 -0.072267853 0.056505296 0.047925539 0.067486644 -0.048567783 -0.044645276 0.071168691 -0.162947178 -0.144507647 0.264326662 0.006687609 -0.008838275 -0.10870228 -0.09489017 -0.295280576 -0.078071773 0.027856501 -0.182720616 -0.126689911 -27.268686295 -2.334923506 6.583814621 6.399532795 -6.953966141 -4.747357845 4.892525196 -0.251462102 -0.336570382 -2.365297318 -0.13141194 -0.097549714 -12.990015984 0.132179976 -10.880293846 64.61252594 0.94854188 6.037528515 -26.557207108 11.993097305 5.345365524 -4.813192844 0.055365983 -0.001111537 
5.121611118 5.121611118 5.121611118 178.268417358 -37.41060257 -176.964065552 5.894526005 0.70687741 -3.270425081 2.100310326 -1.241926074 -4.918077946 7.865404129 -6.722260952 -1.599311709 13.532471657 -1.021031976 3.493956804 -1.200636864 -0.235936582 1.669586658 -3.986348152 15.227440834 -15.577658653 -3.023637772 -15.208535194 -59.606864929 -3.480249405 -31.590618134 9.392145157 -0.241996586 -0.004886042 0.034672111 0.209316194 0.052679207 -0.188571855 -0.009776957 -0.167356715 0.064489529 0.026683768 0.10206534 -0.077009976 0.060153671 -0.085640751 0.157552361 -0.232854351 0.105263032 0.048526525 -0.170527592 -0.260626525 0.00531026 0.020177349 -0.187767565 -0.016986398 -0.381379485 0.138474584 0.122034736 0.018962186 0.072551779 -0.037192233 -0.160093158 0.097215943 0.139191985 0.211303234 0.02583806 -0.117354281 -0.152002886 -0.16404812 0.211388856 -0.031568937 -0.039148174 -0.030691385 0.095943592 -0.06325464 -0.08691819 -0.195009246 0.144609213 0.253814965 0.79105413 -9.622104645 14.019762039 -0.472359836 18.015649796 63.025413513 8.652659416 -4.733041763 -1.691832066 0.193914354 -0.013143408 -0.005184634 0.26500535 -0.046608239 -0.148338065 0.1262642 0.078324802 0.092177995 -0.063820735 -0.043772049 0.078175366 0.133196905 -0.086473182 0.014693394 -0.149925247 -0.224521875 -0.087225407 -0.044372588 0.012541953 0.180361271 -0.141592458 0.138361499 0.004080688 0.038481623 -0.210039034 -0.021360015 -0.148584276 -0.204763561 -0.097935975 0.076296277 0.042245366 0.067155153 -0.053412702 0.0243135 0.094036214 -0.142585635 -0.081304021 0.236770064 0.053653836 0.035033982 -0.093715638 -0.037532248 -0.230533421 -0.073541865 0.033388201 -0.173367202 -0.144305125 -26.011985779 -2.392203808 6.962865353 6.547165394 -6.958229065 -3.635147095 3.907307625 -0.088307768 -0.256310552 -1.944886565 -0.13070181 -0.084939748 -11.307621956 1.439530253 -7.434247971 64.441978455 2.683363199 5.093142986 -23.684762955 12.79451561 5.344445705 -5.260067463 0.039151989 -0.01373008 
5.158355236 5.158355236 5.158355236 178.4009552 -35.226581573 -178.260467529 4.763042927 1.363327146 -3.214055777 1.581641316 -1.135181904 -4.408020496 8.399090767 -7.076628685 -0.395254254 11.584174156 -1.127795577 3.503905773 -1.143750906 -0.201577336 1.619376063 -3.865076065 14.305726051 -15.578949928 -3.183684349 -13.12433815 -62.309055328 -6.492083549 -29.514692307 9.176314354 -0.195623249 -0.042642325 0.039959457 0.205368623 0.008717865 -0.13983205 -0.006174867 -0.140568256 0.068809308 0.06575615 0.072927944 -0.065768793 0.036859922 -0.081952669 0.175185665 -0.249204412 0.135816291 0.088675886 -0.094564609 -0.223491177 -0.011209738 0.008169712 -0.210894957 0.06747812 -0.384263873 0.098205067 0.166409448 -0.009589084 0.016999194 -0.012031539 -0.119927622 0.018873582 0.136378288 0.16580683 0.013097666 -0.121030137 -0.154864877 -0.142874867 0.180122837 -0.039417628 0.015331633 0.001431893 0.081597678 -0.037660722 -0.086868502 -0.155643985 0.169264436 0.296398878 1.111209393 -9.843156815 13.718128204 1.583491683 18.313838959 61.338386536 9.827092171 -2.38007021 -0.543261111 0.166705653 -0.027636621 -0.032545242 0.279516459 -0.018572316 -0.19511348 0.175797209 0.080614485 0.106346354 -0.065695889 -0.005472904 0.073943518 0.145192519 -0.079986811 0.01096519 -0.088640243 -0.274523079 -0.063478753 -0.050797623 0.017499773 0.14835915 -0.094285406 0.120592035 -0.010667366 0.071855769 -0.203303903 -0.044685788 -0.166761056 -0.246464342 -0.110123061 0.112140179 0.018536916 0.061013855 -0.046210356 0.072867848 0.088791311 -0.092839018 -0.011239733 0.206993237 0.089658856 0.095389053 -0.080435231 -0.003199835 -0.114406779 -0.074821509 0.004476768 -0.151455745 -0.163844734 -24.805358887 -1.896229982 7.148559093 7.190506458 -6.250520229 -2.39831996 2.344847441 -0.351492405 -0.180220902 -1.342221498 -0.108004473 -0.06049398 -8.63583374 2.550741911 -4.300270557 63.133541107 4.168697357 4.011687756 -20.156673431 12.826690674 4.829398632 -5.526990414 0.021691669 -0.023293039 
5.202555656 5.202555656 5.202555656 179.101654053 -33.155578613 -178.875747681 3.746809483 1.676678658 -2.675830841 1.802816868 -0.946274281 -3.938717365 9.843402863 -6.821980476 -0.10563238 10.199908257 -1.368063569 4.198213577 -1.066084623 -0.166757032 1.305709124 -3.580547094 13.273021698 -15.937478065 -2.998585463 -12.643862724 -63.97693634 -8.332170486 -26.970615387 8.463233948 -0.153648451 -0.04167885 0.032507394 0.176186681 -0.006331584 -0.111897007 0.007437738 -0.106229223 0.064544111 0.072529472 0.062685773 -0.043250531 -0.005600279 -0.073976532 0.193099782 -0.245162576 0.138999149 0.08668492 -0.050963882 -0.171005398 -0.025502913 -0.003769404 -0.207210809 0.120315194 -0.352628529 0.071086235 0.17642054 -0.009741371 -0.009690713 0.012295106 -0.106748447 -0.033871274 0.15122205 0.134017795 -0.006330615 -0.118079044 -0.163446769 -0.132010683 0.145635888 -0.015740329 0.033575419 0.009046413 0.050035264 -0.010871993 -0.067612894 -0.118436962 0.168758348 0.293779343 1.212561369 -9.782370567 13.623933792 1.952319503 19.905792236 60.769691467 9.348421097 -2.493470669 0.397424847 0.129129812 -0.020761786 -0.01513755 0.28899616 0.002640258 -0.221177801 0.177267045 0.068975337 0.084773578 -0.046733063 0.03901067 0.066548735 0.11400073 -0.127337128 0.010997167 -0.029877456 -0.295998991 -0.014430271 -0.026412848 0.025762586 0.131282762 -0.095503606 0.098569289 -0.017500421 0.048772946 -0.184476435 -0.056118228 -0.157627687 -0.218334585 -0.096428916 0.159927279 0.003924401 0.061291769 -0.000893869 0.086158648 0.056160044 -0.049741223 0.020235678 0.140184879 0.064220227 0.097728632 -0.062476315 0.015948508 -0.041856349 -0.071874954 -0.001527082 -0.129210025 -0.191216543 -23.821166992 -1.150493026 7.679764748 8.99166584 -5.158222675 -1.774122715 0.614353061 -1.479713678 -0.655650854 -0.975875258 -0.081660084 -0.030597243 -5.005385876 4.518249035 -2.191375494 59.949390411 6.590586662 2.929594755 -17.038713455 12.126897812 4.332164764 -5.539157391 0.001706415 -0.026072934 
5.254128456 5.254128456 5.254128456 -179.754302979 -32.187652588 -179.470809937 3.21949482 1.700399637 -2.077561617 2.230879307 -0.959515035 -3.482590437 10.774094582 -6.707701206 -0.027816173 8.733102798 -1.510308027 4.542573929 -1.000841022 -0.168674573 1.12024951 -3.083360672 11.957648277 -15.93529892 -1.985931993 -12.517002106 -64.21396637 -9.225428581 -22.953290939 7.119494915 -0.131794423 -0.021789182 0.060331475 0.194414094 -0.007052915 -0.113208264 0.056259621 -0.129173666 0.027643749 0.049583249 0.056248482 -0.0360354 -0.032619812 -0.049555786 0.167497039 -0.214421555 0.123888426 0.04092421 -0.029727679 -0.14707531 -0.028813971 -0.009719567 -0.189149305 0.10671366 -0.290706158 0.051098812 0.142698213 -0.040916391 -0.005906611 0.024246067 -0.103373483 -0.053433944 0.160491794 0.118358351 -0.032933705 -0.079765871 -0.150584325 -0.128275588 0.142988831 0.031254835 0.047435235 0.014178874 0.043181967 0.023273515 -0.048654161 -0.089720652 0.136242226 0.252449185 1.035393 -9.11941433 13.713736534 2.03098321 21.654258728 60.359004974 8.71513176 -3.330779791 1.002312779 0.108752057 -0.029036961 0.03077108 0.297484666 -0.014620465 -0.227339804 0.152435988 0.076391608 0.011337061 0.021757485 0.092500843 0.036721118 0.069049105 -0.159539953 0.000562516 0.010800083 -0.282966107 0.006661411 0.024610143 0.020097926 0.103010558 -0.128164709 0.081396878 -0.018274 0.025273276 -0.179696202 -0.033049773 -0.133795157 -0.167939276 -0.04566988 0.174938455 -0.015911832 0.075528927 0.030697212 0.078538492 0.032921005 -0.018094117 0.001073305 0.103583105 0.019301565 0.099976018 -0.04891938 0.00164281 -0.042483389 -0.038963694 -0.003665638 -0.126543418 -0.167546049 -22.866313934 -0.560799599 8.399958611 12.001504898 -4.116997719 -1.498854637 -0.629718065 -2.156581402 -0.847953796 -0.839541495 -0.047005501 -0.043178611 -1.62358892 6.323200226 -0.493031442 56.865581512 8.2084589 1.853593588 -14.821555138 11.290505409 3.880011559 -5.726758003 -0.027608953 -0.018951647 
5.314301491 5.314301491 5.314301491 -178.699157715 -32.427433014 179.866333008 3.270558357 1.576862574 -1.680408835 2.51734972 -0.980736315 -3.371699333 11.363654137 -6.701551914 -0.284730017 7.788410187 -1.579928041 4.628214836 -0.902859569 -0.172185227 1.043819547 -2.424644947 10.405851364 -15.875841141 -0.153514981 -12.669981003 -63.629776001 -9.515946388 -19.313261032 5.468091011 -0.123799585 -0.013135417 0.091484852 0.209325537 -0.033047754 -0.121267825 0.08173506 -0.163430065 -0.01106536 0.013051569 0.060622238 -0.043743748 -0.029779075 -0.02358672 0.146979541 -0.17467837 0.100007795 -0.001290384 -0.009461169 -0.136009738 -0.030787088 -0.018173555 -0.155155823 0.086627349 -0.25154236 0.037773989 0.107051373 -0.063478112 -0.01325812 0.043190245 -0.086311795 -0.046942212 0.152625665 0.090907134 -0.046217214 -0.064358212 -0.123325072 -0.141453668 0.130764797 0.046189666 0.040705595 0.014651871 0.03939328 0.05187849 -0.044239551 -0.058749214 0.085817479 0.217333466 0.789582133 -8.38670826 13.988565445 2.448457003 24.298931122 59.31659317 8.804311752 -3.528379202 1.556105614 0.101401992 -0.035510432 0.078966573 0.303920686 -0.046778727 -0.225013196 0.110669062 0.095876426 -0.056723956 0.089009561 0.100383848 0.001367797 0.029586999 -0.166022107 -0.007034215 0.025061335 -0.277099311 0.004442497 0.048311327 0.0176316 0.080754951 -0.168190405 0.075929724 -0.023209374 -0.002822267 -0.164476767 0.008021919 -0.108163014 -0.13908422 -0.005824934 0.141960964 -0.044670045 0.092043675 0.04135501 0.073188275 0.009348154 0.008270736 -0.00770592 0.10339985 0.011155263 0.107958138 -0.047713336 -0.015052887 -0.051416032 -0.018654983 0.002682504 -0.123384595 -0.134491399 -21.532043457 -0.264588177 8.778824806 15.122565269 -3.496319771 -1.303488374 -1.635224938 -2.716171265 -1.010639548 -0.718469799 -0.012260917 -0.066070437 0.406565785 7.563886642 1.708154798 54.630374908 9.164074898 0.469062775 -13.588077545 10.948239326 3.775373459 -5.836237431 -0.061630059 -0.033209965 
5.384762287 5.384762287 5.384762287 -177.865722656 -33.235363007 179.263214111 3.646595001 1.476209283 -1.514030457 2.617588282 -0.91316545 -3.497567892 11.618041039 -6.319602966 -0.612675667 7.438877106 -1.655897617 4.817863464 -0.792048156 -0.143458083 1.279781342 -1.61892736 8.733703613 -16.077674866 2.130106211 -13.833292007 -62.471862793 -8.25345993 -15.999692917 4.097766399 -0.112032443 -0.004544727 0.132338405 0.247575864 -0.045811389 -0.108943947 0.101641282 -0.178410873 -0.037623897 -0.028916983 0.048395693 -0.063261606 -0.017171733 -0.020097138 0.130884737 -0.140493304 0.06345088 -0.012137705 0.007735762 -0.135148481 -0.024628626 -0.006611951 -0.143297076 0.062447295 -0.218631342 0.040833846 0.096971735 -0.061837278 -0.025158366 0.08056578 -0.051124752 -0.010025411 0.130473599 0.067753278 -0.051088639 -0.068036295 -0.08413583 -0.160428733 0.084147356 0.025386082 0.048431259 0.042797729 0.043386925 0.052358761 -0.033166401 -0.045851469 0.048942532 0.211732954 0.841048658 -7.337153435 14.556475639 2.23761034 25.426811218 58.56671524 8.109395027 -2.267823935 1.77630496 0.104032561 -0.040998437 0.105703019 0.294869483 -0.06136046 -0.240760028 0.060997751 0.111946948 -0.097944498 0.122167088 0.079232179 -0.034496255 0.003237816 -0.138092995 0.009936687 0.05813529 -0.284612983 -0.004982727 0.077488959 0.023230324 0.103943825 -0.195725694 0.095209822 -0.012712958 -0.036848914 -0.131628335 0.041306321 -0.100838736 -0.140479207 -0.012915379 0.064580992 -0.079160988 0.086456545 0.037115991 0.054383062 0.018109659 0.033515327 -0.000675116 0.125495106 0.040425908 0.106564671 -0.024743583 -0.039827913 -0.035332438 0.00808208 0.003700905 -0.09595751 -0.093092836 -19.170278549 -0.254975766 8.559991837 16.334571838 -3.297381639 -1.075263619 -2.011793852 -3.060129881 -1.089932323 -0.57940346 -0.001547644 -0.062114228 0.665696204 7.686582088 4.062279701 53.575798035 8.921977997 -0.841858387 -13.499747276 10.775864601 3.981667757 -5.883313656 -0.09173324 -0.040247627 
5.461969376 5.461969376 5.461969376 -178.024612427 -34.71320343 178.623382568 3.600341797 1.234318495 -1.516033888 2.542965412 -0.757057726 -3.731548071 11.188726425 -5.173484802 -1.138409376 6.020205021 -1.659353256 4.551721573 -0.873776674 -0.120121405 1.660934806 -1.20203054 6.671602726 -15.900050163 5.175152779 -15.609526634 -60.560016632 -6.04541111 -13.045607567 2.971942902 -0.095262669 -0.002081348 0.19630459 0.272245139 -0.037369058 -0.088890858 0.109556161 -0.170682594 -0.0297118 -0.068201154 0.040065665 -0.061469361 -0.007869567 -0.033646628 0.101220302 -0.128458217 0.033528812 -0.000403518 0.036428481 -0.130892679 -0.013335267 0.002734134 -0.14900285 0.042941913 -0.207590476 0.048728976 0.09797927 -0.054077595 -0.042424314 0.120522946 -0.006291773 0.018813185 0.137633935 0.059715752 -0.059016705 -0.079295903 -0.045575619 -0.178966314 0.037421137 -0.012813876 0.065107316 0.060808334 0.026767109 0.048605893 -0.015309553 -0.053393256 0.008977994 0.188442215 1.148011327 -6.285121918 15.830083847 2.251699209 26.206188202 58.363647461 7.060576439 -0.173451439 1.897214651 0.095194139 -0.045788638 0.086802147 0.268622786 -0.069654375 -0.252022445 0.02726198 0.11716225 -0.122048974 0.128918335 0.039208714 -0.061356898 -0.001071794 -0.107056387 0.033530902 0.07226555 -0.269166797 0.00093618 0.095772028 0.027966246 0.13826701 -0.190440536 0.106841445 0.006125712 -0.047805283 -0.093925588 0.041881457 -0.086014859 -0.164419547 -0.019070409 0.002711166 -0.08456333 0.075389631 0.030576793 0.038692772 0.035956588 0.032951314 0.038909972 0.15048404 0.079314075 0.114802621 0.001970835 -0.044640191 -0.007134301 0.026337596 0.003754448 -0.059626371 -0.064371854 -16.985696793 -0.458007902 6.799911499 16.370718002 -3.584099531 -0.216584459 -1.852068543 -3.613769054 -1.468109727 -0.598078609 0.002197382 -0.06259004 -0.273027331 7.427279472 5.992486 51.364181519 8.688342094 -1.881426692 -13.726708412 10.808970451 4.372654915 -5.59519577 -0.116366811 -0.049314938 
5.535342693 5.535342693 5.535342693 -177.988113403 -36.395282745 178.366851807 3.839890957 0.955458403 -1.591811061 2.65861845 -0.338259965 -3.890420675 11.205591202 -3.554053545 -1.911254048 5.496632576 -1.556578755 3.99193573 -0.960710824 -0.118660249 2.200618505 -0.766273737 4.70021534 -15.801188469 7.138504982 -16.632949829 -58.703521729 -4.480186939 -10.019198418 1.985913754 -0.055798002 -0.000352225 0.244335666 0.297879696 -0.015057587 -0.086983584 0.120527096 -0.17032057 -0.040621091 -0.113310747 0.03836295 -0.067213908 0.012531351 -0.024832144 0.096041471 -0.108394459 0.01225093 0.000206942 0.044257816 -0.11955826 -0.030656351 0.002282457 -0.139412925 0.035041828 -0.184599459 0.056630805 0.080656685 -0.078507632 -0.058334146 0.120311767 0.02165198 0.050166294 0.116113447 0.048562046 -0.074595802 -0.077548489 -0.014845378 -0.183630586 -0.009878679 -0.046048865 0.064754538 0.074630551 0.036014363 0.032115512 0.006263966 -0.032729488 -0.015988445 0.176154509 1.377460718 -5.470986366 17.280227661 0.993655086 25.607320786 58.794494629 4.822158337 2.469263792 1.709690213 0.059413843 -0.031626865 0.052514791 0.240190282 -0.081752643 -0.228458464 -0.000822598 0.100477263 -0.128742889 0.122114509 0.000179167 -0.082423277 -0.000975262 -0.081552133 0.05042211 0.061529651 -0.246976808 -0.000231409 0.098275185 -0.007206663 0.120542772 -0.181860179 0.119970821 0.013723728 -0.050606236 -0.051736634 0.073169082 -0.060536236 -0.159703627 -0.007131738 -0.030838918 -0.105982035 0.064601846 0.003171363 -0.001371151 0.070061132 0.040966846 0.049843021 0.160054088 0.09579508 0.113920406 0.015111011 -0.053775925 -0.015608707 0.031267054 -0.010587852 -0.036814172 -0.034575727 -14.217427254 -0.173218772 4.276840687 16.204206467 -3.636924744 0.96144712 -1.016204357 -4.904934406 -2.150597811 -0.76850003 -0.00998352 -0.067959443 -1.355373859 7.918656826 7.462781906 47.5274086 9.093255043 -2.764262676 -13.599892616 10.467164993 4.812384605 -4.977570057 -0.153249979 -0.04517369 
5.597391129 5.597391129 5.597391129 -178.341247559 -37.230392456 178.241439819 3.943260431 1.039709568 -1.989408731 2.881519556 0.576521039 -4.076830387 11.311732292 -1.220494032 -2.973646879 4.735994339 -1.467784643 3.487051964 -0.989606261 -0.127170518 2.669502735 -0.760651648 3.40690136 -15.573677063 7.999782085 -16.904920578 -57.906555176 -3.322101593 -9.251236916 1.579851627 -0.02894965 -0.01206264 0.257822752 0.284320384 -0.014195049 -0.09804327 0.112095602 -0.162183508 -0.04120012 -0.124195173 0.0423536 -0.090195231 0.044473276 -0.011938814 0.115818948 -0.098301888 0.009910489 -0.020819385 0.050978661 -0.089083768 -0.033844888 0.002232546 -0.088318087 0.039036252 -0.178721428 0.070368037 0.058418721 -0.082662292 -0.053075019 0.07483767 0.027899619 0.066280104 0.072300807 0.021257993 -0.082378402 -0.069054395 -0.004385702 -0.176254109 -0.0478516 -0.043134071 0.053488284 0.06963589 0.074664697 -0.006347021 0.012882071 -0.028553016 -0.005879584 0.173324823 1.903850198 -4.534040928 18.0633564 -0.359961182 24.467554092 59.403263092 1.715084553 4.917935848 2.228916168 0.023163255 -0.010870932 0.041627381 0.163566351 -0.094422176 -0.188243344 -0.02811674 0.052574288 -0.103460647 0.076292448 -0.000243377 -0.098880641 -0.002481872 -0.059411936 0.027480464 0.051398277 -0.232739747 0.000101531 0.081241198 -0.044031654 0.085120879 -0.179384679 0.097479589 -0.002971084 -0.068790615 -0.035215084 0.098927483 -0.031335406 -0.162785083 0.012421593 -0.028196275 -0.118282013 0.046107139 -0.008164085 -0.029077455 0.10613919 0.037605982 0.091360644 0.131810173 0.088416256 0.101904444 0.022625914 -0.034844004 -0.03593925 -0.00374946 -0.046074219 -0.042167671 -0.002622036 -9.823564529 0.077376693 1.170591593 14.330645561 -3.570725918 2.640986204 -0.884482145 -5.915381432 -2.791657686 -0.7474581 -0.003898632 -0.064450197 -3.515424013 8.283874512 8.300460815 42.840156555 9.625384331 -3.145362139 -11.221392632 9.3002882 4.471783161 -3.85286665 -0.172427565 -0.061504118 
5.642829418 5.642829418 5.642829418 -178.869094849 -38.587661743 178.295074463 3.515821934 0.859238625 -2.39950633 2.301199675 0.794890821 -3.837006092 9.915615082 0.029364398 -3.456907034 3.159394264 -1.160061479 2.670992851 -0.631084621 -0.097990416 2.542087078 0.035119697 2.386200666 -15.299542427 10.122094154 -17.744220734 -58.049404144 -1.052205801 -8.791748047 1.109584808 0.020342058 -0.056973517 0.276519179 0.245599657 -0.023930194 -0.088490337 0.089657664 -0.115259178 -0.061338589 -0.09681306 0.015466496 -0.132257357 0.050319392 -0.0081783 0.099418819 -0.047857199 0.001897534 -0.040449277 0.056934308 -0.048792992 -0.043174226 -0.018920643 -0.057139434 0.02494948 -0.119504429 0.07372544 0.06375131 -0.068115026 -0.085227676 -0.016069751 0.03988703 0.055398572 -0.009327413 -0.084188804 -0.06010269 -0.014324554 -0.014723243 -0.1877767 -0.091449589 -0.050312519 0.026568465 0.097849458 0.095327176 -0.036910761 -0.000103121 -0.023040684 0.013940038 0.175826222 2.279553652 -4.031658173 18.387998581 2.591554642 26.139289856 58.077606201 1.935574412 10.123417854 3.282922745 -0.091614142 -0.008609214 -0.02056711 0.085104883 -0.110970065 -0.154955208 -0.030628603 -0.056689858 -0.083251327 0.024258416 0.042240087 -0.126776263 0.001850711 -0.047058057 0.029021932 0.033930399 -0.203874424 -5.4115e-05 0.063214153 -0.002813203 0.063790448 -0.119715676 0.06243027 -0.029696323 -0.108183309 -0.026332662 0.111087978 -0.018563248 -0.160303295 0.000231568 -0.000773383 -0.131560773 0.05070525 -0.04738098 -0.05540821 0.129273772 0.044960208 0.146980137 0.103033714 0.047467034 0.072031319 0.069551967 0.031539842 -0.034542006 -0.066259518 -0.047936741 -0.039852213 0.039152533 -6.332854271 -1.012986302 -1.254488707 14.072483063 -5.33929348 3.966225624 -1.284297466 -6.690611362 -3.565659761 -0.770546496 -0.022475949 -0.06180485 -6.15638113 8.016512871 8.348825455 36.807846069 9.369613647 -3.229013205 -8.636397362 7.912657261 3.982775211 -2.432028055 -0.137815997 -0.048249967 
5.669826984 5.669826984 5.669826984 -179.875595093 -40.66255188 177.452087402 2.068310976 0.174135134 -2.597701073 1.613166928 0.251152724 -2.630603552 7.387244225 -0.988563359 -2.581082106 0.456589937 -0.579181314 0.842926562 -0.388794065 -0.088626966 1.97139287 0.624690711 1.36562109 -15.992910385 13.501179695 -18.481363297 -57.900127411 1.070232272 -8.580439568 -0.366059601 0.056839634 -0.101708502 0.2734963 0.198774517 0.021128785 -0.031567689 0.093033791 -0.043591619 -0.075314157 -0.032029212 0.005449817 -0.122001134 0.067671053 -7.3939e-05 0.085122637 0.020805778 0.009114965 -0.082839198 0.04611782 -0.021979256 -0.06974569 -0.021861574 -0.061448991 0.00590458 -0.035180606 0.037122179 0.083865866 -0.068872437 -0.07720767 -0.107500568 0.067306615 0.040794663 -0.041970223 -0.113471039 -0.00414419 0.041459467 -0.013470246 -0.134880319 -0.083280511 -0.041857217 -0.008219684 0.143217996 0.041747045 -0.008081894 -0.004463316 -0.018918434 0.045245782 0.099800587 1.717374086 -3.823297501 18.123897552 9.13207531 31.531879425 53.005783081 6.170433044 17.389753342 4.418047905 -0.167676434 -0.029851155 -0.046498254 0.019708609 -0.076079741 -0.1022304 0.00205528 -0.11914131 -0.105987325 -8.2541e-05 0.097489841 -0.173011988 -0.034798495 -0.053837672 0.045235824 0.008905538 -0.182886258 -0.03756354 0.125264451 0.04795571 0.047601834 -0.10931164 -0.000865772 -0.059151441 -0.127674595 -0.016411033 0.122420311 -0.00195238 -0.103989229 0.024389066 -0.011206542 -0.121826828 0.088637486 -0.033490907 -0.076840833 0.122732803 0.085124925 0.109192878 0.113380849 -0.006718416 0.077509649 0.115658373 0.048785135 -0.051750813 -0.035510898 -0.042840924 -0.065504298 0.036066491 -4.162031174 -2.443484306 -1.634063601 15.440794945 -7.414530754 4.342305183 -1.335567832 -6.747817516 -3.767538786 -0.624712467 -0.062954359 -0.02794724 -8.146087646 6.774201393 8.127352715 28.732563019 8.132070541 -3.167307854 -5.409649849 6.501456738 3.608015776 -1.185700297 -0.111136764 -0.042231943 
5.674399853 5.674399853 5.674399853 -178.818084717 -41.994976044 177.920822144 0.914106011 -0.013367616 -2.507009983 1.359536052 0.296557188 -1.602179885 6.367682457 -1.052209258 -0.572410226 -0.927490413 -0.439840555 0.130992442 -0.242394343 -0.125206366 1.955526114 1.187558651 0.812160611 -16.752494812 15.702060699 -19.429742813 -59.703914642 2.30667305 -9.558254242 -0.87595582 0.015068404 -0.13272211 0.1737158 0.150443926 0.05635776 0.034109939 0.089788452 -0.05494123 -0.048829328 0.009510077 0.009655846 -0.07289838 0.010758071 0.041961145 0.019410776 0.071040742 0.049216863 -0.090600714 -0.021814248 -0.052671723 -0.098071039 0.06682463 -0.065336637 -0.02899999 0.029102303 0.04059859 0.022963427 -0.138104275 -0.01900897 -0.120684855 0.127100095 0.01185081 0.027818516 -0.078343838 -0.046214569 0.035707645 0.007228892 -0.088863388 -0.036909275 -0.05055894 -0.030885026 0.131116912 0.017060472 0.006140046 0.032270413 -0.007244488 0.038769327 0.077331878 0.546099961 -3.195954561 16.696466446 12.65079689 34.286052704 49.741313934 9.208695412 26.342939377 4.040703773 -0.185554415 -0.019482981 -0.058791339 0.096417643 -0.084905073 -0.067130111 -0.012351728 -0.097127996 -0.101766229 0.031039692 -0.000478635 -0.141505882 -0.034097064 -0.090764768 0.067015909 0.023749329 -0.168078542 -0.097275101 0.106056027 0.063802011 0.049858652 -0.081684783 -0.034651875 -0.073991247 -0.083627582 -0.010539004 0.096585706 0.010697691 -0.072464675 0.046418536 -0.036163099 -0.110680968 0.033331059 0.004758395 -0.067119345 0.124152139 0.086249284 0.049412869 0.089986555 -0.040361546 0.013031008 0.128908902 0.006708783 -0.057792544 -0.021572066 -0.041349947 -0.119830228 -0.030933764 -2.678761244 -4.140080452 -1.360068321 18.794614792 -7.961557865 4.295293331 -2.635756493 -5.847379208 -2.734503269 -0.437449366 -0.045411695 -0.030495264 -9.595882416 3.55410099 7.55713129 22.07592392 4.771089554 -2.370745659 -3.891559124 4.930625916 3.025230169 -0.637315392 -0.01218986 -0.013887057 
5.668263912 5.668263912 5.668263912 -177.489929199 -43.705543518 176.887634277 0.514801443 0.053471845 -2.129226446 1.11846745 -0.073361933 -0.174355343 5.557723045 -1.02593863 3.200569391 -2.138506413 -0.114670195 -0.658643663 0.045009699 -0.120973192 1.113259792 1.171819925 0.766484201 -16.351480484 16.242879868 -20.838396072 -63.676944733 2.079261303 -10.863206863 -0.413032085 -0.018412603 -0.090639226 0.066644289 0.096789233 0.080258571 0.043551102 0.043734964 -0.03145469 -0.021867184 -0.018522762 0.041858036 -0.040447637 0.004719804 0.079395913 -0.07185135 0.097107038 0.066321574 -0.074135184 -0.053183664 -0.05400968 -0.087665163 0.128906816 -0.025404669 -0.011876721 0.025384007 0.035259008 -0.033716198 -0.107019551 0.051711399 -0.096567713 0.156002596 -0.016455965 -0.007517748 -0.086546287 -0.115207031 0.00215044 -0.027540635 -0.079589784 0.011609481 -0.058149997 -0.025336126 0.12668556 0.048465554 0.022627428 0.077084258 -0.012441204 0.009723295 0.096020222 -0.29177168 -3.018887281 13.994068146 18.107105255 39.897777557 41.088241577 13.573758125 32.408344269 3.111535788 -0.136406377 -0.003555079 -0.047730453 0.157188594 -0.120222561 -0.034650758 -0.028502597 -0.029924493 -0.080619782 0.040720511 -0.087016411 -0.091082208 0.012758548 -0.108177796 0.047344696 0.054884251 -0.103917584 -0.115147226 0.025424594 0.050570965 0.078416415 -0.052550748 0.011906794 -0.048606981 -0.037173916 -0.017054966 0.090281114 -0.007291954 -0.071941637 0.037922021 -0.018191885 -0.108772986 -0.016287329 0.062478896 -0.045758668 0.090620734 0.084726527 -0.006351823 0.070789672 -0.068966702 -0.059792958 0.089012645 -0.0170321 -0.078401342 -0.030926052 -0.021588355 -0.149046436 -0.091499798 -0.154205859 -6.334816933 1.709819555 18.106555939 -8.968418121 3.841677189 -3.001922369 -3.572694778 -1.604517698 -0.353093326 0.02701835 -0.056232873 -11.95236969 -0.025249129 7.655641556 17.281000137 1.021252513 -1.341447711 -1.078979969 3.626654625 2.913886786 -0.587331355 0.061234616 0.008857633 
5.656545162 5.656545162 5.656545162 -178.492782593 -45.68920517 174.493728638 0.475323021 0.143241972 -1.369591475 0.752310872 -0.635626078 0.801470697 4.528239727 -0.793723404 6.379513264 -0.836732328 0.180235878 -0.847316682 0.195778385 -0.141886711 0.748966277 1.380071521 2.283684015 -15.460194588 15.975221634 -22.609661102 -67.89692688 2.731930494 -11.587968826 0.765315115 -0.017028168 -0.077795811 -0.002452823 0.052423388 0.027818404 0.030458558 -0.006667386 0.006137641 -0.012355627 -0.006289066 0.079808302 -0.022204805 -0.002170718 0.091586731 -0.119081549 0.08082372 0.003309927 -0.079626888 -0.085328586 0.003137443 -0.077908784 0.134575099 0.047439884 -0.018500544 0.025903383 -0.000838996 -0.03594093 -0.049998075 0.091395132 -0.074502677 0.151965573 0.013392417 -0.069447353 -0.101919629 -0.11729452 -0.022960538 -0.033791151 -0.073139086 0.073339336 -0.041758735 -0.049370229 0.147854701 0.055552255 0.092718676 0.036252942 -0.055144303 -0.045692611 0.039131802 -1.149964094 -3.87646842 11.93918705 19.304615021 41.328056335 37.608737946 13.949899673 36.776622772 0.566731155 -0.143165156 -0.026540091 -0.058588102 0.104041293 -0.070889331 0.072082289 -0.054575734 0.011675679 -0.065454982 0.018369043 -0.086474299 -0.10118591 0.037038561 -0.115421623 0.011308894 0.054162826 -0.060203869 -0.05972996 0.045832768 0.085569888 0.022226593 -0.069021054 -0.022883926 -0.060121726 -0.024840938 -0.005724169 0.101509996 -0.050910015 -0.085109293 0.019625334 -0.029053688 -0.065331638 -0.037030324 0.097154625 -0.004216996 0.063231871 0.063634031 -0.007984232 0.076635957 -0.087882608 -0.055448659 0.071947828 -0.064690948 -0.13395752 -0.047302067 -0.018558219 -0.201871976 -0.109172352 2.505584478 -8.328267097 5.512671471 14.967612267 -10.285092354 2.339178801 -2.8131423 -1.743716598 -0.826643467 -0.541480184 0.113223702 -0.049025062 -15.640366554 -2.40601325 6.625384331 13.293245316 -1.119364262 0.052226838 1.238054276 2.796716213 3.01465416 -0.731335342 0.113698676 -0.01748262 
5.640659809 5.640659809 5.640659809 -179.434951782 -46.762378693 172.945129395 0.015428252 0.146249503 -0.81541872 1.063984036 -1.056875706 1.535102367 4.658290863 0.115786485 9.115830421 0.095672265 0.336073875 -0.935964942 0.106136456 -0.140927732 0.952376962 1.555478215 3.472390175 -14.969276428 15.735994339 -24.397937775 -70.394592285 4.030664921 -10.687572479 1.327738523 -0.034473922 -0.037604041 -0.041012663 0.00973561 0.0299179 0.020993013 -0.035869882 0.038622722 -0.005485674 -0.004815064 0.089021377 0.009486509 -0.026884623 0.041466583 -0.127447829 0.054021005 -0.045554396 -0.015121221 -0.068664446 0.060433708 -0.055784691 0.131903321 0.049606603 -0.044131927 0.055778783 -0.01890634 -0.031927053 -0.014553334 0.105522387 -0.026505288 0.119853042 0.063362367 -0.075262681 -0.108809687 -0.065597475 -0.009928973 -0.017207306 -0.052196458 0.070021071 -0.032234661 -0.031050021 0.145087734 -0.013157208 0.11151994 -0.038611379 -0.101741068 -0.064800307 -0.026915846 -1.760285497 -4.360317707 10.757159233 16.218366623 39.568508148 39.248027802 11.991773605 40.313652039 -1.789168954 -0.125492811 -0.008048628 -0.109276861 0.06953796 -0.0339633 0.131477177 -0.045355551 0.00968245 -0.06737563 -0.029435284 -0.060165044 -0.039685145 0.033722628 -0.119287759 0.027508538 0.048448808 -0.037217438 -0.004140402 0.111275271 0.085323684 -0.043842472 -0.059512194 -0.055005893 -0.054906629 -0.021001011 -0.004161502 0.103868678 -0.033208381 -0.095968992 0.012063282 -0.021638101 0.011783212 -0.069551893 0.098261334 0.002166134 0.069714852 0.012103228 -0.000459368 0.057779685 -0.109676011 -0.0394472 0.057572905 -0.093117476 -0.153412059 -0.023777444 -0.015431848 -0.201957554 -0.073162928 6.067464352 -9.539429665 8.892061234 10.808651924 -10.775872231 0.944520593 -2.156944513 -0.785262942 -0.428816587 -0.895077109 0.164169386 -0.064203866 -18.585641861 -3.957847834 5.871490955 9.876390457 -1.974619269 0.389234304 3.2150383 1.772747278 3.038388014 -0.785212636 0.098714277 -0.056066483 
5.61568594 5.61568594 5.61568594 -179.913848877 -47.308456421 173.080078125 -0.654624522 0.016135311 -0.227836415 1.140851259 -1.325072527 2.115720272 4.565357685 1.348994732 10.981649399 0.094975151 0.340632528 -0.595375657 0.00112061 -0.146568865 1.212394953 1.960392833 4.162825108 -14.591947556 15.187900543 -25.211475372 -72.057594299 5.081226826 -9.554402351 1.60713768 -0.049470164 0.022898048 -0.09238264 -0.020199919 0.042662829 0.04068999 -0.027958633 0.051599964 -0.014689055 0.029823011 0.021239491 0.084295429 -0.02835921 0.026069297 -0.160228997 0.021564616 -0.027221363 0.02614684 -0.024122532 0.080213636 -0.039560486 0.087722592 0.017455647 -0.067069955 0.102656454 -0.066999719 -0.014060345 -0.021680081 0.127087012 0.016261509 0.039808985 0.096604809 -0.077176355 -0.076064959 0.033429433 0.018303428 0.013043582 0.009143581 0.049547553 -0.001215773 0.001783073 0.136204675 -0.106970571 0.138635963 -0.114204124 -0.111553289 -0.076063536 -0.132160738 -1.864407539 -4.546067715 10.270100594 13.324402809 36.494949341 42.754810333 9.189535141 44.008327484 -3.568621159 -0.074545056 0.001695637 -0.160449997 0.007166709 0.002335361 0.119924262 -0.026070101 -0.012314996 -0.072865605 -0.061009783 -0.024892697 0.031514537 0.049723621 -0.085817046 0.035111789 0.05352021 0.014499498 0.010703757 0.138148695 0.032905243 -0.118377268 -0.040454473 -0.090858802 -0.051646244 -0.008633499 0.013413308 0.090397164 -0.001974674 -0.052393496 0.017103506 -0.002724815 0.084259205 -0.028760822 0.069305733 0.017947119 0.049621888 -0.035476398 -0.012699121 0.053723846 -0.103289872 -0.00279204 0.008282676 -0.091270074 -0.153814018 0.019728677 -0.03681948 -0.179246798 -0.006093394 10.002960205 -9.867729187 10.751745224 7.345049858 -9.853066444 0.081627235 -0.867147386 -0.231439874 -0.333154619 -1.251808643 0.184414938 -0.107197911 -21.18520546 -4.585985661 3.766318321 8.537669182 -1.864378929 0.77872014 4.430541039 0.737797737 2.677982569 -0.763533175 0.064747415 -0.044298299 
5.58004427 5.58004427 5.58004427 179.259307861 -46.789138794 174.164764404 -1.367381215 -0.23055011 0.390749484 1.031733036 -1.144383788 1.751934648 3.079260826 2.338607788 10.59715271 -0.528443933 0.315807611 -0.003171812 0.043446183 -0.110513866 1.334155321 2.116872311 4.352051258 -13.799082756 15.72077179 -24.388067245 -72.37663269 5.304506302 -9.805878639 1.156931758 -0.047098946 0.04663413 -0.068047807 0.029455237 0.052005284 0.035308152 0.011059586 0.046614286 -0.037499376 0.053180844 -0.057423182 0.128180861 -0.01024996 0.052789744 -0.181764916 -0.020693012 0.003513996 0.020578817 0.001040652 0.070266388 -0.053927209 0.045993891 -0.021120436 -0.044520006 0.078628615 -0.113315605 0.00732366 -0.029707095 0.157400772 0.079409234 0.019526346 0.092595592 -0.015373447 -0.027535895 0.114862666 0.015168547 0.042448226 -0.003063707 0.052145053 0.065952405 0.012575826 0.154070839 -0.154843122 0.191412166 -0.110663004 -0.10733936 -0.093090847 -0.183073997 -1.807510138 -4.642764568 10.14950943 13.785727501 36.451091766 43.93611145 8.185560226 46.435451508 -4.214510918 -0.02781946 0.00304531 -0.148236826 -0.037957441 0.012709212 0.096777536 -0.01597555 -0.017756162 -0.097921394 -0.108750477 0.006392854 0.056466423 0.041768868 -0.075205542 0.039463408 0.031918235 0.037546813 -0.011779013 0.182540476 -0.02226785 -0.128769368 -0.036332995 -0.14150919 -0.020279519 -0.029494388 0.018757001 0.075590514 0.027711118 -0.010972412 0.019597061 0.024288982 0.11382781 0.007778058 0.043310713 0.000561436 0.033584222 -0.026592679 -0.028110404 0.056641798 -0.077673629 0.053062145 -0.053308226 -0.09337122 -0.206641048 0.042201415 -0.093450278 -0.12399327 0.039144319 12.74956131 -10.228785515 11.047506332 6.559758663 -8.693967819 -0.499180973 0.076936938 0.456264913 0.107547827 -1.711795688 0.170498297 -0.126684338 -23.711122513 -3.887819767 1.270629406 9.390917778 -1.501827478 0.796384513 3.170905352 0.074015468 2.22516036 -0.758907378 0.026217978 -0.030492593 
5.529295921 5.529295921 5.529295921 177.455429077 -46.924991608 174.308364868 -2.094969273 -0.838968933 0.965463281 1.026577592 -1.398741126 1.283103108 1.849414587 2.344634533 9.60641861 -1.844958186 0.312619865 0.529304504 0.071292378 -0.088815384 1.476599097 2.194712877 4.250761509 -12.840863228 16.263210297 -23.904417038 -72.165336609 6.150890827 -10.221388817 0.699050188 0.021214396 0.028327143 -0.001406921 0.087206431 0.01068628 0.011384547 0.032741461 0.066410542 -0.0683503 0.070797503 -0.14741683 0.151039749 0.003866265 0.103645705 -0.197923169 -0.05572857 0.018218476 -0.025636112 0.041897994 0.076236367 -0.100556679 -0.00090873 -0.056132775 -0.020632597 0.060542956 -0.159378976 0.043085963 -0.006950601 0.191075832 0.127188355 0.017706569 0.040868722 0.034567941 -0.007882427 0.194290876 -0.001616977 0.061949503 -0.027023856 0.043356393 0.099755891 0.015007193 0.169442043 -0.210416317 0.242893457 -0.087501742 -0.109342322 -0.109135635 -0.179165781 -1.392143607 -4.832282543 10.452619553 14.839069366 35.623382568 45.809185028 7.061697006 48.187854767 -4.973548412 0.014382092 -0.010326451 -0.145790741 -0.096888781 0.034356944 0.093640804 -0.013825868 -0.054131035 -0.136804059 -0.144929618 0.044918548 0.042672273 0.023168458 -0.059114229 0.037595391 0.029279787 0.016093221 -0.048191532 0.231645256 -0.073330708 -0.12196622 -0.037532225 -0.211573184 0.004352975 -0.027214795 0.034860428 0.068900794 0.055582818 0.023203224 -0.001159132 0.047919907 0.129179686 0.03215136 0.032916181 -0.009759774 -0.008161974 0.007192216 -0.034513652 0.055205353 -0.061299268 0.11207822 -0.068683006 -0.086162761 -0.230103105 0.064096101 -0.128548443 -0.034913979 0.046294052 14.65336895 -10.729899406 11.002000809 7.276678085 -8.05307579 -0.785275757 1.220597625 2.100516319 1.016202331 -2.299261808 0.143693313 -0.106430113 -25.053478241 -2.704765081 -1.059129 10.649173737 -0.947982788 0.394631356 1.134634733 -0.570786119 1.586781144 -0.916384161 -0.017794373 -0.039652273 
5.474696159 5.474696159 5.474696159 175.721328735 -47.670608521 174.074707031 -2.624991894 -1.440178633 1.088628054 1.181380868 -1.496781349 0.233278498 0.804092288 2.158386946 8.177783966 -2.407717705 0.330994666 0.748140335 0.107545599 -0.063422069 1.711665273 1.984622717 3.993223667 -11.814343452 16.908494949 -23.460954666 -71.328155518 6.608017921 -11.203960419 0.204019189 0.0408681 0.002891289 0.075535946 0.128607437 -0.029044766 -0.014937163 0.048113406 0.041992091 -0.092430167 0.072096907 -0.217837825 0.151760295 -0.005638405 0.160480961 -0.1668244 -0.073851876 0.042924486 -0.076621883 0.061020803 0.0648854 -0.114641443 -0.047668442 -0.09626729 -0.015781455 0.039294142 -0.170238525 0.07677006 0.013837682 0.211148277 0.117568754 -0.03282075 -0.015373996 0.09408462 0.020960705 0.243645713 0.004352522 0.046113115 -0.036836013 0.058479261 0.095981345 0.033493649 0.160181046 -0.224884272 0.238688841 -0.030230427 -0.086980276 -0.080479056 -0.136930853 -0.727739453 -4.632730484 10.579807281 15.899799347 34.489349365 47.970359802 5.890675068 48.489494324 -5.537777901 0.045338597 -0.0658338 -0.110899851 -0.106080301 0.016752269 0.042392831 -0.042048071 -0.097168609 -0.166115016 -0.128637984 0.057116903 0.031779826 0.012200839 -0.073491946 0.034189444 0.036276776 0.001838283 -0.062757127 0.217046648 -0.088561371 -0.089361221 -0.049367428 -0.233560264 0.007461614 -0.049530063 0.039300311 0.029590027 0.080987737 0.039044574 -0.009779335 0.064775191 0.137944698 0.038847484 0.067089476 0.013352706 -0.060345151 0.046971645 -0.02446671 0.044137079 -0.060029354 0.120120473 -0.060082398 -0.073774502 -0.202624351 0.065857977 -0.117396027 0.045327544 0.038174748 15.455640793 -10.409628868 11.212394714 10.064161301 -7.072072506 -0.87662822 1.817582726 3.806358576 2.047862291 -3.052965164 0.103359401 -0.102691218 -25.491991043 -1.214292645 -2.731399775 12.481909752 0.924159825 -0.230965972 -1.338586092 -0.517548144 1.427953839 -1.324921012 -0.034618568 -0.031972934 
5.4302001 5.4302001 5.4302001 174.450958252 -45.935031891 174.952758789 -3.099637985 -1.547741532 1.226323843 1.15832448 -1.462344527 -0.670810342 -0.32276541 3.106061935 6.166539669 -2.522348642 0.213304028 1.048978806 0.18122986 -0.049933452 1.670509934 1.894575596 4.302748203 -11.585367203 17.314527512 -22.811441422 -70.761192322 6.62792635 -12.523166656 -0.285381973 0.055077031 0.001397313 0.092566825 0.156067654 -0.068956293 -0.045437835 0.055697259 0.024250057 -0.065994784 0.056602724 -0.210934266 0.149667218 -0.00889383 0.224058762 -0.106707744 -0.11992804 0.070155069 -0.132859468 0.078614801 0.045856245 -0.107960187 -0.094844118 -0.083059147 -0.003143508 -0.01304728 -0.166263968 0.097673506 0.075248748 0.263104647 0.124322422 -0.088809833 -0.005951111 0.138274521 0.049484376 0.259414792 -0.034131631 0.037606161 -0.047908343 0.11620976 0.08972694 0.050183121 0.067550816 -0.199092165 0.182304397 -0.005083662 -0.095236041 -0.061589684 -0.069322303 -0.428472072 -4.345245838 10.976164818 15.422801018 33.459629059 50.199821472 4.663539886 47.115592957 -5.776889324 0.073482543 -0.103279755 -0.069508456 -0.096858948 0.003338307 0.032671843 -0.051247571 -0.116678879 -0.135508537 -0.140066057 0.059113368 0.045331575 0.003978829 -0.065783851 -0.001329673 0.03058568 0.017593084 -0.064652294 0.137476534 -0.102941215 -0.044314798 -0.061943538 -0.23549214 -0.011674657 -0.051188603 0.02775803 -0.043355592 0.111327469 0.071457051 -0.02363978 0.087896645 0.146296337 0.030794719 0.101173431 0.073610775 -0.11699447 0.032795373 0.01396176 -0.002432549 -0.081955239 0.063920408 -0.053968932 -0.055438314 -0.129884943 -0.000303275 -0.091124326 0.072105221 0.018063191 14.947143555 -9.658185959 9.226465225 14.079397202 -6.243103981 -0.713117719 1.350389838 3.685899258 2.364737511 -3.715412378 0.096227214 -0.104650795 -25.153064728 0.121797793 -4.145596504 13.980425835 2.497020006 -0.163413018 -3.717713833 -1.338629842 0.796733916 -1.441723347 -0.049111165 -0.058431063 
5.396154881 5.396154881 5.396154881 173.452926636 -41.859848022 177.33152771 -3.601595163 -1.77447927 1.731495023 1.251594305 -1.594545007 -0.682165921 -1.624518514 4.551350594 2.795633554 -3.250692129 -0.010133388 1.1838727 0.205943331 -0.033203885 1.406091452 1.946932912 4.893210888 -12.43902874 17.445819855 -20.378696442 -69.986412048 4.877303123 -12.714211464 -0.673512816 0.095783256 -0.016526939 0.073046677 0.166735917 -0.118593387 -0.086536869 0.0489549 0.076248772 0.003503015 0.026000494 -0.154110268 0.157797009 0.03326831 0.231395692 -0.004429433 -0.173478782 0.075926699 -0.178255841 0.075403549 0.032052167 -0.067649238 -0.103312761 -0.027816465 0.005407024 -0.103620298 -0.138074607 0.108671002 0.183647797 0.299790382 0.152270406 -0.106763527 0.04610683 0.123839535 0.10247498 0.255417436 -0.070452578 0.040493082 -0.096814506 0.159538224 0.100895718 0.041064613 -0.068557099 -0.159351945 0.087976344 0.01745332 -0.124202028 -0.074653849 0.036523879 -0.425896198 -3.980515718 12.045249939 13.389072418 32.706882477 52.045822144 3.609613657 44.998371124 -5.384110451 0.09769623 -0.109323435 -0.064755127 -0.120877758 -0.002208578 0.060038425 -0.047989093 -0.100010633 -0.053954653 -0.194380939 0.019225646 0.099216357 -0.009298964 -0.03399352 -0.048137661 0.044065055 0.045763884 -0.072637752 0.030817566 -0.114610404 0.033464964 -0.07823927 -0.187386453 -0.022619329 -0.0182359 0.005922815 -0.108228199 0.137457103 0.075250566 -0.0949637 0.123752035 0.13635844 0.002300176 0.086031392 0.132553667 -0.163647965 -0.030505696 0.091898471 -0.042456612 -0.085859135 -0.009330167 -0.056805231 -0.044966538 0.004166962 -0.101063155 -0.080921188 0.073895298 -0.015693942 13.502300262 -9.088970184 4.110527515 19.103038788 -5.913913727 -0.554975748 0.346478432 1.930508852 1.660501838 -4.415529728 0.076359645 -0.103738159 -24.167028427 1.39695847 -6.574014187 14.285141945 2.708685875 0.274482042 -5.252844334 -3.56164813 -0.644723833 -1.414297104 -0.06078621 -0.077279337 
5.375321865 5.375321865 5.375321865 172.754196167 -38.343086243 179.695755005 -4.047471523 -1.69934988 2.72648263 1.438719988 -1.846114516 -0.351247132 -2.256207705 5.319319725 -1.271319032 -4.266315937 -0.217829794 1.60090518 -0.09508837 -0.048807446 1.321776152 1.712339282 5.003331661 -13.412432671 17.536848068 -18.281232834 -67.980262756 3.202600956 -14.991304398 -1.123738885 0.187549084 -0.07845933 0.087559961 0.14094016 -0.132538512 -0.121217839 0.048221163 0.118125789 0.051099222 0.002783164 -0.063027941 0.122996405 0.055477988 0.214577824 0.076911226 -0.190019652 0.056329511 -0.263481438 0.081041209 0.024643755 -0.034579549 -0.079835758 0.032850083 0.013797201 -0.192228422 -0.11169444 0.124872439 0.2734074 0.284715772 0.190441117 -0.076752149 0.096544661 0.061259773 0.087132834 0.228190273 -0.075734049 0.069136195 -0.142230764 0.167730778 0.108934365 0.001259386 -0.157409251 -0.109569803 0.021006431 0.062087622 -0.125246301 -0.104938902 0.157228053 -0.412138045 -3.252154589 13.786578178 11.671998978 31.826114655 54.36491394 2.434597492 40.640731812 -5.091086864 0.089502104 -0.112884499 0.000164344 -0.144511878 -0.023370286 0.086080603 -0.128915623 -0.056358393 -0.01605187 -0.21046415 0.021250397 0.069435626 -0.058411025 -0.001155755 -0.078601569 0.056998949 0.067043915 -0.070607901 -0.004399039 -0.101630665 0.104341455 -0.109955803 -0.154246718 0.004887015 -0.013750172 -0.02494178 -0.141927436 0.077511884 0.048308745 -0.177987054 0.163405761 0.128955051 -0.034480274 0.072789378 0.122679807 -0.188285366 -0.067669086 0.155389935 -0.068692215 -0.101247534 -0.048076823 -0.046337143 -0.007994599 0.076258227 -0.144305825 -0.061515685 0.07727854 -0.065944411 11.115218163 -8.207097054 -1.939725757 24.935670853 -5.343492031 -0.126995012 -0.484574646 0.639845431 0.947520256 -5.346479893 0.052572992 -0.055181418 -22.050073624 2.833040953 -10.183930397 14.913434982 2.489213705 1.11536932 -7.449256897 -5.785643578 -2.022089958 -1.685693145 -0.07148283 -0.098376885 
5.36779213 5.36779213 5.36779213 172.050689697 -36.206371307 -178.586654663 -4.774641037 -1.460906148 3.730525494 1.542273164 -2.065504074 0.148554876 -3.266792297 5.953447819 -3.7816329 -5.24252367 -0.136241168 1.535188079 -0.380905241 -0.101155788 1.387031913 2.105335236 5.060282707 -13.983914375 17.028518677 -17.418170929 -67.047431946 2.753211021 -16.768339157 -1.563384056 0.216040179 -0.102886662 0.108634278 0.155313939 -0.097519666 -0.17930977 0.037713647 0.151309073 0.018450076 -0.047797844 -0.000420492 0.06637615 0.050819598 0.146749154 0.108336486 -0.180260003 0.050408028 -0.278550059 0.064168945 0.017446477 -0.067860067 -0.038126491 0.079603605 0.013482888 -0.208168432 -0.056250516 0.145097241 0.299731165 0.266873688 0.184198767 -0.01928268 0.159350097 0.034570925 0.067635752 0.195798308 -0.075217456 0.11543344 -0.204818696 0.189015999 0.080219775 -0.059152372 -0.212980822 -0.062760919 -0.010968883 0.135040596 -0.06645941 -0.149678335 0.241205201 -0.907203853 -2.99783802 14.408158302 10.171802521 30.314346313 55.421974182 1.424783111 36.309642792 -4.670666695 0.07129249 -0.044652566 0.089362264 -0.085320681 -0.06654451 0.133604154 -0.202958837 0.014529387 -0.002939776 -0.146483123 0.014185152 0.075417176 -0.077876247 -0.001514034 -0.095170006 0.020733617 0.070317924 -0.067545995 -0.008075799 -0.067667723 0.134690031 -0.129902497 -0.091336004 0.048946079 0.000926562 -0.049687322 -0.156491995 0.03083037 0.060611978 -0.236444056 0.16998522 0.082719594 -0.059498604 0.048017114 0.069465086 -0.218707949 -0.103082754 0.125035122 -0.099425428 -0.15002358 -0.1009546 -0.056979273 -0.030457348 0.055242714 -0.126472071 -0.080138013 0.071589969 -0.132783771 8.645506859 -7.147499084 -5.61609602 29.370059967 -5.137089729 0.467081219 -0.87392354 -0.048583608 0.562671602 -6.19786644 0.017222356 0.004614353 -20.67401886 2.938758612 -13.298836708 15.478701591 1.38635397 1.461454153 -9.465758324 -7.016681194 -2.574514866 -2.021685123 -0.099303715 -0.112416603 
5.38429451 5.38429451 5.38429451 171.040802002 -34.327934265 -177.54838562 -6.064713955 -1.033970714 4.490362644 1.467203617 -2.067775488 0.983699679 -4.707010269 6.132509232 -4.814255714 -6.602723122 0.168882534 1.109578371 -0.576695323 -0.109616823 1.466913819 2.626545191 4.995684147 -14.357609749 17.461170197 -16.816696167 -66.322563171 3.036599398 -19.484722137 -2.003991842 0.200608507 -0.127557054 0.100471154 0.14519684 -0.091704078 -0.224548668 0.007737448 0.117439702 -0.0152377 -0.043141086 0.03265921 0.024506807 0.011258033 0.098102719 0.118140273 -0.153880596 0.060985647 -0.260386586 0.044385348 0.034737658 -0.094218984 -0.000426821 0.117955782 0.007186831 -0.190789297 -0.014130289 0.153968051 0.279286832 0.243855983 0.161501646 0.017409898 0.181661054 0.032800775 0.072817251 0.149219662 -0.028627297 0.149387598 -0.277110159 0.179023638 0.076210961 -0.108704783 -0.245012015 -0.029826446 -0.012358487 0.193548545 0.023928802 -0.168722987 0.294413954 -1.783010483 -2.550310612 14.359752655 10.018598557 28.772354126 55.492012024 1.244812727 34.116779327 -3.95898056 0.060646046 0.012961701 0.130742311 -0.005008024 -0.098943375 0.162037849 -0.235595882 0.104251556 -0.006784352 -0.073822163 -0.025838833 0.075865328 -0.06456539 -0.039227948 -0.11726705 0.004716867 0.082190908 -0.09172868 0.005887878 -0.043005593 0.105646752 -0.122730874 -0.037199236 0.088949323 0.02756004 -0.045371834 -0.194460094 -0.027672047 0.09344212 -0.235800415 0.161288798 0.026757993 -0.049817789 0.009787695 0.03324664 -0.227501735 -0.128639922 0.082543366 -0.12249133 -0.202079073 -0.153401017 -0.08900407 -0.062302977 0.023292948 -0.103553019 -0.098461531 0.086606443 -0.197756395 6.304461956 -6.301077366 -7.635120869 31.403697968 -5.393533707 1.141929746 -0.878921747 -1.209816217 -0.019097934 -6.731629848 0.018422211 0.056086965 -20.35777092 2.681041718 -15.500024796 15.317539215 -0.23463048 1.175559044 -10.827086449 -8.565403938 -3.36749506 -2.160077333 -0.151001856 -0.070852712 
5.434281349 5.434281349 5.434281349 170.506973267 -31.319869995 -176.531768799 -7.158649921 -0.40498507 5.232943535 1.336571574 -1.505363822 1.953261256 -5.69213438 5.855263233 -5.68039608 -8.395727158 0.455892444 0.604678333 -0.664572537 -0.108415999 1.838909388 3.231585264 4.333673 -14.62866497 18.401939392 -15.772460938 -64.410499573 3.104313612 -23.447563171 -2.327126265 0.164755002 -0.153875366 0.058642611 0.113142394 -0.103321023 -0.234008238 -0.009172359 0.089337364 -0.033069678 -0.036281575 0.074936502 0.022588363 -0.008113224 0.072135136 0.123004489 -0.111184344 0.054335345 -0.241266191 0.050199535 0.059700411 -0.123717591 0.065967567 0.135584071 0.001731746 -0.134550661 -0.01966631 0.13115716 0.257606417 0.209311336 0.164336547 0.048185453 0.203061968 0.043407392 0.079828568 0.080377601 0.046459973 0.209536791 -0.334412128 0.132289201 0.059488688 -0.13956061 -0.235738933 -0.030977016 0.012227298 0.215366811 0.105691582 -0.19980225 0.293747693 -2.675531626 -1.882910252 14.202272415 11.045499802 27.7076931 55.259670258 2.5393641 33.220283508 -2.802024603 0.047222354 0.052067738 0.150701463 0.062154856 -0.110256568 0.158198282 -0.247793108 0.191656992 -0.041657474 -0.002394304 -0.087453805 0.039673947 -0.06044158 -0.100695625 -0.108450681 0.014665447 0.109715834 -0.109306827 0.036045235 -0.021823004 0.053472206 -0.131716549 0.004725661 0.113291547 0.040489867 -0.025965149 -0.201210663 -0.094558574 0.099249512 -0.201585591 0.103423454 -0.021568211 -0.009717016 -0.040794436 -0.044097189 -0.181946963 -0.124668591 0.041098412 -0.10899695 -0.264654338 -0.161641881 -0.106894352 -0.080021128 -0.031264361 -0.088899538 -0.082774393 0.100747257 -0.246416211 3.505506754 -5.866160393 -9.460489273 31.741098404 -5.937476635 1.767109394 -0.420113087 -2.277676344 -0.51820612 -7.026078224 0.051730979 0.107759908 -19.535562515 2.208969831 -17.35968399 13.627799034 -2.437482595 0.346380472 -10.324216843 -10.927319527 -4.369933128 -1.983869433 -0.236594975 -0.01850752 
5.515348434 5.515348434 5.515348434 170.610580444 -25.808525085 -175.095977783 -6.937265873 0.505158901 5.339068413 1.009538531 -0.564995348 2.824034929 -6.043634892 5.323241711 -7.04865551 -9.095563889 0.506074846 0.241234437 -0.868926525 -0.093962803 2.060924768 3.326232672 3.516576767 -14.389469147 19.706409454 -17.501527786 -60.270313263 5.422258377 -27.33804512 -2.683521509 0.161827087 -0.212046206 0.059241392 0.055261232 -0.058509704 -0.182778925 -0.054428045 0.12532787 -0.008528592 -0.02416081 0.122880496 -0.02996425 0.014511848 0.059825342 0.064567938 -0.050415833 0.020803101 -0.203376964 0.039131049 0.052500684 -0.154976621 0.113752387 0.103871539 0.045478858 -0.087427236 -0.031252597 0.112798631 0.236448899 0.109862 0.163128212 0.0763117 0.198648125 0.034087494 0.055829901 0.015647369 0.075643882 0.221036181 -0.34332481 0.109330781 0.017502319 -0.168092296 -0.197607353 -0.025401546 0.04770162 0.237482429 0.126977786 -0.18587324 0.270104736 -2.825402498 -1.467235804 14.558297157 11.01504612 24.541507721 56.265888214 2.044518948 33.25548172 -2.366302252 0.028534967 0.084777124 0.090812057 0.074229643 -0.090475403 0.168209478 -0.228777319 0.181242719 -0.036538895 0.065393932 -0.088212661 -0.05456261 -0.07128989 -0.14355123 -0.07783664 0.025107607 0.082675397 -0.130963802 0.056134291 0.069712229 0.042646367 -0.108152017 0.027729494 0.089604944 0.055324636 0.003655421 -0.154745504 -0.160855532 0.069523744 -0.172699898 0.088947304 -0.05436822 0.037327766 -0.060860783 -0.103052422 -0.101329222 -0.108562514 0.00532866 -0.081287153 -0.23949413 -0.091611505 -0.07633093 -0.055559829 -0.043434523 -0.069314569 0.010509444 0.100325577 -0.302526534 -0.023960553 -5.144290924 -11.214566231 30.541082382 -5.513223648 2.142515421 -0.197392896 -1.940036654 -0.344195336 -7.006302834 0.033279382 0.178827822 -18.892866135 1.670226693 -19.323087692 13.403308868 -4.470935345 0.174020886 -9.357498169 -12.320162773 -5.415706635 -1.210824728 -0.210219041 0.002934951 
5.619628906 5.619628906 5.619628906 170.39364624 -20.405748367 -174.469390869 -6.769612789 1.364031434 4.872851372 0.207262158 0.169716209 3.237499237 -6.356836319 4.985982418 -7.872861385 -9.655351639 0.494102031 0.033334378 -0.965855777 -0.052113544 2.004915714 3.391475677 2.883291721 -13.772227287 21.316427231 -20.102600098 -55.321628571 9.468592644 -29.500328064 -2.396116734 0.138766721 -0.192999572 0.054645028 -0.000773921 -0.024310997 -0.128157675 -0.103006057 0.155842632 0.003314398 -0.00169524 0.089306965 -0.117444053 0.027827328 0.023668872 0.015833016 0.022119304 -0.022330707 -0.147656947 0.045451507 0.059645109 -0.139906019 0.117416933 0.063886829 0.088166334 -0.058947567 -0.008764089 0.06297303 0.159773812 0.018872956 0.14384459 0.101453751 0.144971028 -0.045903571 0.003180384 -0.06389235 0.078024819 0.160444021 -0.351336956 0.030846668 0.034970954 -0.174678102 -0.149919152 0.013454817 0.081249207 0.195243746 0.104491167 -0.174380481 0.263686925 -2.105232716 -0.698342681 15.021742821 10.366913795 22.685110092 57.661045074 0.169364601 31.468826294 -1.640713096 -0.012538614 0.110921323 -0.001563705 0.112501942 -0.113585435 0.14797622 -0.11618185 0.122198008 -0.014469407 0.097778946 -0.016770588 -0.091855675 -0.075813375 -0.123377591 -0.014761855 0.063749589 0.037703373 -0.136610851 0.078707926 0.131534174 0.057720162 -0.060272139 0.067966074 0.058965042 0.028082423 0.029824922 -0.075287007 -0.231819242 0.070606157 -0.111692645 0.145635337 -0.094864562 0.093214191 -0.109874524 -0.147280976 -0.01099468 -0.095613614 -0.02122796 -0.077412464 -0.175441325 -0.035969399 -0.024686016 -0.003822454 -0.013566692 -0.071657233 0.066947944 0.09530282 -0.268431574 -2.696970463 -3.775766611 -11.459543228 25.272663116 -4.037848949 2.134287834 1.315361381 -1.631337523 0.141855031 -6.256707191 0.017964922 0.20311448 -19.842622757 0.360672235 -20.845064163 15.338897705 -6.60812521 0.249992475 -8.741290092 -12.311307907 -5.729516983 -0.259596378 -0.146315485 0.041351244 
5.728751659 5.728751659 5.728751659 170.134735107 -16.774091721 -174.569702148 -7.14427948 1.651371002 3.946763277 -0.578034282 0.468659252 3.591882229 -6.545415401 4.418818474 -7.470710754 -9.942540169 0.644679129 -0.744922519 -1.21942842 -0.044365861 1.783259034 3.429144144 2.714195013 -13.110706329 21.865776062 -22.068284988 -51.467655182 12.374036789 -30.069116592 -1.808827281 0.072958685 -0.111129954 0.090936549 0.006251433 -0.00603622 -0.093568146 -0.137699082 0.178944856 -0.046812251 -0.062669732 0.069244266 -0.180156738 0.021397116 -0.055944502 -0.029589381 0.036161542 -0.04368725 -0.035159983 0.061457835 0.082192361 -0.106210925 0.127893016 0.038165491 0.110616937 -0.030698936 0.006094517 -0.015345201 0.059766639 -0.00076883 0.145613745 0.098771907 0.164535686 -0.086177051 -0.034800403 -0.076490186 0.046842597 0.10843271 -0.399737686 -0.064439498 0.065668471 -0.173079371 -0.105832264 0.028226385 0.091462448 0.136465371 0.09825395 -0.189023361 0.209314793 -1.137928486 -0.071878061 15.012122154 9.982518196 21.290327072 60.230781555 -2.397375822 29.380273819 -1.426344752 -0.006980302 0.180693999 -0.055910233 0.158714533 -0.125863656 0.144070983 0.016460452 0.092567869 -0.008707521 0.113929994 0.09429726 -0.02242673 -0.032636575 -0.041261785 0.035154883 0.068033844 0.001141597 -0.125763059 0.113117538 0.120677307 0.090453774 -0.057696171 0.140177742 0.002952321 -0.022552805 0.075241573 -0.039372381 -0.277988106 0.11107064 -0.087270163 0.173439905 -0.146835774 0.140902758 -0.165178105 -0.180010572 0.019355319 -0.054003492 -0.03809708 -0.092480309 -0.118203498 -0.018094208 -0.005813218 -0.031892274 0.062775336 -0.07359793 0.04684376 0.080399841 -0.163529471 -5.290202618 -3.260507822 -10.748731613 18.328702927 -2.538814783 1.399673343 2.770667791 -1.66390872 0.32750988 -5.263810635 0.035634048 0.215069488 -21.544942856 -0.26120314 -22.084938049 18.826807022 -8.055513382 0.948399961 -8.043066025 -11.953302383 -5.79486084 0.431721509 -0.125767753 0.076446585 
5.806871414 5.806871414 5.806871414 171.096984863 -16.239545822 -174.930130005 -6.27523756 0.709992051 2.604939699 -0.722228348 0.041526403 3.691084623 -6.343624592 3.182411671 -5.497660637 -9.678875923 0.939322531 -1.769758344 -1.289948106 0.020912262 1.144373059 3.319757462 2.495823622 -11.205066681 19.867120743 -22.217092514 -49.949222565 12.056164742 -29.414295197 -1.555204868 -0.053801063 -0.051809434 0.089935437 0.063971229 -0.004986222 -0.091300145 -0.153884292 0.10659387 -0.018295733 -0.170604438 0.072620757 -0.207345441 0.035310622 -0.076709501 -0.044614531 0.003819804 -0.127598092 0.006638537 0.052509326 0.123843603 -0.073096909 0.115281977 0.056621309 0.101727441 0.001583304 0.029897295 -0.118498206 0.043139718 0.016670575 0.081250824 0.087827303 0.212925419 -0.032625534 -0.028745988 -0.085466273 -0.04228159 0.12036293 -0.407135367 -0.09821514 0.032472271 -0.180653304 -0.07460089 0.017196031 0.027774556 0.079756893 0.083666131 -0.18597053 0.200762734 0.07414075 -0.145298511 14.336080551 8.341121674 20.233104706 61.132667542 -5.589780807 27.412118912 -2.274410486 0.002067885 0.187797606 -0.064570621 0.198682353 -0.115167491 0.17307806 0.039080277 0.072052851 0.05797163 0.077333033 0.066616051 -0.033089377 -0.07761091 -0.054629117 0.039855435 -0.028068062 -0.001309377 -0.081777617 0.08152166 0.073903263 0.087365374 -0.122593656 0.225039154 -0.010740071 -0.100202672 0.139757037 -0.011286866 -0.28400147 0.142206773 -0.065244749 0.125038475 -0.201537058 0.18827191 -0.160751343 -0.149234667 0.055560883 -0.03651974 -0.048699882 -0.10963323 -0.032382764 -0.088051639 -0.056887139 -0.041907199 0.086657837 -0.07430049 0.034002367 0.017620701 -0.094985537 -7.461788177 -3.965824842 -7.541191578 13.40821743 -3.169137239 0.775737703 6.015816689 -2.171673298 -0.215512827 -4.056263924 0.067549847 0.164084598 -21.125595093 -0.171646744 -22.128494263 20.052417755 -7.970091343 1.418078184 -7.830062389 -12.590641022 -6.188790321 1.071687818 -0.15045695 0.069268867 
5.828764915 5.828764915 5.828764915 171.682281494 -17.073717117 -175.155090332 -5.197444916 0.688715994 2.09983325 -0.765847921 0.476321131 2.361308336 -5.584988117 1.854439259 -4.470531464 -7.738006592 0.80967474 -1.595906615 -1.199653864 -0.037243959 1.222021222 1.962206602 4.196298599 -10.358771324 16.09614563 -23.982456207 -49.07674408 12.168133736 -29.671243668 0.162287995 -0.073939979 0.00171425 0.068833396 0.024802824 -0.059191499 -0.109860599 -0.129225716 0.053930078 -0.022178808 -0.207883403 0.14963609 -0.16648145 0.017883481 -0.107378826 -0.006650086 0.032499854 -0.161572471 0.010746533 0.045535572 0.214488372 0.005158794 0.09434396 0.084963225 0.094691053 -0.019116964 0.006463834 -0.259554267 0.125819191 0.058021605 0.03048172 0.036447674 0.095305569 -0.003272014 0.039517876 -0.059495345 -0.086468711 0.081641316 -0.429344535 -0.061421905 0.049847174 -0.179884076 -0.047439065 0.056858297 -0.000278879 0.120265469 0.021982634 -0.135998026 0.258311301 1.154527307 -1.044973969 13.671585083 6.489692211 20.292171478 61.542949677 -7.056918621 21.5050354 -3.171663284 0.080898888 0.150572062 0.054855432 0.204815358 -0.045956951 0.169030637 -0.013498786 0.04356131 0.124767028 0.138194099 0.138735786 -0.040082775 -0.078622781 -0.032381151 0.053994764 -0.03413808 0.010911397 -0.034192123 0.038309827 -0.004066136 0.118519485 -0.188719064 0.302109808 -0.058219921 -0.190131173 0.128371462 -0.003080265 -0.310480982 0.07884787 -0.063342683 0.128276765 -0.211024582 0.232737288 -0.141809404 -0.112106644 0.001012548 -0.00097107 -0.036768671 -0.061071005 0.042104073 -0.125774905 -0.124105498 -0.049430825 0.106465369 -0.028772729 0.082407564 0.00044969 -0.093543179 -9.685146332 -4.084358692 -3.951525688 8.168464661 -3.784358025 0.241965756 7.267746449 -1.623487592 -0.127683491 -3.35275197 0.075530134 0.089553833 -21.332080841 -1.390070915 -23.127849579 23.235725403 -8.248673439 2.999125957 -6.901918411 -12.694669724 -5.451785564 1.354701757 -0.157195061 0.095108315 
5.800763607 5.800763607 5.800763607 172.402008057 -15.121222496 -174.806518555 -4.02386713 2.021882772 2.320524454 -0.305889696 1.02899766 1.335173965 -4.668092251 1.516405106 -3.477027178 -5.01514864 0.580918014 -1.011091113 -1.364172935 -0.114644177 1.700518012 0.564319134 6.672773361 -10.531500816 11.228850365 -27.095752716 -48.19871521 12.657790184 -28.561527252 1.441058159 0.031566948 0.049276065 0.110780172 -0.030029031 -0.144607455 -0.117005691 -0.081680924 0.073881537 -0.031531747 -0.225901872 0.150858119 -0.112007856 -0.04320439 -0.155108497 -0.004459612 0.060534675 -0.131167412 -0.021723116 0.073197052 0.233782411 0.095177218 0.084283248 0.085879587 0.06893798 -0.030833451 -0.042351641 -0.31779781 0.183174074 0.110256799 0.105945975 0.058335058 -0.036980517 -0.009739816 0.129411221 0.054870196 -0.1186001 0.026407987 -0.393719018 -0.013996421 0.012657001 -0.131902456 -0.046285469 0.111685425 0.007487561 0.137952358 -0.035328649 -0.071903348 0.19774811 1.673427701 -2.603734732 13.331767082 6.11239481 22.863445282 60.461540222 -6.300962448 15.086766243 -4.156540394 0.136089042 0.105533913 0.242502049 0.169664681 0.027899114 0.22056666 -0.111158431 0.053717665 0.114649899 0.190735817 0.249436542 -0.010520263 -0.051561601 0.054437052 0.027496617 0.071034022 0.041634634 0.043461483 0.088604487 -0.030223848 0.229407296 -0.254482418 0.306369096 -0.054655038 -0.233852148 0.120816 -0.002685065 -0.312570542 0.056267992 -0.113464169 0.087292291 -0.144459814 0.195856541 -0.121745922 -0.172224239 -0.081392631 0.083541989 0.009705527 -0.065893166 0.097486094 -0.145642862 -0.100735374 -0.047381237 0.08910878 0.00184173 0.058852419 0.053989965 -0.088979736 -9.737013817 -3.26580286 -1.055103302 0.851645172 -2.315167665 -1.315616846 8.851355553 1.216044188 0.576463342 -2.868121386 0.072410934 0.1070747 -23.057889938 -3.416101933 -23.703008652 31.082435608 -8.921742439 4.746030807 -3.838957071 -11.339431763 -4.243765354 1.343615294 -0.156519964 0.079580955 
5.734706879 5.734706879 5.734706879 171.004943848 -15.491548538 -174.776367188 -5.665242195 2.699177504 2.098877192 -0.172474697 1.755696058 0.091909856 -4.938444138 0.807992935 -3.468221426 -3.908768654 0.513358116 -1.065558076 -1.60291481 -0.092389084 0.754666448 -0.953973293 8.106279373 -10.460756302 9.063249588 -28.085660934 -47.192085266 12.27717495 -27.650693893 1.745516539 0.009649177 0.093507364 0.151915222 -0.016147221 -0.092653982 -0.07996729 0.010844995 0.078978196 -0.013047555 -0.251537114 0.167077914 -0.131084502 -0.033782579 -0.151250303 -0.00467646 -0.006986233 -0.064526282 -0.019736812 0.064049691 0.190092206 0.207270622 0.162873194 0.098431915 0.067187168 -0.080241762 -0.04651349 -0.294461489 0.201595828 0.139517188 0.188078895 0.093392305 -0.066428982 0.052502699 0.205972925 0.126855195 -0.199706554 0.010232373 -0.41372174 -0.005336974 0.048693076 -0.061047859 -0.038668156 0.137565687 -0.038880736 0.199894771 -0.039151166 -0.001468262 0.210126564 2.734009981 -4.359583855 13.155306816 7.676434994 24.678211212 61.442775726 -5.059151649 15.166496277 -4.93919754 0.193596333 0.066055842 0.345870167 0.141356513 0.054014973 0.20496349 -0.196645945 0.088564873 0.076803073 0.140349045 0.238401011 -0.024236452 -0.019792853 0.064614974 -0.066478431 0.157152563 0.00531516 0.106417358 0.122235842 0.020744869 0.365326524 -0.24959299 0.231429353 -0.01653727 -0.278749287 0.123055622 -0.009082508 -0.234015197 0.016784821 -0.128577933 0.055656262 -0.08105275 0.113196403 -0.111005582 -0.164768115 -0.143098608 0.157677799 0.074307516 -0.049167395 0.102807961 -0.155985534 -0.08002346 -0.08672493 0.055238783 0.002603858 0.005445742 0.075988442 -0.019205125 -12.46632576 -2.759830952 -0.513690472 -3.948884249 -2.009827137 -1.796234369 9.820824623 2.598527431 0.57262671 -1.732233286 0.072130434 0.121363901 -26.239263535 -3.402426958 -23.437034607 38.946334839 -8.743067741 5.372776508 -4.613681316 -9.882742882 -3.210881233 1.47442925 -0.164079905 0.003283868 
5.652999401 5.652999401 5.652999401 170.392929077 -16.488950729 -175.990097046 -7.004259109 2.384409666 0.913612068 0.250561476 2.235358 -0.882443488 -5.173601627 0.32553786 -3.353747129 -4.042253494 0.322820961 -0.991470397 -1.66713655 -0.069156468 -0.023265842 -1.82011199 8.236454964 -9.278676033 6.016353607 -26.989105225 -47.883972168 8.870368958 -27.484344482 1.475262523 0.004390656 0.081852928 0.169571966 0.078913271 -0.031825624 -0.016825536 0.090121299 0.044402611 0.030562613 -0.234033018 0.175868109 -0.135197774 0.050799828 -0.095731698 0.007578021 -0.079850733 -0.00578215 0.00528706 0.030048696 0.096750975 0.178218767 0.245535299 0.062079068 0.048467923 -0.094389699 -0.030260701 -0.246236593 0.244995013 0.147137135 0.173365086 0.132226586 -0.034517776 0.109490365 0.265813529 0.117801569 -0.218671545 0.035295356 -0.4096075 0.045746904 0.016844595 0.010024678 0.019786257 0.149418056 -0.083390653 0.255836278 -0.033494782 0.081104234 0.257401735 3.773672342 -5.799453735 13.545909882 10.507694244 26.016838074 62.194473267 -1.371728182 20.264726639 -5.033952713 0.231044143 0.002604891 0.332153171 0.136626184 0.091811694 0.144222006 -0.255464911 0.051167779 0.090250842 0.088383086 0.135979936 -0.078375749 -0.015298069 0.03178259 -0.109733574 0.177741423 -0.092811041 0.095702961 0.138452932 0.058801014 0.405222267 -0.228575543 0.211767673 -0.015869547 -0.255220473 0.125349775 0.023315374 -0.157320812 -0.028902667 -0.178483516 0.032148998 -0.093365252 0.069636397 -0.07934235 -0.097139128 -0.100818031 0.143258214 0.064502329 -0.034063973 0.129798397 -0.144548595 -0.062429391 -0.172143921 0.052010547 0.001706442 0.029369561 0.064826928 0.017918024 -14.593869209 -2.934053659 0.891259372 -6.359721184 -2.276689291 -1.92359519 10.297423363 3.294668436 0.565031528 -1.211445332 -0.001209822 0.101154633 -26.277542114 -0.706960857 -21.404561996 42.174068451 -5.701764107 5.164518356 -6.607219219 -8.507060051 -2.768692255 1.662945986 -0.111908466 -0.007425744 
5.578971386 5.578971386 5.578971386 171.153366089 -15.885285378 -177.766784668 -8.269429207 1.476713896 -0.545349061 0.687780619 1.954097271 -1.411528349 -5.356385708 0.073106535 -3.458616495 -4.907250404 -0.182176188 -0.057875834 -1.600478888 -0.073991016 0.572061837 -1.442065716 9.044383049 -7.65907526 4.093865395 -25.658321381 -48.860675812 5.783939362 -28.562835693 2.566905975 0.053262427 0.028686067 0.154855311 0.149768844 0.016382553 -0.025613774 0.131352469 0.05604592 0.045819432 -0.147381455 0.146067962 -0.113015436 0.1191881 -0.080237016 0.068388768 -0.104289405 0.043433413 -0.000350694 -0.012798905 0.00250217 0.108293861 0.284256816 0.005764123 0.029819172 -0.135347098 0.002077324 -0.179074049 0.247483656 0.136520594 0.083260417 0.134156585 -0.080888033 0.143787742 0.313055962 0.0865639 -0.164943546 0.005187234 -0.382397234 0.097245283 0.029443188 0.07373175 0.056028377 0.155484006 -0.079253964 0.271685183 -0.043019455 0.150878146 0.273178577 4.764618874 -7.782217026 14.622672081 14.768484116 23.576566696 62.44966507 2.180857658 28.289497375 -4.977544785 0.276100755 0.000243873 0.281784952 0.113833867 0.1208148 0.025073139 -0.234618545 0.018770881 0.088420756 0.074697174 0.099873088 -0.05240697 -0.008693803 0.01380454 -0.091368392 0.194893301 -0.197920188 0.087556362 0.148118019 0.00314615 0.394584268 -0.197034582 0.243313774 0.00191052 -0.221902534 0.086493365 0.047477748 -0.132337078 -0.028820474 -0.219902411 0.030433899 -0.152370125 0.053638939 -0.07104823 -0.055642456 -0.048604906 0.130554035 0.017112648 -0.003960495 0.131781578 -0.11730881 -0.041184556 -0.226001084 0.045175858 0.00696339 0.048618782 0.072666563 -0.006418137 -13.763498306 -3.159211397 4.726653576 -8.982419014 -2.82951951 -3.10923171 10.476640701 4.529571056 0.778471708 -1.262296557 -0.056172699 0.085839428 -22.941047668 1.751721501 -19.207645416 39.653598785 -2.696664333 5.936787128 -8.962639809 -7.07814312 -2.835955858 1.543108463 -0.055684492 0.006178327 
5.524775028 5.524775028 5.524775028 173.157333374 -13.303776741 -178.745925903 -9.36812973 0.970361769 -1.551538706 0.931910038 1.985197663 -2.035070181 -4.893993855 0.079477146 -3.64403224 -5.773005009 -0.562820554 0.524341226 -1.41953218 -0.070866056 1.474843144 -0.842088759 10.215718269 -6.664599419 3.400517464 -25.776260376 -49.317214966 4.620490074 -29.649866104 3.422979116 0.127756745 -0.000860752 0.156320915 0.215172395 0.060039513 -0.000208649 0.183892861 0.081448756 0.05473087 -0.076739147 0.128349438 -0.130464405 0.138397783 -0.092586093 0.091126852 -0.123343013 0.0868553 -0.002715316 -0.00831257 -0.0484511 0.075588606 0.308327645 -0.051087972 0.011719646 -0.161828741 0.049503684 -0.094936475 0.220146015 0.152598977 0.046238888 0.155260026 -0.119792663 0.196701586 0.32872507 0.082384601 -0.125638217 -0.039892543 -0.349672765 0.114752278 0.037121881 0.124450527 0.063721344 0.143890023 -0.075866386 0.289655834 -0.065988205 0.199502975 0.274808913 5.386017799 -9.726920128 15.130182266 19.46487999 20.777997971 61.382396698 4.904706478 36.87059021 -4.237730503 0.306110561 0.014392411 0.250288665 0.115406998 0.1283793 -0.066002369 -0.173570856 -0.013663387 0.046888545 0.08969301 0.067021675 -0.016395416 -0.003616847 0.027983155 -0.071807571 0.225613475 -0.281469852 0.106371678 0.187900156 -0.015232513 0.451729506 -0.178864807 0.252604038 0.034785531 -0.212933615 0.095045894 -0.004160233 -0.080375262 -0.009299304 -0.255886436 0.01253837 -0.174700364 0.045408957 -0.060666822 0.001801857 -0.033260759 0.171307862 0.001785659 0.020411018 0.124519795 -0.109173566 0.018124538 -0.229902416 0.070132606 0.042482261 0.036742669 0.111834079 -0.047042754 -12.667243958 -3.168848753 7.702908039 -9.550532341 -3.062813044 -3.706111908 10.646684647 5.955214024 1.158526063 -1.513921022 -0.086651266 0.092991337 -19.937139511 2.728818893 -18.083745956 39.194549561 -1.660001516 6.599191189 -9.131475449 -6.527127266 -3.156377554 1.275079489 -0.051465053 -0.015582821 
5.49395895 5.49395895 5.49395895 174.927307129 -12.269494057 -177.477722168 -9.036197662 0.799144626 -1.589933991 1.104231596 2.058821678 -2.267840385 -3.565703392 0.478448242 -4.24651432 -4.808234215 -0.549641788 0.523953617 -1.467508793 -0.060649026 1.439360499 -0.7785725 11.022135735 -7.571112633 2.21369791 -27.793306351 -49.509731293 4.958052158 -28.850391388 4.321128845 0.136776149 0.010419184 0.105387732 0.204606205 0.064403288 0.01798344 0.186561182 0.095662653 0.06181943 -0.033989072 0.131947815 -0.096419618 0.164718047 -0.112192117 0.086356498 -0.120317481 0.112192944 -0.015917616 -0.006240988 -0.066298246 0.070607498 0.340780288 -0.074594758 0.027330698 -0.176563323 0.097462319 -0.086793683 0.23299481 0.14866367 0.032693874 0.172702298 -0.146524042 0.224076733 0.340668589 0.060076669 -0.119638354 -0.062511347 -0.333047599 0.13685225 0.024025204 0.124403037 0.052992575 0.171282798 -0.085520282 0.294294268 -0.104500882 0.195236057 0.255681813 5.374429703 -10.777338982 15.819626808 19.458343506 20.406085968 61.694961548 4.031265736 35.22631073 -3.845028639 0.313316345 0.020198781 0.275074005 0.138742596 0.161664128 -0.088811643 -0.14324984 0.006090764 0.056248408 0.108604394 0.025885273 0.014790932 0.015428789 0.041010212 -0.08662387 0.216206685 -0.238875225 0.123398669 0.173669189 -0.006254782 0.504000485 -0.195332035 0.284010619 0.071319401 -0.203552395 0.091316216 -0.04578431 -0.062920406 0.029285474 -0.249520287 -0.024709359 -0.166069806 0.078944378 -0.060727585 0.000807762 -0.035639673 0.193798155 -0.024742611 0.03824861 0.106604606 -0.12185362 0.011299513 -0.228950098 0.060478304 0.034039706 0.050078914 0.140540853 -0.091555409 -11.789271355 -3.179192305 7.225104809 -9.82308197 -3.454981327 -3.794585466 10.629322052 6.343416691 1.333670616 -1.812127709 -0.076174848 0.123056732 -17.294692993 2.478192329 -19.504119873 40.752056122 -2.338986874 7.090463638 -9.102987289 -7.297759056 -3.505002737 1.078004956 -0.053881571 -0.01750101 
5.486921787 5.486921787 5.486921787 175.08706665 -12.668216705 -175.29800415 -7.131568432 0.946710467 -0.899151504 1.097454667 2.310956001 -2.202271461 -2.200558186 1.629829764 -5.553099632 -2.387014389 -0.333697885 0.286739737 -1.574887753 -0.03125488 0.669975698 -1.548339844 10.946393013 -9.555263519 0.30206418 -29.075763702 -50.240299225 4.773443222 -29.686300278 4.804008484 0.099066108 0.026714856 0.025745681 0.117002383 0.027381241 0.018869294 0.163489684 0.066005237 0.083133124 -0.024725357 0.172271997 -0.076514885 0.146209106 -0.162933007 0.081166677 -0.121906243 0.091146357 -0.070449881 -0.018654536 -0.089759953 0.096563771 0.35709402 -0.06101913 0.018685428 -0.184081018 0.132842913 -0.102297463 0.243221357 0.107302196 0.014563074 0.163050815 -0.138041735 0.212072551 0.317420393 0.030943561 -0.131281376 -0.074515752 -0.331468344 0.133466601 -0.003148164 0.058126245 0.018742928 0.186104789 -0.091850199 0.249978036 -0.180817947 0.196079955 0.239689887 4.704431057 -10.43626976 16.032169342 16.463176727 20.990449905 62.946544647 1.039602995 27.745172501 -3.160490036 0.300277531 0.004065813 0.30886656 0.162725061 0.19253476 -0.053369213 -0.16518794 0.042276993 0.056994226 0.118223436 -0.019752601 0.001081095 0.045392241 -0.008766346 -0.149271116 0.188716725 -0.184964538 0.060670622 0.155914381 0.036240283 0.455635995 -0.212544531 0.273607522 0.081892811 -0.200406417 0.052344657 -0.047750648 -0.080572821 0.027921893 -0.220169634 -0.066963986 -0.101699412 0.08528997 -0.057995297 -0.005863411 -0.044687055 0.185685381 -0.032014843 0.094661318 0.103561938 -0.119145177 -0.026068196 -0.208407164 0.014007971 -0.001097121 0.064348511 0.144900739 -0.118439034 -12.583013535 -3.144997358 4.311080933 -9.451081276 -4.109185696 -3.436462641 10.027776718 5.261461735 1.04554975 -1.878680229 -0.030804567 0.127988175 -14.928039551 2.235332489 -21.233978271 42.457923889 -2.783216715 7.067276001 -8.589557648 -8.16149807 -3.767334223 0.865301132 -0.043786436 -0.012480821 
5.500773907 5.500773907 5.500773907 174.336624146 -12.08713913 -174.671356201 -5.675323963 1.725022197 -0.226290971 0.992622972 2.554468632 -1.801418185 -1.54590714 2.510714769 -5.537317276 0.446736842 -0.12700747 0.356455654 -1.456906676 0.011189028 -0.456017971 -2.108489275 11.818194389 -11.263504982 -1.206559777 -28.034391403 -52.991165161 2.973869085 -31.231279373 6.004516602 0.021552943 0.037978772 0.034598738 0.091289058 0.005755497 0.018454295 0.17181392 0.017711308 0.089812152 -0.025028888 0.160814106 -0.068238094 0.116520271 -0.159602687 0.049823448 -0.10715203 0.071929418 -0.12683849 -0.016658008 -0.091321811 0.132161573 0.331998676 -0.060028866 -0.004389426 -0.183555886 0.113189414 -0.116887912 0.182261452 0.085067876 0.00373115 0.118327722 -0.113955289 0.160030454 0.283798158 0.038240239 -0.166333407 -0.078936465 -0.310526162 0.118592978 -0.024183528 0.029107062 0.021686461 0.180789903 -0.119249128 0.185506091 -0.189420208 0.188654289 0.212898448 3.682189941 -10.785129547 15.191254616 15.424345016 21.864793777 61.480064392 0.375199437 22.670389175 -3.245689869 0.212707147 -0.061027166 0.301424742 0.181193754 0.17546232 -0.015261368 -0.173139304 0.060041159 0.063519567 0.097282819 -0.03827386 -0.048612367 0.056187231 -0.046167534 -0.155198514 0.135495439 -0.10341125 0.010181468 0.105960608 0.081286937 0.369532824 -0.188928694 0.239675656 0.057345301 -0.174785897 0.032521117 -0.015288302 -0.091981187 -0.023738757 -0.13697058 -0.051239789 -0.023008727 0.096042439 -0.058766034 -0.056001082 -0.007456657 0.176535353 0.017993215 0.118252277 0.122714527 -0.094628274 -0.046842117 -0.11265301 -0.02243335 -0.022333711 0.030888567 0.126497209 -0.123306341 -13.201856613 -2.763715029 3.068902731 -9.337329865 -4.265565872 -3.991285086 9.416360855 4.436288357 0.936693192 -1.750830054 -0.015814768 0.105094045 -14.251924515 3.060197115 -20.834945679 44.769130707 -1.264366031 6.777820587 -7.791273594 -7.301961422 -3.276295424 0.407986611 -0.036022704 0.00112803 
5.524955273 5.524955273 5.524955273 173.972518921 -12.241307259 -175.281723022 -5.151916027 2.170576334 -0.234269008 1.060546637 2.264898539 -1.706724524 -1.121252298 2.304027319 -4.794126511 1.367070794 -0.256228775 1.022676945 -1.108164668 0.058745578 -1.00402689 -1.977611661 12.215863228 -12.076330185 -0.640390277 -25.281106949 -55.333950043 0.754189909 -33.29642868 6.651303291 -0.034994628 0.013204028 0.070013195 0.085367687 -0.022991223 -0.008377353 0.168364584 -0.008392199 0.083609357 -0.017939752 0.132595435 -0.076333255 0.090074971 -0.109036982 0.013321399 -0.102047317 0.027859366 -0.165928259 -0.035955567 -0.079076141 0.151522353 0.278252065 -0.062235437 -0.02156521 -0.165175781 0.0870222 -0.127670154 0.118645214 0.064537562 -0.030581649 0.059385769 -0.106322214 0.099833883 0.237449288 0.017703932 -0.159816191 -0.074069455 -0.28389141 0.079226494 -0.008399213 0.03120999 0.074796438 0.193712026 -0.166774452 0.161426067 -0.179106429 0.156038359 0.181512028 3.25986886 -10.755293846 14.92484951 16.761640549 22.243076324 58.963165283 1.483125448 21.151540756 -3.285431385 0.111249998 -0.114096738 0.246688083 0.149061456 0.128487766 -0.010054706 -0.173853278 0.051510017 0.089284964 0.094508305 -0.041388471 -0.099684469 0.044921178 -0.073723517 -0.168639734 0.109599441 -0.065724753 0.004903837 0.055880651 0.093719572 0.2802881 -0.166783467 0.20801267 0.011744832 -0.140897751 0.030018222 0.03434509 -0.136879072 -0.071379296 -0.055338129 -0.03183116 -0.001483137 0.111279033 -0.062936559 -0.07508491 0.034767337 0.171551004 0.09584751 0.111708231 0.133650482 -0.072072037 -0.069807194 -0.01056187 -0.039142568 -0.029810898 -0.004373511 0.086990766 -0.101954147 -13.196308136 -1.981156111 3.403897524 -8.517056465 -3.473153591 -4.841795444 8.960965157 3.994956732 0.85357362 -1.708532333 0.007170847 0.083407544 -13.570847511 4.060803413 -18.84812355 46.035800934 0.336624831 5.888715744 -8.457460403 -5.844135284 -2.629667997 -0.065190271 -0.05180252 0.004833085 
5.550632 5.550632 5.550632 173.534942627 -13.476403236 -176.18800354 -4.68260622 2.183089733 -0.293056518 1.069405079 1.982417345 -1.778503656 -1.34357214 2.299033403 -4.530772686 0.182657197 -0.523043633 1.762520075 -0.950529397 0.07746242 -1.367539763 -1.555135727 10.816749573 -12.337227821 0.005505391 -23.555233002 -56.276878357 -1.917906046 -33.889316559 5.97466135 -0.05536674 -0.007519174 0.098980792 0.087690495 -0.052722901 -0.048970163 0.150980368 -0.04242548 0.072237499 0.004913362 0.098068148 -0.096061341 0.070735157 -0.068830252 -0.001212752 -0.12236616 -0.005144954 -0.178886071 -0.039817005 -0.079999246 0.155232176 0.199938074 -0.0549693 -0.024545066 -0.174907655 0.073395737 -0.093579978 0.067929983 0.035010774 -0.039646611 0.022310382 -0.096383266 0.076140508 0.165302694 -0.011738762 -0.149580494 -0.081158973 -0.253221273 0.034992944 0.022794496 0.051869862 0.10571976 0.197907865 -0.182006985 0.133441344 -0.164053142 0.140170932 0.159318566 2.987865686 -9.249940872 15.132927895 17.467708588 23.039310455 58.275558472 1.958032608 20.387638092 -2.979827166 0.057929665 -0.131240293 0.186938673 0.116897412 0.080755398 -0.043269854 -0.16986604 0.032367285 0.103983328 0.107420698 -0.03528358 -0.111329041 0.041173737 -0.101354055 -0.167839661 0.106145762 -0.084604055 -0.017087935 0.016319154 0.088989548 0.17534177 -0.140787825 0.175104499 -0.015526715 -0.109104045 0.033787891 0.03676118 -0.157757521 -0.125131935 -0.023460349 -0.013358857 -0.011144918 0.114762135 -0.064852923 -0.035843823 0.042456098 0.136437416 0.162238315 0.091442697 0.171640947 -0.039622761 -0.099696413 0.057115331 -0.033981998 -0.039359126 -0.03632753 0.07021258 -0.100519493 -13.214230537 -1.4915241 3.33938098 -6.990323067 -2.456241608 -4.544969082 8.145773888 3.235516787 0.616648138 -1.687097788 0.026332928 0.043301098 -12.85039711 4.870109558 -16.316768646 46.631752014 1.949728131 4.537857533 -9.720796585 -4.543697357 -2.29683423 -0.240682557 -0.080880158 -0.0072217 
5.575274467 5.575274467 5.575274467 173.360015869 -15.140982628 -177.071792603 -3.900339127 2.018669367 -0.355198622 0.670955479 1.587288976 -1.657448888 -1.222571135 2.011674404 -4.020436287 -1.470158696 -0.826865494 2.232459307 -0.903002679 0.083643071 -1.618172765 -1.004235387 8.612264633 -12.555249214 1.161364436 -23.609170914 -56.364631653 -3.250471592 -31.651256561 4.7710042 -0.044853982 -0.030711612 0.087280728 0.076817915 -0.044398941 -0.047351815 0.124166556 -0.069385462 0.05092036 0.016033195 0.091958292 -0.103695422 0.06210421 -0.031328358 -0.008956805 -0.149079695 -0.015053022 -0.14588286 -0.048754036 -0.070569299 0.146140367 0.151226938 -0.062144555 -0.007903715 -0.191978708 0.049001232 -0.054698013 0.034740001 0.01748297 -0.025225407 -0.005049324 -0.073635399 0.093396582 0.112676576 -0.054973476 -0.145356715 -0.097385339 -0.221840024 0.012288992 0.053426627 0.075265758 0.107897304 0.189706221 -0.167470023 0.108695455 -0.138779089 0.150831535 0.142236128 2.77434659 -7.257984638 15.370779037 18.247293472 24.876995087 57.717388153 3.267324448 20.4246521 -2.680354834 0.047314066 -0.137592107 0.124331094 0.103953578 0.041151199 -0.063591063 -0.141965881 0.007647256 0.096339397 0.124543242 -0.026936363 -0.106658831 -0.005019486 -0.125079796 -0.159233898 0.107883073 -0.103905372 -0.063569352 0.024122762 0.093075663 0.08603774 -0.114997372 0.143561855 -0.025500251 -0.057086181 0.047677074 0.023304651 -0.158279195 -0.157308608 -0.009842448 0.009836233 -0.006416034 0.068874352 -0.051348794 0.034248382 0.045882519 0.106541343 0.186333269 0.073138043 0.193543345 -0.018019849 -0.101028673 0.069030397 -0.03919819 -0.036578558 -0.038165573 0.059117723 -0.10735894 -13.557875633 -1.649843574 3.065349579 -4.965394974 -2.232963085 -3.615739107 7.427353382 2.507157326 0.381322294 -1.548684001 0.022227576 0.003099169 -12.635224342 5.021452904 -13.546447754 47.430648804 2.997711658 3.228427887 -10.710824966 -2.780306339 -1.717795253 -0.359522611 -0.095075376 -0.003441022 
5.599007607 5.599007607 5.599007607 173.547286987 -17.020929337 -177.819595337 -3.389323473 1.556933403 -0.359271139 0.469505221 1.082580328 -1.305908442 -0.934963882 1.669939876 -3.598603487 -3.796768904 -0.860212624 2.267431498 -0.900472701 0.050453212 -1.373965144 -0.426567852 5.897363186 -13.102231026 2.811973572 -25.535966873 -55.36913681 -2.833674192 -27.779380798 3.013896465 -0.034428064 -0.044598248 0.04970457 0.048804138 -0.017399453 -0.057894673 0.088633053 -0.075024374 0.017950609 -0.012543803 0.10970775 -0.082532451 0.052827943 -0.025212292 -0.012464246 -0.157292649 -0.015391718 -0.125187054 -0.072752938 -0.066496938 0.113574617 0.109046102 -0.061672091 0.00558129 -0.199997842 0.040914286 -0.031336252 0.021215972 0.012869332 -0.051100567 -0.038224295 -0.031606358 0.117861316 0.080282018 -0.088672891 -0.12727432 -0.111798532 -0.202878207 0.027469864 0.074128687 0.060050543 0.100856639 0.185578048 -0.143697217 0.103631623 -0.10610991 0.141252205 0.122981824 2.551126242 -4.873759747 15.477507591 19.611753464 28.336116791 55.735134125 5.613001347 21.404558182 -1.82902205 0.037959039 -0.115589947 0.114622638 0.12221618 0.014531321 -0.050038759 -0.126885086 0.004797608 0.089462288 0.137631178 0.007673461 -0.078421935 -0.032027684 -0.142063916 -0.159584537 0.088814765 -0.099373735 -0.097281039 0.026477592 0.084279172 0.029307177 -0.120894015 0.143080547 -0.028110735 -0.026430365 0.029832173 0.004319772 -0.155622974 -0.126828343 -0.01126941 0.060114402 -0.017378232 0.044704013 -0.030261323 0.066767491 0.032568242 0.067059375 0.148794934 0.036033381 0.170388088 -0.021787759 -0.101447821 0.032450672 -0.069679126 -0.01974065 -0.034629285 0.030888908 -0.13407965 -14.241955757 -1.747085214 2.491973639 -2.119629622 -1.88918376 -2.208983898 6.676532269 1.994538665 0.114677079 -1.431560755 -0.004162358 -0.023783093 -12.44921875 5.066421986 -10.651601791 47.332714081 3.629023314 1.66097188 -11.887714386 -1.664748907 -1.313576818 -0.43371737 -0.092289135 0.024504237 
5.618609905 5.618609905 5.618609905 174.433441162 -18.255767822 -178.882476807 -3.625167847 1.010989189 -0.304235429 0.729992688 0.701918423 -0.981962323 0.044343755 1.034107089 -2.615178823 -6.707391262 -0.773074329 2.229192972 -0.905762911 0.010078351 -0.640368879 -0.01224221 2.707206964 -13.565929413 4.380448818 -27.305393219 -53.70463562 -1.486782789 -23.302785873 1.141955614 -0.016290152 -0.038098291 0.023584703 0.035557862 0.020896271 -0.063989379 0.061541371 -0.048804078 0.009709641 -0.047853384 0.146712646 -0.046233959 0.076669089 -0.02841869 0.006437528 -0.146997035 0.002249435 -0.125148833 -0.066798843 -0.063225105 0.075253904 0.096090093 -0.035152446 0.020188805 -0.194087788 0.056194969 -0.023589842 0.053655542 0.045863692 -0.08480525 -0.069273174 0.020098291 0.128588125 0.065683641 -0.080733173 -0.083365239 -0.097384937 -0.179362074 0.068371043 0.085813731 0.052778162 0.076961122 0.149291828 -0.114948712 0.110608935 -0.077379979 0.104403421 0.128707409 2.635579824 -2.048101425 15.586809158 20.420469284 32.344989777 52.751365662 8.298791885 22.553092957 -0.757081151 0.039773013 -0.071422592 0.146136999 0.159443781 -0.006825287 -0.034889184 -0.128867134 0.00469101 0.077264488 0.109360076 0.066176787 -0.038333599 -0.039432924 -0.157543167 -0.141210943 0.073907562 -0.070389532 -0.078370914 0.012705613 0.076940998 0.010504157 -0.139924824 0.158218279 -0.018590614 -0.018549902 -0.015392462 -0.027861767 -0.118818849 -0.072393239 -0.044281896 0.139405802 -0.022865064 0.04455227 -0.002657847 0.028375281 0.020704681 0.015661372 0.094637685 -0.029781776 0.096623182 -0.044341255 -0.09214361 -0.006825386 -0.092836186 -0.010180599 -0.013419104 0.015375626 -0.172492012 -13.942601204 -2.073048592 2.51788044 0.818489432 -1.543554902 -0.483898699 5.922440529 1.974238276 -0.100609742 -1.348294139 -0.046007004 -0.022907939 -11.770363808 5.290729046 -7.338483334 44.893768311 4.052477837 -0.066013426 -11.78934288 -1.240492582 -1.058339953 -0.531979203 -0.085617453 0.052468203 
5.633419991 5.633419991 5.633419991 175.416229248 -19.730205536 179.70614624 -4.515864372 0.448866814 0.277440101 1.502180338 0.346759409 -0.67462182 1.228335261 0.186092928 -1.289419174 -8.487696648 -0.550692677 1.755710959 -0.793085515 -0.00235434 0.217160627 0.184587613 0.378176481 -14.468898773 7.101804256 -28.802160263 -52.123085022 1.215622306 -18.926919937 -0.332402885 0.011914801 -0.027608782 0.046771023 0.036092702 0.054158706 -0.071158469 0.017481463 -0.039473347 0.015393753 -0.064641938 0.163134128 -0.046342812 0.105321765 -0.007566688 0.03264254 -0.129481032 0.026468046 -0.123359129 -0.041540008 -0.053889815 0.061485324 0.096919827 -0.004447013 0.044486355 -0.166904211 0.078519933 -0.018532891 0.05928034 0.065208621 -0.089264095 -0.062000696 0.051242854 0.109655835 0.046981063 -0.084564947 -0.046541639 -0.051813021 -0.155392483 0.078583114 0.062395941 0.059901867 0.035124395 0.115350679 -0.089231201 0.103042357 -0.051892601 0.053679019 0.17131184 2.489238024 -0.125771508 15.724245071 22.476453781 36.018611908 48.22983551 11.329985619 23.650587082 -0.237874314 0.037114579 -0.049068052 0.139150962 0.172388241 -0.042668503 -0.025566643 -0.134855881 -0.00527732 0.060045514 0.06147347 0.093983822 -0.02827704 -0.029308269 -0.172470406 -0.142637819 0.058023773 -0.050816119 -0.047709495 0.010139959 0.083402626 0.010848285 -0.12476065 0.153246894 0.004910736 -0.007627982 -0.033578359 -0.029795416 -0.073465966 -0.037489764 -0.053536166 0.170565277 -0.020369155 0.010137267 0.003042035 -0.009888766 0.004974139 -0.002109246 0.06651599 -0.076996706 0.047573205 -0.055513382 -0.067457579 -0.014977789 -0.089650705 -0.013048202 0.018882237 0.011512916 -0.17078194 -12.981423378 -2.04336524 3.061766148 3.531915188 0.03217113 0.531000018 5.323381424 2.984091043 0.393068492 -1.303734899 -0.052897893 -0.002423099 -10.879533768 5.280018806 -4.164575577 39.990764618 3.434711933 -1.229179621 -10.723257065 -1.927142143 -1.242375612 -0.392472208 -0.097338393 0.036692806 
5.655601978 5.655601978 5.655601978 176.029205322 -21.751882553 178.598510742 -5.134606838 -0.113814086 0.62713939 1.983116865 -0.16443494 -0.605296493 1.615630031 -0.289835721 0.036709499 -9.089471817 -0.469595641 1.439339519 -0.749370635 0.017625459 0.201408669 0.420042932 -1.149341822 -14.939632416 8.789839745 -29.999755859 -52.781490326 2.52443552 -15.049910545 -1.319862485 0.019230407 -0.037076313 0.088176273 0.017121304 0.052514862 -0.066439502 -0.037151292 -0.018764393 0.02563725 -0.0364879 0.129290581 -0.033386771 0.101472236 0.008665446 0.058197267 -0.084154308 0.046544101 -0.103080265 -0.014859834 -0.022161635 0.07368762 0.089808337 -0.003905473 0.058247641 -0.136021167 0.076890789 -0.002791642 0.015206219 0.040713642 -0.074466854 -0.012813209 0.025445707 0.076229364 0.025819499 -0.072859369 -0.04600193 -0.021222558 -0.101817064 0.027595621 0.064046882 0.094599687 0.02093544 0.073848382 -0.057845041 0.075075865 -0.031267338 0.007460447 0.171159476 2.040030479 1.168991208 15.449246407 24.757701874 38.622619629 44.353809357 13.796082497 25.142288208 0.159278139 0.049047071 -0.028616909 0.085533202 0.154582947 -0.054171439 -0.035346199 -0.104239061 -0.015116384 0.029269109 0.024868995 0.098028675 -0.014249157 -0.017137043 -0.160084307 -0.105592847 0.033656742 -0.045026891 -0.007535833 0.003464523 0.063542657 -0.0095734 -0.090705454 0.11723949 0.026318414 0.010335301 -0.042602345 -0.017377894 -0.052750763 -0.031831391 -0.011967852 0.165052727 -0.008609018 -0.059006259 0.003780901 -0.048240878 0.008578821 -9.9227e-05 0.058999728 -0.096391484 0.026942777 -0.057396796 -0.038264148 -0.007321931 -0.051645491 -0.025872193 0.01983236 0.013512194 -0.119998232 -12.316999435 -2.503580093 3.568063259 6.237662315 0.347915113 1.16129446 4.05856514 3.480619907 0.766120553 -1.031953216 -0.066185698 0.018939532 -10.520367622 4.384681702 -1.407899499 33.404056549 1.962521434 -1.839795589 -10.165301323 -2.739464045 -1.453693867 -0.171472117 -0.080540814 -0.001775975 
5.677498817 5.677498817 5.677498817 176.384658813 -24.363836288 177.033599854 -6.52741909 -0.443258137 0.663417816 2.276613474 -0.51297003 -0.790961325 1.485296607 -0.678015828 1.187841773 -9.353239059 -0.386876106 1.262283206 -0.51763761 0.065308116 -0.142562509 0.552749157 -1.512098193 -15.73624897 9.940328598 -30.758216858 -54.42023468 3.114238739 -11.492988586 -1.294752717 0.004863821 -0.04926303 0.087968752 -0.043180428 0.065098621 -0.060618356 -0.060587145 0.012812472 0.024139956 0.04599617 0.048194718 -0.031518653 0.082555875 0.007833745 0.084712505 -0.002019767 0.065189026 -0.101828992 -0.015960896 -0.015660347 0.084275961 0.071312815 -0.025171613 0.062400322 -0.112788476 0.087193809 -0.008610473 -0.05530031 0.013317875 -0.066149831 0.038089853 -0.039435513 0.040927213 0.022222791 -0.043670923 -0.007953689 -0.017369108 -0.06490162 -0.025371121 0.071296334 0.082947128 0.01596321 0.034663856 -0.011164673 0.065927476 -0.054727457 -0.022556843 0.151738271 1.389722466 1.700487137 15.177737236 27.402025223 41.752521515 39.733345032 16.419090271 25.825683594 0.827961981 0.060284745 -0.005807771 0.008732765 0.140109345 -0.053157844 -0.058392935 -0.054437611 -0.027848169 0.003369351 -0.0166736 0.10432367 0.006594914 -0.004135628 -0.138098598 -0.060943086 0.028424837 -0.069112651 0.006136549 0.023427997 0.012294812 -0.005510629 -0.040289927 0.060558014 0.047122184 -0.000324073 -0.066874556 0.017091528 -0.064461224 -0.007639115 0.027235918 0.181388929 0.009956116 -0.088085391 -0.000227028 -0.082978293 0.021255556 0.006653588 0.034149379 -0.074002437 -0.003061746 -0.035664812 -0.005947583 0.010366329 -0.035230104 -0.029909745 0.015185697 0.009000198 -0.07212133 -11.353140831 -2.89191556 4.660235882 8.554798126 0.024815679 1.336024404 2.355002165 3.899945498 1.124163747 -0.430497289 -0.075110592 0.011373173 -9.654367447 3.640899897 1.200969696 24.336389542 0.840787232 -1.785354853 -8.270086288 -3.41993022 -1.633953333 0.065793321 -0.040739246 -0.003923289 
5.689285278 5.689285278 5.689285278 177.566635132 -23.774808884 175.057418823 -7.600315094 -0.172420651 0.401233405 2.538877726 -0.511292756 -0.247457221 1.613328099 -0.908385098 3.914930344 -9.290207863 -0.213649839 0.801819861 -0.24159348 0.097157188 -0.546000957 0.692408204 -1.382313132 -16.495319366 11.020205498 -30.965179443 -57.92552948 2.627259731 -9.700715065 -0.843394518 -0.001656175 -0.033869907 0.015912287 -0.114588685 0.098288544 -0.042087503 -0.076901153 -0.009748297 0.064777739 0.091627665 -0.011014559 -0.01803394 0.043833524 0.040638499 0.04755782 0.012509249 0.072946019 -0.092659578 -0.01881421 -0.042800929 0.094193719 0.057578944 -0.052278787 0.05967861 -0.070845127 0.092834622 -0.028145576 -0.077635244 0.015796922 -0.02494929 0.063693687 -0.077817805 -0.017422715 0.038406994 -0.051299237 0.007471032 -0.011587754 -0.013699898 -0.052273057 0.053062275 0.039792977 -0.011208887 0.004132472 0.015337132 0.035156194 -0.097646877 -0.013025795 0.103706188 0.847897947 1.755181551 14.138599396 30.783184052 43.8685112 32.12342453 19.554117203 27.466470718 1.628045321 0.064114377 -0.001463292 -0.060530685 0.116437398 -0.024330065 -0.037386134 -0.026583038 -0.045599353 0.02435872 -0.096324481 0.077920049 -0.015484149 0.004136256 -0.091241457 -0.079183809 0.014638499 -0.040912766 -0.008646417 0.042584971 -0.038352381 -0.019616403 0.037374813 0.013508247 0.048668962 -0.008481781 -0.052211333 0.059352525 -0.095986106 0.023356317 0.05345916 0.162559405 0.062104464 -0.05465994 0.015487122 -0.102370694 0.038437109 -0.011515778 -0.043501575 -0.015107418 -0.050870206 0.015103783 0.00034631 0.032642901 -0.030986438 -0.042117521 0.027831577 -0.023618586 -0.022959037 -9.007137299 -2.995741606 7.072434425 10.505178452 -0.937382519 1.580101728 -0.183443174 3.85377121 1.543957829 0.061538693 -0.043021813 0.001682217 -10.336070061 2.453106642 4.57086277 20.159982681 0.665840864 -2.161961079 -5.597612858 -2.655289173 -0.912028849 -0.415195495 0.001887547 0.021435032 
5.687325954 5.687325954 5.687325954 178.622909546 -22.719640732 173.846130371 -7.86790514 -0.142073587 0.196287841 2.773800373 -0.647906482 0.470786065 1.858051181 -1.560498238 6.226159573 -8.850637436 -0.041338999 0.396960318 0.002903839 0.104650937 -1.056723833 1.1216501 -1.11223197 -17.22277832 12.389489174 -30.931922913 -61.332866669 3.137261629 -9.294663429 -0.726062059 -0.031719033 -0.021516673 -0.015138255 -0.133550897 0.063201196 -0.013147225 -0.065062895 -0.079592347 0.08923272 0.096679308 -0.059088606 -0.003743645 0.012575167 0.095413238 -0.057054017 0.023172125 0.028154433 -0.093769848 -0.013933303 -0.043930594 0.087454572 0.042294376 -0.033068731 0.037703045 -0.027628979 0.072394289 -0.060856979 -0.063078031 0.001877374 -0.001876758 0.084122889 -0.107928857 -0.050074652 0.037014417 -0.078420959 -0.021170488 -0.001924233 0.003160879 -0.025201233 0.008236432 -0.014159243 0.005515562 -0.00441872 0.035767093 0.025455754 -0.128779262 -0.011581485 0.053904541 0.547400415 1.276789546 12.769109726 32.721126556 44.00944519 26.127908707 21.855358124 31.272239685 1.805920124 0.026040128 -0.026939197 -0.118973851 0.062933274 0.001202364 -0.003975875 -0.007794993 -0.05807912 0.051592968 -0.126537189 0.029842658 -0.086219631 0.02714196 -0.045370694 -0.088318691 -0.01292041 0.025531555 -0.01393705 0.039615564 -0.042353403 -0.052601665 0.091143049 -0.023747358 0.015023266 -0.003170306 0.008856125 0.058234148 -0.104678251 0.011290105 0.118803829 0.105003811 0.078397319 0.024523798 0.026487952 -0.100062832 0.050952427 -0.0184815 -0.067252561 0.06813769 -0.049084168 0.059553787 -0.022313122 0.07141304 -0.04908729 -0.046604153 0.016863763 -0.052284565 0.00408855 -6.856715679 -3.23316288 7.925741196 14.199771881 -1.858800173 1.99001646 -3.31728673 3.143941641 1.587357998 0.195751324 0.000655701 -0.031820908 -12.597463608 0.993693173 6.265939236 19.086273193 -0.388886154 -1.84427464 -2.673056364 -1.874238729 -0.267259061 -0.949071765 0.039064392 0.053022817 
5.674061298 5.674061298 5.674061298 179.736816406 -22.180347443 174.015258789 -6.931918144 0.004295157 0.316624403 2.742018461 -0.582267523 1.536777616 2.84556818 -2.269944906 7.520446301 -7.60270834 -0.093928203 0.16240783 0.053338949 0.047408231 -1.069476604 1.367171764 -0.972595692 -17.889554977 12.409281731 -31.025434494 -65.103538513 2.788640976 -8.833312988 -0.766047895 -0.016787194 -0.032876134 0.007350305 -0.132872254 0.048216328 0.01308609 -0.041538622 -0.111010388 0.102286376 0.122944407 -0.060815211 0.028186159 -0.03139222 0.083113618 -0.124505922 0.031389229 0.008126409 -0.056388609 -0.03463839 -0.02657688 0.066938736 0.024561903 0.006496138 0.020084638 0.015229703 0.02358244 -0.081124328 -0.044519857 -0.005993479 0.026061792 0.064274855 -0.12442521 -0.043227959 0.030730939 -0.081916347 -0.039120492 0.022087017 0.003115351 -0.001008643 -0.006770296 -0.066201285 0.015882093 -0.040904704 0.043196253 0.031775434 -0.141796395 -0.021309424 0.007761114 -0.429424405 1.221695542 11.215085983 31.628017426 43.63262558 23.63640976 22.079179764 33.722610474 1.299026847 -0.009876408 -0.012945306 -0.166600809 -0.008376613 0.048125885 0.010560716 0.020974888 -0.061229877 0.034476612 -0.124679558 0.014549983 -0.092759535 0.065881781 -0.035882715 -0.063671514 -0.040284067 0.059057891 -0.002648497 0.065289013 -0.031666368 -0.088086568 0.138251364 -0.072911397 -0.017799191 0.00732647 0.030198712 -0.005833921 -0.106929787 -0.019892804 0.163372979 0.079760797 0.070861623 0.046490747 0.020786578 -0.081866004 0.020149074 -0.016807193 -0.050114021 0.114218175 -0.014828072 0.075009964 -0.071657747 0.075082973 -0.060073256 -0.014401004 0.003350241 -0.049267661 0.012323834 -4.02687788 -3.764381886 7.866108894 16.868928909 -2.984587908 2.457746029 -6.288052559 2.39507246 1.380474925 -0.171510264 0.04212492 -0.067213491 -13.691901207 -1.493105888 5.473453045 15.23086071 -3.209294081 -0.651957929 0.190953478 -1.974670053 0.012667425 -1.335242271 0.039670076 0.061639711 
5.645267487 5.645267487 5.645267487 -178.636703491 -21.980173111 174.517700195 -6.142966747 0.23458311 0.756892204 2.703327179 -0.549870372 2.296693087 4.076701164 -2.329603195 8.211037636 -6.780602455 -0.314589828 0.317180187 0.183293447 0.009981215 -0.786956429 1.651524425 -0.578272283 -18.455963135 12.377075195 -31.485904694 -68.041305542 3.366458654 -7.318071365 -0.802241921 0.052548993 -0.009895952 -0.015231499 -0.152674928 0.025046038 0.0337197 -0.049775559 -0.109330222 0.115399353 0.135653183 -0.04219649 0.062132291 -0.049105778 0.067864209 -0.151496336 0.007397298 0.001072482 -0.015830966 -0.078081705 -0.030138209 0.075810239 0.028039858 0.033349633 0.032275163 0.036804393 -0.024549861 -0.107056655 -0.008507422 -0.000480735 0.063173868 0.0533057 -0.139201537 -0.055483598 -0.007003356 -0.073080465 -0.050603539 0.017548596 -0.02546658 -0.029341249 0.011452896 -0.056929469 0.017276991 -0.065109104 0.017976264 0.016633082 -0.159116238 -0.012743932 -0.0316085 -1.158988476 0.868932188 10.055612564 28.969957352 43.426490784 23.28997612 21.141059875 35.08127594 0.270404696 -0.017668229 0.039947845 -0.195761874 -0.057411589 0.061803576 0.024894949 0.037784573 -0.041702799 0.027061053 -0.118231006 0.017117176 -0.005623058 0.058628872 -0.033287182 -0.054217357 -0.016978158 0.085077152 -0.015778312 0.074475333 -0.022334361 -0.14307566 0.151376173 -0.12481901 -0.018157205 0.038473204 0.030904282 -0.088687822 -0.063076608 -0.030191895 0.147538245 0.091407157 0.060523376 0.044405352 0.008542259 -0.062202774 -0.006297263 -0.044455104 0.002517024 0.102001421 0.022455046 0.046295315 -0.124965101 0.073369943 -0.072338693 0.00238887 -0.007193482 -0.019629041 0.017071731 -1.444339395 -3.483742476 7.546289444 18.967786789 -3.410504341 2.397828579 -7.529899597 0.885614872 0.450880378 -0.459692806 0.128956422 -0.103243664 -12.819348335 -3.081959724 3.330533743 11.203744888 -5.059412956 0.40805158 1.119346857 -2.509653091 -0.083899535 -1.545304656 0.046142075 0.064224422 
5.618173599 5.618173599 5.618173599 -178.292327881 -22.216024399 174.658996582 -6.002696514 0.380348653 1.225156069 2.387948751 -0.576401889 2.845280409 4.137134552 -2.183968067 8.802749634 -6.361992359 -0.393613696 0.353881747 0.309727699 -0.028073853 -0.519532681 1.892203808 -0.454900116 -18.792192459 12.959798813 -31.09208107 -70.492881775 3.814212799 -6.361629963 -0.800370932 0.089566998 0.009816878 -0.031229474 -0.163605422 0.019551396 0.035324611 -0.041674271 -0.084629655 0.09646745 0.145886019 -0.029672794 0.082280919 -0.045467205 0.042219229 -0.159753591 0.010874002 -0.019037785 -0.015646758 -0.10551323 -0.045948766 0.067835614 0.019154845 0.070789859 0.032569349 0.029916702 -0.031191116 -0.113708563 0.023091022 -0.006146821 0.061558101 0.037084635 -0.130890906 -0.076353148 -0.050312094 -0.050504357 -0.042239521 0.008103118 -0.03870273 -0.05263162 0.046323903 -0.050363999 0.015839407 -0.059087034 -5.9223e-05 0.024673494 -0.157142833 -0.00525474 -0.026915353 -1.603628993 0.859183371 9.119785309 26.444789886 42.395980835 24.42064476 19.68872261 37.356006622 -0.827150762 -0.017162643 0.084870413 -0.166018739 -0.100513138 0.063802332 0.026191071 0.051980332 -0.024016652 0.020105297 -0.11739333 0.047504578 0.048618935 0.055808403 -0.027277887 -0.040298872 -0.004540433 0.070840731 -0.034232415 0.078604229 -0.028877294 -0.186844185 0.140262917 -0.162176713 -0.012119196 0.055834398 -0.004372437 -0.138089225 -0.035258856 -0.032322049 0.106473133 0.106397018 0.030660629 0.02540205 0.005639401 -0.073902346 -0.025677966 -0.049938645 0.036677282 0.088695906 0.028909503 0.044895783 -0.151077628 0.072262652 -0.100462347 0.022249032 -0.041686472 0.006090595 0.034768082 0.124527462 -3.181512356 7.23024559 20.540220261 -3.520183802 2.494503975 -7.903450012 0.117281474 0.02034221 -0.565999389 0.152264014 -0.115829848 -12.190896988 -4.26256609 1.576067805 7.175808907 -6.748618603 1.013462782 2.116132021 -3.762336731 -0.683298349 -1.588031173 0.049667504 0.080520131 
5.617722034 5.617722034 5.617722034 -178.120544434 -22.003238678 174.576095581 -5.801725864 0.725422323 1.147037625 1.836103201 -0.706921875 3.31861639 3.48462224 -1.96094346 9.694093704 -6.334228516 -0.430537611 0.522517622 0.452829599 -0.006008899 -0.611593604 2.342622519 -0.729752421 -18.954498291 13.998950005 -30.656867981 -71.979263306 3.958879709 -5.428215981 -0.652496994 0.084712893 0.018833697 -0.065810882 -0.18815279 0.010544522 0.044910531 -0.062269062 -0.088341288 0.099330239 0.150833309 -0.018052017 0.088369533 -0.045688696 0.018166417 -0.183143273 -0.010882285 -0.045168914 0.001271015 -0.118477941 -0.060172334 0.06386856 0.021424958 0.082302317 0.020175859 0.020533849 -0.02950391 -0.111899562 0.065452144 -0.008349918 0.069959842 -0.000317866 -0.107191756 -0.074622512 -0.065625139 -0.019112488 -0.035971332 0.004166478 -0.030328922 -0.051707901 0.041861348 -0.037418481 -0.00692105 -0.061869409 0.003107436 0.003100884 -0.19273001 0.000657428 -0.021541189 -1.875565529 1.446938276 8.240718842 24.393508911 43.05165863 25.635095596 18.742378235 40.274925232 -2.048802614 -0.007723254 0.068787865 -0.133132115 -0.11518719 0.09286458 0.036086727 0.042022858 -0.025603544 0.023354227 -0.141945213 0.058065727 0.089479767 0.047636107 -0.039598502 -0.05222173 -0.017095791 0.081880152 -0.011116124 0.07099279 -0.005631206 -0.22915183 0.121375695 -0.184813038 0.003119985 0.047576837 -0.012708834 -0.132669806 -0.022418514 -0.038575016 0.082278147 0.087200865 0.046600621 0.021569189 -0.006059854 -0.069943845 -0.037334789 -0.074422531 0.066183105 0.109472536 0.038591381 0.038978208 -0.170535401 0.082468756 -0.137662828 0.001790692 -0.034754813 0.022494344 0.03667561 1.774959087 -3.162160397 7.858560562 21.746400833 -3.900701046 2.951583147 -8.530936241 -0.845289946 -0.302101165 -0.461426198 0.189303353 -0.111333683 -11.269132614 -4.382143497 1.533326268 3.695886612 -6.965515137 0.933692515 4.10747385 -5.076467991 -1.277460933 -1.441952229 0.038941815 0.073811151 
5.645907879 5.645907879 5.645907879 -177.441635132 -24.412151337 173.664321899 -5.74741888 0.774831533 0.857362211 1.260442972 -1.302767873 3.683329821 2.288239717 -2.599448442 11.394756317 -6.722267628 -0.229607537 0.346963435 0.612505138 0.064750917 -1.212689281 2.617341042 -0.716383398 -18.626399994 15.335026741 -30.359624863 -74.113693237 2.601169348 -4.62954855 -0.472272307 0.052361928 0.039783143 -0.134822503 -0.24843426 -0.022701835 0.045427792 -0.112937711 -0.149827078 0.092637971 0.157326132 -0.03389734 0.064163066 -0.02669077 0.016323306 -0.205141574 -0.041021317 -0.066776335 0.022693941 -0.064805642 -0.048911128 0.092003167 -0.003529948 0.099613942 -0.002988614 0.004988882 -0.048916619 -0.085500292 0.135249138 0.024099493 0.098672368 -0.084893748 -0.050641309 -0.057140388 -0.053835467 0.023127651 -0.0320541 0.007234817 0.003634836 -0.033756029 0.040432714 0.018528361 -0.046296682 -0.05109809 0.035658278 -0.03272656 -0.233313829 -0.012297078 0.01283112 -1.640960574 1.697778344 6.896998882 24.251192093 45.102359772 23.243015289 18.362564087 45.348972321 -2.822617531 0.031888481 -0.008675722 -0.082445376 -0.115273878 0.127651349 0.039762411 0.011240955 -0.034086224 0.009340891 -0.162129924 0.04728255 0.08858905 0.039175153 -0.026991567 -0.078374885 -0.01627022 0.12739481 0.02512564 0.022137687 0.006245557 -0.289733499 0.117710039 -0.166791245 0.023759311 0.035929158 0.017901314 -0.084538259 -0.041357968 -0.053005442 0.077777229 0.055628952 0.113931268 0.041950863 -0.008772273 -0.01912261 -0.067847207 -0.113233455 0.092843831 0.145851448 -0.001401071 0.039192453 -0.182239294 0.116921671 -0.163905993 -0.067013398 0.01416024 0.040523488 0.050467432 3.902918339 -4.17524147 10.377520561 22.665655136 -4.603989124 3.156814337 -8.44301033 -0.255773008 0.172066271 -0.361721545 0.244412854 -0.108271979 -9.078860283 -3.327943087 3.266088247 0.314114511 -6.279471397 0.578443587 6.443433285 -6.522280693 -1.501125932 -1.781500697 -0.021177646 0.058268618 
5.685854912 5.685854912 5.685854912 -177.800338745 -28.208490372 170.883911133 -5.202812672 0.05742659 0.043196712 1.367643952 -1.981172562 4.267139435 0.786237955 -4.758728027 12.711068153 -5.530338287 0.082141869 -0.11805287 0.65546757 0.125519589 -1.697800159 2.582927227 0.18712455 -17.317735672 14.199029922 -28.940868378 -77.652488708 1.109182835 -3.784231424 -0.427811652 0.034073796 0.047286365 -0.106633179 -0.218121916 -0.000554492 0.035906073 -0.122823209 -0.201829031 0.063411519 0.065763026 -0.064279594 0.026165351 -0.048336748 -0.004211261 -0.17687273 -0.060318407 -0.057107992 0.022230102 0.008484643 -0.055522375 0.067873396 -0.043068554 0.05104759 -0.019316275 -0.025540823 -0.06436298 -0.042846594 0.152745947 0.025961708 0.157730311 -0.11552155 0.003268596 0.111422516 -0.090226837 0.081652008 -0.07723394 -0.040255632 -0.007554736 -0.064483687 0.011212255 0.06199161 -0.06771566 -0.103592105 0.093333393 -0.064919822 -0.272520721 0.008654876 0.005927437 -1.181028366 0.19531922 5.057507038 22.0872612 47.601451874 19.022195816 17.962423325 51.379383087 -4.287836075 0.066797353 0.027536314 -0.078989841 -0.05036388 0.168106571 0.011381642 -0.042892266 -0.125088066 -0.043017376 -0.170480549 0.017574603 0.056619629 0.003516697 -0.123828299 -0.068057276 -0.052656971 0.014604712 0.035411388 0.052250441 -0.015469694 -0.307762086 0.089186147 -0.165694326 0.033495001 -0.031390194 0.047936995 -0.018414713 -0.029703408 -0.073042497 0.07322222 0.007810033 0.203629717 0.036006521 0.019775402 0.005729541 -0.051139951 -0.111495897 0.073500186 0.117271267 -0.022283293 0.050880224 -0.148412913 0.1050492 -0.260595769 -0.141847834 0.093068913 0.08030355 0.01432253 3.27085948 -4.726282597 14.01091671 26.012935638 -5.957463741 2.182777166 -6.312100887 -0.165100455 -0.051955149 -0.036058672 0.244945318 -0.113381371 -5.681847572 -0.491227269 5.35928154 -2.010364056 -2.762294054 -0.009048001 7.341850758 -6.891135693 -1.274523973 -2.011210918 -0.074267484 -0.015758777 
5.725688934 5.725688934 5.725688934 -178.155136108 -28.519245148 169.797088623 -5.114686966 -0.864756167 -0.339771241 1.340293527 -1.932023883 4.823022842 -0.434007287 -6.266609669 12.730045319 -5.006546021 0.430196643 -0.768429399 0.773513377 0.121692918 -2.046551704 2.808737755 1.414894342 -16.231443405 13.099484444 -26.771217346 -80.207923889 -1.22012639 -4.423511505 0.609525681 0.001974871 0.055157352 -0.015206459 -0.059421878 0.005281405 0.00691655 -0.056439787 -0.211239755 0.064907268 -0.065542109 -0.067635357 0.078349389 -0.055580143 0.020052657 -0.121883057 -0.050855383 -0.034556817 -0.07434544 0.06268543 -0.084208339 0.024277346 -0.086070061 0.024957279 -0.022517996 -0.06811554 -0.094587006 -0.00718012 0.184021726 0.060182273 0.154377624 -0.141714722 0.045537755 0.26534 -0.055283718 0.105874851 -0.113243207 -0.055522002 -0.004044638 -0.015936714 0.00856463 0.043477207 -0.081417359 -0.135017812 0.082709789 -0.061654858 -0.218812615 0.02087245 -0.01281707 -0.615281165 -1.58545661 3.761633158 20.32777977 47.304748535 16.919626236 17.818202972 54.821083069 -4.896029949 0.029018439 0.012624968 -0.042729668 -0.02757285 0.16941151 -0.015191918 -0.057889421 -0.177485302 -0.054896932 -0.196644276 0.018390691 -0.031844471 -0.014298082 -0.186056897 -0.072103269 -0.078151867 -0.01200607 -0.006476773 0.099797793 -0.019339606 -0.298895448 0.012746119 -0.152599081 0.006643927 -0.036071777 0.028851904 -0.059426744 0.017902387 -0.096444286 0.07272923 0.025046106 0.232578993 0.090543874 0.054739449 -0.019557532 -0.01565399 -0.101571612 0.042103928 0.045230549 -0.003833964 0.069726363 -0.141013607 0.108913168 -0.304296941 -0.1311028 0.083278164 0.090604648 -0.040410113 1.955986857 -5.235956192 15.739971161 30.268875122 -7.748935699 2.015414476 -5.146007061 0.902220607 0.155486912 0.138019085 0.215189591 -0.112003714 -1.447000623 3.114786386 5.04698658 -3.447009802 1.094931722 0.154369116 7.112009525 -6.7715168 -1.731037378 -2.389387608 -0.07836169 -0.023080578 
5.750999451 5.750999451 5.750999451 -177.349258423 -32.69562912 170.726211548 -3.815624237 -2.083625793 -0.068559997 1.139558196 -1.79516685 5.027595997 -0.246242329 -8.446947098 13.515402794 -5.221265793 0.70234257 -1.154907465 0.999053836 0.123913348 -2.147218227 2.800132751 1.146973372 -16.547714233 12.215479851 -28.865032196 -79.482757568 -1.670390248 -5.211720943 1.06554842 -0.073255979 -0.022107597 0.073193721 0.009227809 -0.0679731 -0.018554566 0.013065876 -0.219268948 0.061838824 -0.117866576 -0.082879715 0.180794567 -0.050603725 0.112986788 -0.116624922 -0.014085011 -0.018474065 -0.190966308 0.085000932 -0.093554787 -0.024485981 -0.045300327 0.056973811 -0.023821866 -0.093079045 -0.084453098 -0.039374523 0.235423207 0.060719296 0.11098396 -0.046599831 -0.061208736 0.308295161 -0.070194371 0.056623563 -0.139479935 -0.063352875 -0.043587148 0.04902681 0.031290211 -0.067929789 -0.038160276 -0.125336528 0.068213619 -0.010509058 -0.165096372 -0.003891827 -0.025183346 -0.102827691 -1.169420123 3.971386671 23.791103363 42.655239105 18.256401062 19.100732803 51.113525391 -4.533060551 -0.067109227 -0.01844177 0.004206772 -0.00327268 0.120269097 -0.029335676 -0.099146128 -0.149243504 -0.090563335 -0.239784598 -0.012311513 -0.121771947 0.014065866 -0.211512074 -0.094874956 -0.08320044 0.020443706 -0.03609854 0.137732953 -0.033244036 -0.258069605 0.004961818 -0.158531085 -0.033875663 -0.06149945 -0.007997262 -0.090339854 0.043056965 -0.099405296 0.120520853 0.022070829 0.186186403 0.114922553 0.090356164 -0.098070316 0.013089189 -0.033210028 0.028824683 0.013109148 0.031415645 0.092461802 -0.150540695 0.085800774 -0.307472944 -0.115643054 0.03558585 0.100475065 -0.102597564 0.479135752 -5.515769958 17.173820496 37.393814087 -8.501741409 2.490900517 -6.857433796 4.925645828 2.251739264 0.136581466 0.200637251 -0.145590857 1.193551421 2.667748213 3.845759869 -3.454056263 0.782558024 0.884734392 5.593207836 -7.662221432 -2.777337074 -2.737994194 0.00345662 0.040818997 
5.74856472 5.74856472 5.74856472 -174.265258789 -33.383323669 174.237197876 -3.234564304 -3.001208782 1.652190685 1.168826938 -0.647459805 6.581184864 3.097134352 -9.657136917 17.942522049 -5.399482727 0.7032215 -0.602282703 0.877129555 0.194826499 -1.466971278 2.189048767 -0.407657832 -17.696022034 11.197088242 -32.872135162 -80.063148499 -2.189169168 -7.324120522 0.867915869 -0.113097407 -0.173366472 -0.035528965 -0.132135898 -0.056095652 0.085464031 0.074914724 -0.175135642 0.144320697 -0.135238037 -0.05428711 0.322699308 -0.067408592 0.248478949 -0.128114492 0.02768172 -0.028529417 -0.206415072 0.085439339 -0.108597502 -0.05304553 0.101726793 0.04741377 0.03883576 -0.046300892 -0.089535899 -0.071685523 0.389023185 0.048538867 0.07475955 0.125978157 -0.216824085 0.252353519 -0.085060574 -0.036263596 -0.118193023 0.023812965 -0.076743804 0.079980597 -0.00226795 -0.235846534 0.052434571 -0.0965859 0.042226072 0.040172715 -0.142891169 0.048449803 -0.01927237 1.116720438 0.85797745 6.979125977 30.392648697 35.086883545 17.710454941 22.766836166 43.564556122 -4.473006248 -0.188633144 -0.128503844 0.085806958 0.056742392 0.06246943 -0.019056262 -0.261582285 -0.081800178 -0.114450537 -0.380431712 -0.113364734 -0.227642521 -0.044249084 -0.177113548 -0.117308512 -0.000868217 0.17453517 -0.079110473 0.1896846 -0.062213659 -0.129674077 0.044581365 -0.195766613 -0.015442513 -0.138520241 -0.050732777 -0.076959394 0.054823108 -0.073936179 0.072007954 -0.001345381 0.175741762 -0.028628584 0.173872784 -0.158420503 0.113781348 0.022992719 -0.008419183 0.006036018 0.02187733 0.029476838 -0.071191512 0.055641044 -0.243939549 -0.039254945 0.004466721 0.081160285 -0.150800243 0.009455779 -6.605708122 17.531419754 44.504219055 -7.600323677 3.494565964 -8.712338448 12.172003746 6.410059452 0.370528579 0.16010882 -0.169409856 2.092344046 1.553668022 4.550824165 -2.308045864 -1.990427494 1.938033342 4.509479046 -11.729509354 -5.153576851 -2.696384907 0.153718218 0.172965273 
5.733183384 5.733183384 5.733183384 -175.687683105 -17.968114853 178.497268677 -1.566200852 -3.107126713 2.826797009 2.77738142 1.636024714 7.653800964 8.306962967 -4.146981716 19.376480103 -4.361925125 0.940175533 -2.607632875 0.687461495 0.219113395 -0.810674667 1.403639317 -2.735045433 -17.255548477 10.380230904 -38.592964172 -79.571746826 -3.105145216 -13.319990158 -0.358424962 -0.021861063 -0.224912584 -0.211995408 -0.254453629 0.02611769 0.147504374 0.135995954 -0.187591538 0.232517138 -0.130058989 0.021084743 0.296635747 -0.207473174 0.191293463 -0.147635594 -0.08656586 -0.045719188 -0.132203847 0.146065414 -0.21326755 -0.036383323 0.08751516 -0.009629413 0.083859682 0.000122781 -0.160347581 -0.049801365 0.370112449 0.164063916 0.063664965 0.187844351 -0.258676946 0.311359882 -0.058077466 -0.11328312 -0.128956929 0.101116158 -0.033450596 0.106779777 -0.037871525 -0.272027731 0.113417625 -0.055808593 -0.077603221 0.055506907 -0.105673239 0.146055415 0.066235967 1.013832808 1.890341997 8.883055687 29.377180099 33.256958008 19.943876266 27.094072342 30.551856995 -2.64964819 -0.262937963 -0.176607385 0.220019102 0.21036236 0.013924024 -0.022241283 -0.17362006 -0.089237213 -0.076942839 -0.337543875 -0.04061874 -0.150315836 -0.025146473 -0.027447505 -0.167754903 0.085728757 0.184688866 -0.184861407 0.181684271 -0.07164786 -0.027282208 0.199460059 -0.189401954 0.002924873 -0.060578849 -0.085311025 -0.14044787 -0.066481084 -0.104533955 -0.060438275 0.076232068 0.1821042 -0.160204723 0.187610894 -0.083604634 0.096290864 0.093049705 -0.002912945 -0.049666546 0.145041242 -0.019269817 0.022473002 0.113861792 -0.194595307 0.068305232 -0.03904606 0.153471559 -0.179762036 -3.804947376 -7.037715912 14.470322609 52.848121643 -7.566699505 3.61243248 -10.529615402 11.957058907 6.722855091 -0.130469441 0.096591495 -0.153864667 2.289506435 2.211086988 5.26357317 -1.26021862 -2.649815798 0.417379439 2.772813082 -13.319813728 -6.649267197 -2.329912663 0.171704844 0.33538717 
5.722082615 5.722082615 5.722082615 179.79737854 -5.348586082 -179.113098145 0.951281965 -3.340532541 3.298507929 3.720731974 1.859046459 7.784688473 8.250517845 -2.282492638 18.26855278 -3.328819513 1.194838643 -3.750544786 0.533876479 0.181665659 -0.471792758 1.424378991 -3.601953745 -15.974830627 12.628884315 -44.666229248 -78.311965942 0.296216726 -17.988908768 -0.91321981 0.062615745 -0.251237929 -0.239480495 -0.274009019 0.011219087 0.191215396 0.117583044 -0.219285682 0.315561056 -0.148755863 0.017366711 0.256977051 -0.206476703 0.227139145 -0.139981866 -0.170244873 -0.055201311 -0.127514571 0.215380028 -0.261303931 0.00715223 0.026270397 -0.028072352 0.081414752 0.000510835 -0.188151419 -0.010234677 0.310337842 0.181715533 0.098099262 0.225026965 -0.226211756 0.288095921 -0.104781464 -0.144061923 -0.167465925 0.110416301 0.053316161 0.108692415 -0.045711953 -0.243213519 0.072678708 -0.070840992 -0.137528434 0.002590031 -0.064874165 0.151526347 0.157746986 0.952687085 2.070786476 10.084867477 27.126169205 32.723861694 26.122636795 26.300909042 22.080223083 -2.976451874 -0.321058691 -0.191226006 0.251588136 0.255197734 -0.029352302 -0.034299124 -0.057265099 -0.137046978 -0.031383026 -0.327403665 0.02829613 -0.119945861 -0.00591523 0.080901504 -0.214999825 0.096626386 0.142369598 -0.22597225 0.072454683 -0.054697756 -0.004175625 0.274152368 -0.176369026 -0.028293658 0.001651185 -0.082414009 -0.185894266 -0.106316805 -0.140160471 -0.137664542 0.110707864 0.165677547 -0.166912183 0.18259415 0.003854686 0.028455863 0.112911634 0.050928354 -0.117279604 0.248967871 -0.006740164 0.060828052 0.214088872 -0.077222332 0.077600084 -0.04818482 0.16387637 -0.17671147 -9.279006958 -6.2807827 12.309968948 56.673828125 -6.715995789 3.787838221 -10.338890076 10.71819973 6.097559452 -0.00534177 0.064528011 -0.184201002 2.402928352 3.468076229 5.436065674 -2.01085639 -1.743156195 -0.902314842 2.126213551 -13.936861038 -7.55010128 -2.050896645 0.234757423 0.418019146 
5.719018936 5.719018936 5.719018936 177.074417114 0.777729988 -179.175765991 1.993662477 -3.1970644 3.66398716 4.262439251 2.231968403 7.912117481 8.933101654 -0.214660555 17.398319244 -2.650503397 1.455426335 -4.149213791 0.332072794 0.192232162 -0.61173588 1.246380925 -3.403854847 -15.028609276 14.713053703 -50.989597321 -75.268440247 2.91628623 -22.051618576 -1.157515526 0.052228257 -0.21637091 -0.120603696 -0.198863328 0.028979162 0.198833853 0.096341863 -0.229890749 0.293840468 -0.175058246 -0.004189919 0.212609962 -0.163265541 0.227160975 -0.118140101 -0.152699947 -0.050419848 -0.109941989 0.251920938 -0.221687779 -0.010076121 0.058086105 -0.03908997 0.07567516 0.027308742 -0.156513229 -0.020947292 0.273930073 0.199155614 0.080466151 0.262763292 -0.220899463 0.293593794 -0.092021048 -0.158133209 -0.134701177 0.126844093 0.058539845 0.121114947 -0.087655559 -0.155823514 0.101817563 -0.050800137 -0.14592804 0.047032233 -0.064830646 0.119290881 0.211407676 0.437601596 1.635447264 10.585728645 24.739063263 31.142957687 29.186252594 26.264980316 18.374523163 -2.514957428 -0.332547963 -0.199831814 0.276817828 0.299689025 -0.09980724 -0.060395796 -0.002763021 -0.112995103 -0.054699279 -0.280368388 0.049400054 -0.078600243 0.05057757 0.127856344 -0.147131324 0.092222624 0.113101661 -0.175991505 0.029922919 -0.065923929 0.049597982 0.284107476 -0.084291674 -0.040417496 -0.010474646 -0.038424987 -0.158059523 -0.089098543 -0.138460442 -0.136701107 0.099452011 0.10838753 -0.160799518 0.21900849 0.005297228 0.012698433 0.158421457 0.064825468 -0.141075492 0.249186173 -0.030259166 0.076283522 0.206820562 0.011679834 0.118333071 -0.054883204 0.17920962 -0.181681424 -11.346066475 -8.095101357 10.709913254 58.047080994 -9.781435966 4.315299034 -11.127099037 9.339947701 5.471652031 0.119739957 0.041798465 -0.175240532 1.957741618 2.982490778 5.043302059 -2.482238054 -2.506795645 -1.157510042 3.067579508 -13.384594917 -7.481620312 -2.35908699 0.190896541 0.420384556 
5.728538036 5.728538036 5.728538036 175.194152832 5.454800129 -179.089889526 2.294939041 -3.063475847 3.811343431 4.594601154 2.779421329 8.181538582 9.982028008 1.311315298 17.804916382 -2.242494822 1.673550963 -4.601285934 0.114111267 0.202147752 -0.804897606 0.923041463 -3.024726629 -14.308643341 14.784262657 -55.478473663 -73.842018127 4.167983055 -25.465091705 -0.803848267 0.026182422 -0.198557943 -0.0542842 -0.148235559 0.056511238 0.201458812 0.052273337 -0.22195296 0.268024117 -0.225817233 -0.010977921 0.178662777 -0.113834694 0.220329553 -0.09190286 -0.10056594 -0.049218338 -0.09446872 0.253435582 -0.207152888 -0.053264435 0.11448659 -0.085303575 0.05587199 0.052088141 -0.12880899 -0.029516539 0.27036038 0.224482551 0.020160751 0.26613611 -0.209680066 0.307484865 -0.05363537 -0.149527937 -0.051052362 0.133956373 0.065452784 0.139696464 -0.120695382 -0.078632258 0.166363806 -0.008738681 -0.137467638 0.119022891 -0.062899701 0.100632645 0.242130771 0.257516056 1.631025076 10.743554115 22.825614929 29.997993469 30.748193741 26.85871315 15.430624962 -1.87043643 -0.311740398 -0.201842532 0.309532017 0.34963724 -0.15891777 -0.114052624 0.009370314 -0.081761822 -0.056328457 -0.240246251 0.073168114 0.001234468 0.1000477 0.140748754 -0.051332939 0.100410417 0.099451698 -0.121582195 -0.034322899 -0.084373504 0.086647674 0.239459261 0.032686256 -0.066176616 -0.035216879 -0.015874771 -0.09407191 -0.105397917 -0.140320525 -0.148904443 0.061786786 0.031662263 -0.145451114 0.24603723 -0.032237798 0.02498522 0.160997584 0.027763745 -0.162141472 0.245342165 -0.073379062 0.090315908 0.167446896 0.069435813 0.165526882 -0.033478357 0.163245246 -0.217942476 -11.52915287 -9.567504883 10.017381668 57.577880859 -12.811853409 5.099822044 -12.745742798 7.76625061 4.753444672 0.409665912 0.008848813 -0.154110968 1.057741404 2.196065187 4.817436695 -2.382975101 -3.398624182 -0.818271816 4.718086243 -12.650521278 -7.327473164 -2.580951929 0.156232044 0.41257593 
5.747271538 5.747271538 5.747271538 173.661300659 11.283467293 -178.86769104 2.324794531 -3.276255369 3.650876522 5.135717392 3.216021538 8.246365547 10.920793533 2.016599417 18.722990036 -2.345218897 1.825554252 -5.209965706 -0.012552069 0.181874871 -0.690901816 0.474146575 -2.891746283 -13.854891777 13.694317818 -58.436695099 -73.035369873 4.483737469 -26.564279556 -0.710238397 0.000441956 -0.189935118 -0.048343666 -0.10630247 0.037345752 0.197978124 -0.01358525 -0.204599872 0.248061448 -0.293874145 0.02538418 0.139766306 -0.045538183 0.218482956 -0.073119476 -0.049598362 -0.08302699 -0.118761703 0.193662152 -0.223751098 -0.097456612 0.197804272 -0.111620776 0.008989005 0.086265445 -0.100771859 -0.070424154 0.28510052 0.249286756 -0.049734347 0.256153196 -0.147299945 0.305156559 0.002396397 -0.15634568 0.018645642 0.171817049 0.032399841 0.138238847 -0.128874287 -0.042382535 0.250623018 0.043364029 -0.149478495 0.199270055 -0.062856749 0.060353179 0.301030964 0.10525322 1.841516614 10.530573845 20.534223557 29.090312958 33.057029724 27.238248825 13.722374916 -1.439788938 -0.255059659 -0.166063771 0.315378338 0.362708122 -0.196533516 -0.135622635 0.008748845 -0.037254717 -0.013162893 -0.175581947 0.050416198 0.063261628 0.173447803 0.148107827 0.036150966 0.128101707 0.060921952 -0.115274973 -0.106042549 -0.090529531 0.091507778 0.171680868 0.148780525 -0.122808054 -0.0490686 0.010967728 -0.064567417 -0.144205779 -0.162922829 -0.188593164 -0.001145531 -0.069358416 -0.117853984 0.231921315 -0.065541163 0.054216079 0.155944273 -0.031560663 -0.149580643 0.245741621 -0.102983832 0.104881562 0.097122014 0.12891461 0.174648106 0.005235968 0.086421974 -0.241118908 -11.088297844 -10.776333809 9.951247215 56.904972076 -15.30700016 5.811215878 -14.892266273 5.634148598 3.919185638 0.844073534 -0.004244578 -0.107520916 0.714665055 1.415959477 4.936586857 -2.618358612 -4.082334042 -0.844838858 5.922661781 -12.496563911 -7.368589878 -2.627887249 0.139159873 0.433067262 
5.762746334 5.762746334 5.762746334 172.06288147 18.821989059 -178.245925903 2.035845757 -3.452163935 3.340673208 5.461353779 3.360145092 8.095451355 10.998999596 2.381188154 19.217348099 -2.324367285 1.786639571 -5.20343399 -0.055864114 0.132191986 -0.459097952 0.11461132 -2.921468735 -13.78345871 13.325616837 -59.974861145 -71.475250244 5.610521793 -27.044506073 -0.554121435 0.012966427 -0.16495274 -0.080621883 -0.05789993 -0.009511871 0.198303163 -0.062092789 -0.197054476 0.208965302 -0.317257047 0.03464869 0.11846859 0.019444926 0.220107883 -0.067875795 -0.019898573 -0.110587411 -0.180551559 0.141152054 -0.239216357 -0.113130629 0.257993519 -0.143471435 -0.039614342 0.119450472 -0.094728485 -0.111743569 0.292832762 0.299715638 -0.093448333 0.243666232 -0.103056893 0.285343438 0.034540046 -0.151803479 0.069022186 0.194056675 0.009931621 0.131596014 -0.109929502 0.039896015 0.320114017 0.105981261 -0.145629883 0.257187337 -0.104739688 0.002130564 0.327901214 0.065796703 2.068267584 10.145757675 19.230419159 28.981889725 35.771556854 27.111587524 12.219177246 -1.410971165 -0.176916823 -0.135824606 0.32053414 0.38642478 -0.205700397 -0.159786016 0.026319971 0.005211724 0.019686705 -0.109858021 0.053470932 0.132395312 0.227010012 0.174323514 0.077521197 0.160531133 0.052747894 -0.106272466 -0.202150211 -0.117280193 0.105505325 0.08280915 0.25113529 -0.153193161 -0.054710668 0.027561195 -0.070326373 -0.191345483 -0.128470913 -0.223492846 -0.082235061 -0.15185985 -0.070424676 0.194964856 -0.06467668 0.037602648 0.147003695 -0.091631688 -0.131830454 0.198413789 -0.16156815 0.105686016 0.012296802 0.173980936 0.155418172 0.04065473 0.007081029 -0.24997519 -11.126294136 -11.019932747 10.209179878 55.913482666 -15.968374252 6.042423248 -16.287242889 3.701837063 3.324787378 1.424424052 0.011559487 -0.086119622 0.691293299 0.760041237 5.456800938 -3.004998207 -4.382427216 -1.060831547 6.94336319 -12.46948719 -7.111988544 -2.533615589 0.108444721 0.426428825 
5.773442268 5.773442268 5.773442268 169.578155518 27.055843353 -176.986206055 1.305581093 -3.56733942 2.801476717 5.410432339 3.520738602 7.752147675 10.152374268 2.385602951 18.792848587 -3.019037724 1.681991339 -4.797734737 -0.273961186 0.128187537 -0.300534368 0.008056229 -2.922756672 -13.420440674 12.269680023 -59.319824219 -70.890983582 4.954443932 -26.242015839 -0.307834268 0.008522702 -0.150046363 -0.134462878 -0.012910288 -0.056853734 0.190376312 -0.071742535 -0.169427365 0.096957788 -0.289511144 0.011582893 0.109851681 0.08209753 0.194833726 -0.047438581 0.026100729 -0.110028267 -0.243874148 0.091928922 -0.209954381 -0.125363454 0.304223508 -0.178797171 -0.066313118 0.101394668 -0.152690902 -0.153727278 0.280443668 0.318584681 -0.13442494 0.194672674 -0.092038102 0.233221322 0.054488339 -0.13767013 0.126576543 0.173521757 -0.040035084 0.140239507 -0.040186118 0.126194865 0.378967315 0.200734735 -0.100845441 0.279516071 -0.135300234 -0.016292028 0.321989238 0.187971279 2.407214642 9.961773872 19.275539398 30.569467545 38.075077057 26.593271255 10.935088158 -1.562420011 -0.096215904 -0.138126493 0.346140653 0.390796304 -0.193736255 -0.199019834 0.049611695 0.033361726 0.015327467 -0.042409401 0.090822116 0.167511538 0.206234545 0.184549257 0.118145756 0.178761318 0.079564817 -0.116843916 -0.277046353 -0.150578916 0.116150193 -0.034511082 0.297393858 -0.16616796 -0.029179448 0.000403297 -0.040481724 -0.214957267 -0.072289325 -0.235700712 -0.147718117 -0.204177797 -0.03314605 0.151370004 -0.007536594 0.048573919 0.155019492 -0.107483014 -0.087501518 0.125652894 -0.19519642 0.101536043 -0.062034879 0.12848033 0.129710004 0.038128696 -0.006200448 -0.229167074 -12.348929405 -9.963908195 10.355350494 54.684326172 -14.872682571 6.085422039 -16.529209137 1.952854156 2.841817379 1.737320065 0.006208056 -0.093812913 0.573061466 0.358762383 6.089687824 -3.6357584 -3.623306513 -1.521392107 7.64017868 -12.213720322 -6.687613964 -1.826099753 0.095423117 0.422168374 
5.780461311 5.780461311 5.780461311 168.429489136 32.777118683 -176.473068237 0.430920064 -3.779108763 2.549303532 5.411883354 3.269993067 7.598941326 9.034638405 1.914976358 17.820913315 -4.351211548 1.626131654 -4.833792686 -0.454479396 0.154406011 -0.21825859 0.031547263 -2.952078342 -13.102057457 13.26633358 -57.90675354 -67.686988831 5.358274937 -26.311544418 0.013225129 0.004690319 -0.109772414 -0.139561251 0.024025522 -0.051622901 0.184628889 -0.05717764 -0.175337031 0.011254555 -0.23847267 -0.033005234 0.080015205 0.11940378 0.171170339 -0.067014977 0.03263326 -0.091663286 -0.27034688 0.013182741 -0.19635509 -0.102911361 0.323427618 -0.204599157 -0.091250114 0.094441511 -0.172636122 -0.205342904 0.208278298 0.312449068 -0.164904848 0.158015117 -0.109589681 0.192225575 0.086615041 -0.140439361 0.139789104 0.129408866 -0.103305213 0.134324789 0.002236866 0.174545005 0.403042465 0.276555151 -0.09987887 0.304712325 -0.139292493 0.008675845 0.252233058 0.290919065 2.206498146 9.933698654 20.257778168 32.504417419 40.122554779 24.658132553 11.310442924 -2.024892092 -0.03521046 -0.114008561 0.319622546 0.378317207 -0.125520155 -0.202195987 0.032038976 0.005031085 0.048984453 0.016933762 0.10835728 0.163361192 0.215944052 0.191805616 0.10776601 0.178838462 0.082998879 -0.120233245 -0.328175962 -0.135218278 0.132402584 -0.080907658 0.294982851 -0.174464792 0.02957141 0.021378363 -0.007815425 -0.231614709 -0.018660955 -0.210517973 -0.170672774 -0.193456754 0.024609569 0.096431419 0.052367587 0.0525438 0.139871463 -0.100614965 -0.055214569 0.109901838 -0.22479929 0.085985608 -0.118467271 0.061374545 0.11270275 0.027091866 0.011895109 -0.196565375 -13.996045113 -8.480408669 9.872302055 53.794914246 -13.540472984 6.258617878 -15.498594284 0.897719741 2.629618406 1.979893804 -0.02156705 -0.110050753 1.695589066 0.280513912 6.630290985 -4.997876644 -3.03170681 -1.715579271 8.306647301 -12.425961494 -6.626197815 -1.004668593 0.117559031 0.447692603 
5.789230824 5.789230824 5.789230824 167.574356079 37.254722595 -175.886276245 0.267478108 -4.165453434 2.374521017 5.695798397 2.753767014 7.260782242 8.149435997 1.328055143 16.105852127 -5.025636673 1.444486499 -4.911277294 -0.50116843 0.173059568 -0.187603652 -0.01378347 -2.941224813 -12.545428276 15.154368401 -56.822349548 -62.815536499 6.484481335 -27.153036118 0.497251123 0.054528959 -0.069119968 -0.134527817 0.063927948 -0.053617217 0.212152436 -0.008757517 -0.180196539 -0.038393963 -0.191346526 -0.064471841 0.057360731 0.144163772 0.152826399 -0.109491087 0.007185206 -0.080291614 -0.265142888 -0.048023157 -0.19276087 -0.061338414 0.323103696 -0.211963311 -0.118408389 0.085175313 -0.166170359 -0.226899713 0.146829903 0.31943506 -0.149529174 0.137482882 -0.125834122 0.201857254 0.082330152 -0.127713874 0.103266232 0.08113791 -0.155348077 0.101980954 0.036546193 0.185362339 0.419308692 0.2854321 -0.134759754 0.293260515 -0.12642546 0.05823791 0.187606722 0.156780154 1.774690747 9.649799347 19.834701538 33.420566559 43.087978363 21.540412903 11.842553139 -2.594435692 0.017335238 -0.068889298 0.251042515 0.344825715 -0.030043814 -0.201436847 0.034679022 -0.040980402 0.072653182 0.048413288 0.073110074 0.144906327 0.246246949 0.209447503 0.075801186 0.195616558 0.070694424 -0.145008698 -0.372091591 -0.108039364 0.133161455 -0.070655026 0.255546868 -0.165429205 0.096700117 0.072072484 -0.0440352 -0.19935514 0.032777309 -0.186162725 -0.158766314 -0.153941914 0.07153967 0.056960195 0.137562603 0.036388706 0.129538834 -0.085564509 -0.034213282 0.099065892 -0.262396008 0.074670114 -0.184737384 0.041391294 0.075473726 0.030300023 0.046880413 -0.167247236 -15.747982979 -7.132922173 9.363536835 52.264377594 -12.572374344 6.013445377 -14.192835808 -0.23019059 2.064636707 2.062407255 -0.050931133 -0.150327206 2.962076664 -0.22081539 6.53603363 -6.836133003 -2.959924698 -1.251704574 9.225516319 -12.293823242 -6.707270145 -0.404969096 0.145434603 0.473786116 
5.802816868 5.802816868 5.802816868 166.637588501 41.259685516 -174.974319458 0.600846469 -4.406586647 2.189909697 5.603836536 2.135561466 7.082439899 7.230991364 0.493226737 14.454851151 -5.211123466 1.083845139 -4.593280792 -0.559906065 0.161420181 -0.122103013 0.148811683 -3.180269003 -12.111998558 17.615041733 -55.879825592 -58.100547791 7.273193836 -27.968601227 0.669684112 0.15096277 -0.035977997 -0.163425699 0.09490215 -0.037910465 0.234810784 0.004515402 -0.122334614 -0.05499018 -0.190118 -0.038583092 0.073332541 0.182957157 0.1530139 -0.121936984 -0.025948705 -0.081122041 -0.236137226 -0.086460799 -0.230114728 -0.080797173 0.350259274 -0.212013662 -0.115802832 0.050369762 -0.129900292 -0.222822905 0.123111814 0.337932587 -0.140788868 0.119866885 -0.163748443 0.225339368 0.030766975 -0.113448828 0.062824614 0.029503053 -0.190985039 0.05272707 0.026510971 0.144753903 0.436596125 0.250258207 -0.198729932 0.284609556 -0.089161195 0.111055218 0.172045052 0.196342468 2.006139278 9.600744247 18.775447845 32.481140137 46.189647675 17.39874649 13.61964798 -3.150277853 0.061339136 0.010220055 0.190792143 0.302337795 0.061199024 -0.20639953 0.075716943 -0.09681797 0.083904549 0.060335483 0.010326676 0.115621828 0.28703618 0.213285848 0.046874456 0.194764853 0.043413501 -0.153404817 -0.375911325 -0.141804367 0.1307192 -0.023180898 0.241575837 -0.161361188 0.175555974 0.095767654 -0.083138376 -0.136271879 0.069274321 -0.189887583 -0.102584921 -0.134108961 0.100927278 0.04163992 0.155134603 0.016636357 0.132000059 -0.119400002 -0.002652257 0.068243012 -0.269848168 0.062186912 -0.239352956 0.07400056 0.038548697 0.043701451 0.090204239 -0.182243869 -16.900884628 -7.238187313 8.462859154 48.623550415 -13.235711098 6.235900879 -12.526377678 -1.160062551 1.301233768 1.897372603 -0.094477221 -0.1611166 3.535443068 -1.117488146 6.51620388 -7.736598969 -3.671490431 -1.007262945 9.702735901 -12.0066185 -6.732881546 -0.128391147 0.163363397 0.488177359 
5.819016457 5.819016457 5.819016457 164.920318604 45.740760803 -173.675506592 0.265637487 -3.994763374 1.595519423 4.572038651 1.549762845 6.886461735 6.15920496 -0.544508815 13.137125969 -4.946698189 0.762232423 -4.164272308 -0.690322757 0.124530144 -0.322440803 0.316905648 -4.10154295 -11.788107872 19.854061127 -53.873794556 -54.466106415 8.285052299 -30.353473663 -0.042531651 0.172064692 -0.039564677 -0.143503472 0.103400655 -0.024858743 0.218907326 -0.024944376 -0.074678816 -0.029689549 -0.209917083 -0.01588442 0.111602016 0.246926144 0.153549463 -0.148976654 -0.06104669 -0.10095787 -0.201039076 -0.070658207 -0.237106234 -0.108459964 0.358627349 -0.18660742 -0.076225825 -0.018714648 -0.083792418 -0.206392333 0.130799159 0.321629167 -0.110308051 0.094442382 -0.164102301 0.251076341 0.005773784 -0.108910501 0.010285558 -0.004049819 -0.21197693 0.036713656 -0.016629247 0.106933244 0.418787003 0.17472671 -0.188258246 0.276547134 -0.068006389 0.10365507 0.149076268 0.850577474 2.500646114 9.89807415 16.906673431 29.975013733 50.170722961 12.065937042 15.720749855 -2.891910553 0.093976825 0.079322055 0.123236187 0.243850157 0.095717654 -0.200529307 0.118277825 -0.098763414 0.077875979 0.062051255 -0.075631902 0.089198381 0.29402408 0.154741824 0.027129538 0.159592614 0.030637205 -0.139192298 -0.348510295 -0.154386029 0.107494369 -0.020762715 0.254989058 -0.139209494 0.215343878 0.118533157 -0.110453032 -0.081204884 0.071956359 -0.164537594 -0.089873105 -0.136161491 0.152894393 0.041804433 0.094221294 -0.00440404 0.130770206 -0.128892854 0.040957063 0.06398505 -0.201830938 0.035100475 -0.239705175 0.077064857 0.010622455 0.079429887 0.097430766 -0.231060416 -17.449110031 -7.244000435 7.511406898 41.289619446 -13.557157516 6.037464619 -9.781667709 -1.475529671 1.086045027 1.913550735 -0.100011513 -0.157871619 1.969881058 -2.659050703 7.324708462 -6.771073818 -4.535841942 -1.07343936 10.036999702 -11.665225983 -6.841760635 -0.147867709 0.126953259 0.449686527 
5.834580421 5.834580421 5.834580421 163.342590332 50.664031982 -171.955978394 -0.077877641 -3.322423935 0.435805947 4.04599905 0.700912893 6.533949852 5.941895962 -0.790181816 11.54202652 -4.069092274 0.552134991 -3.794852734 -0.930117428 0.096286528 -0.159474358 0.651592433 -4.809895515 -11.310442924 21.52139473 -50.701351166 -52.441127777 8.672527313 -34.852432251 -0.898512483 0.147102773 -0.085949153 -0.094831578 0.097428955 -0.046355218 0.18148452 -0.080058619 -0.040894803 0.012114415 -0.240112394 0.02565722 0.124423333 0.257175952 0.154045016 -0.128371239 -0.06627325 -0.089216344 -0.121160768 -0.029053887 -0.208708733 -0.126719773 0.356644213 -0.147713453 -0.047954448 -0.072539374 -0.028042318 -0.139132008 0.100695975 0.263774633 -0.058613215 0.083570547 -0.156275764 0.271795422 -0.011458021 -0.089999959 -0.007844975 -0.013832841 -0.186958909 0.006307744 -0.083645016 0.076317102 0.329245865 0.05201225 -0.141198039 0.183676079 -0.020789571 0.102049559 0.129690006 1.391126633 2.534227371 10.227782249 15.831641197 28.37033844 52.500160217 7.60136795 17.277509689 -2.335707664 0.10359408 0.114138663 -0.005689464 0.22054103 0.115779191 -0.141667426 0.135907695 -0.089891367 0.070902079 0.042391323 -0.190912202 0.057848383 0.298895061 0.073843688 0.010982842 0.114444673 -0.01398375 -0.1263569 -0.301024795 -0.129497573 0.064775817 0.003879196 0.215948522 -0.124193095 0.25915727 0.118358359 -0.110842176 -0.003236697 0.042119291 -0.102342874 -0.118600689 -0.117023222 0.126119316 0.024284475 0.042326141 0.023669116 0.101471968 -0.111772075 0.056518227 0.079492435 -0.121440858 0.043044511 -0.249965563 0.091535486 -0.039782688 0.091040723 0.085595757 -0.265534788 -16.907978058 -6.450368404 6.513498783 31.945655823 -12.212772369 5.095689774 -6.809625149 -1.244335294 1.206115961 2.100195169 -0.082882211 -0.119490303 -0.444319695 -4.435065269 7.817447662 -4.924545765 -4.862199783 -1.443960905 10.935023308 -10.478640556 -6.614817619 -0.193585575 0.072245032 0.331427604 
5.845887184 5.845887184 5.845887184 159.90447998 57.786468506 -167.801528931 -0.414760172 -2.642059803 -1.040287852 3.906343937 0.143467471 6.183335304 6.49659586 -0.513395667 9.669645309 -3.804932833 0.554026365 -3.942095041 -0.987368107 0.064163186 0.352729797 0.757109225 -5.09237957 -11.29901123 22.106245041 -45.922588348 -53.874881744 8.111619949 -38.728084564 -1.074014902 0.123794526 -0.07774926 -0.064493679 0.110716499 -0.058436371 0.157461494 -0.138523102 -0.036025714 0.061050106 -0.300367028 0.04212429 0.117992826 0.217165351 0.186083615 -0.138476029 -0.062516272 -0.092473939 -0.042124547 0.004580542 -0.214315459 -0.116401553 0.317339033 -0.114410363 -0.049762338 -0.072995141 0.030818451 -0.069092683 0.068285033 0.212816715 -0.046819806 0.090727702 -0.126953989 0.287001044 -0.038185004 -0.069278747 -0.04456836 -0.041903719 -0.125126868 0.001556258 -0.175995156 0.04492918 0.236100107 -0.031211754 -0.134966463 0.0876863 0.061465114 0.11864803 0.115067437 2.018509865 2.404628992 9.939518929 15.953008652 28.190580368 53.299739838 4.773606777 18.376003265 -1.341056943 0.099630013 0.118229255 -0.075345732 0.17258355 0.096763588 -0.054973375 0.143567622 -0.106903039 0.124517128 0.061164446 -0.23571384 0.000225515 0.262446702 -0.009984361 -0.056299217 0.064229503 -0.05892092 -0.133870617 -0.246463835 -0.093914926 0.022213252 0.011067502 0.169287488 -0.104488835 0.289025515 0.111199059 -0.11404971 0.070403792 0.004351866 -0.063159361 -0.176926494 -0.120942801 0.058936384 0.038571429 0.056347609 0.035131369 0.066940472 -0.091507398 0.017887365 0.099504687 -0.107243098 0.058345564 -0.253192008 0.12008328 -0.07075955 0.066483192 0.059376843 -0.283255965 -15.991677284 -4.864265919 6.329838276 24.303329468 -9.114063263 3.945352077 -4.280673027 -0.24379088 1.787284851 2.433469296 -0.059045251 -0.102915376 -2.269586086 -6.560935497 7.80208683 -3.115619659 -4.811095715 -1.412166476 11.308290482 -9.099025726 -6.349861622 -0.152193189 0.046570223 0.209385172 
5.844463348 5.844463348 5.844463348 153.593338013 65.913375854 -160.119934082 -0.268798202 -1.45170939 -1.569482803 3.410908461 0.279261649 5.639570236 6.088974953 1.018471599 7.885963917 -3.016644239 0.553793907 -3.599405527 -0.630401969 0.063197456 0.623888612 0.614583611 -4.823665619 -11.727716446 22.153709412 -39.840576172 -58.419612885 7.222290993 -39.9337883 -0.983797312 0.150392771 -0.061062187 -0.006873785 0.101901449 -0.136012748 0.126913816 -0.180294916 -0.121966541 0.063851275 -0.26273647 0.017215684 0.067537487 0.122471593 0.240935594 -0.189705282 -0.062881202 -0.07641042 -0.021542188 0.041465361 -0.218952745 -0.046170667 0.219377533 -0.069269709 -0.081317112 -0.06825503 0.046476971 -0.030994982 0.040437378 0.193357617 -0.013542612 0.140894964 -0.126255333 0.261169761 -0.079887792 -0.046058312 -0.093448326 -0.063379712 -0.098236717 0.00899968 -0.175194189 0.009964589 0.158587933 -0.049992021 -0.092382841 -0.039894801 0.057297152 0.098678842 0.088368714 2.585387945 2.536115885 9.356173515 15.994502068 27.349813461 54.732383728 2.332899332 17.903875351 0.263624102 0.042130981 0.057278533 -0.094385967 0.143421799 0.073287293 -0.010876374 0.09475676 -0.127830744 0.172348663 0.096048906 -0.197471872 -0.030299466 0.207996398 -0.023094768 -0.152916372 0.040606044 -0.133985668 -0.137852609 -0.175677836 -0.017911734 -0.041024797 0.048793882 0.097798795 -0.084135503 0.230156854 0.121274494 -0.118411079 0.080107905 -0.03795867 -0.042982332 -0.220619336 -0.122621417 0.033240728 0.048867639 0.121484265 0.004203898 0.028303571 -0.023331957 -0.033771042 0.14776966 -0.091991708 0.070855081 -0.247189566 0.122791849 -0.15453364 0.044799328 0.048811466 -0.234709129 -15.225984573 -1.720025539 5.845227242 20.442398071 -4.20970583 3.399288416 -3.208668709 0.681521595 2.023919582 2.150542021 -0.002740578 -0.107419379 -4.210497379 -6.519494057 7.109547615 -0.011531153 -4.328860283 -1.997285843 10.034241676 -7.532818317 -5.281844616 -0.293760419 0.051253032 0.136021942 
5.824316025 5.824316025 5.824316025 145.192779541 75.363334656 -149.551803589 1.143926978 -0.931283295 -1.049856782 3.323171854 0.488712162 4.423187256 5.936266422 2.649950266 5.708580494 -2.483961105 0.557527661 -3.228206635 -0.468984216 0.053527344 0.698975682 0.687522352 -4.126434326 -12.24115181 20.735265732 -34.925685883 -60.175033569 5.93328476 -37.589172363 -0.433428675 0.228658438 -0.088493593 0.097744003 0.113746971 -0.25227654 0.056477729 -0.157369599 -0.194367051 0.016317505 -0.168612495 -0.026871797 0.053705029 0.086990841 0.24562937 -0.146098986 -0.072949536 -0.000533397 -0.058270566 0.069708154 -0.19356586 0.01042258 0.103200994 -0.022516955 -0.085269921 -0.091468751 0.006297013 0.013259429 0.051474176 0.15375948 0.014656702 0.124876723 -0.133658275 0.178437099 -0.085579291 -0.006847128 -0.083455049 -0.070933253 -0.090267569 0.049239442 -0.10753084 0.034210302 0.062327225 -0.032111749 -0.001727109 -0.160714716 0.057057153 0.04163301 0.050035819 2.177637339 1.595483303 8.99438858 17.654699326 29.404193878 52.422916412 2.837604046 19.448629379 0.545936465 -0.0846119 0.003086418 -0.121231072 0.108417198 0.078344792 -0.028333323 0.037919715 -0.114071406 0.139842555 0.090766042 -0.111414932 -0.02962715 0.214812234 0.016525518 -0.175510257 0.019690251 -0.153316274 -0.128595382 -0.147694245 0.006217284 -0.116769366 0.068695821 0.051009573 -0.084570505 0.155581951 0.103383467 -0.090454131 0.072066084 -0.035292991 -0.029798945 -0.160018921 -0.118023433 0.085069276 0.017541157 0.177970752 -0.032678317 -0.019393289 0.03220116 -0.05323961 0.139011607 -0.04317249 0.03901225 -0.209912449 0.092516504 -0.247789338 0.028006267 0.04993153 -0.141817197 -14.623378754 0.671513259 5.932004452 16.616025925 -0.610475242 3.095109701 -2.244346857 0.601697981 1.74636507 1.795608759 0.014851263 -0.117019854 -5.093718529 -3.676982403 4.900502682 3.602974892 -2.963959217 -3.311060429 7.964394093 -6.064424038 -4.056424618 -0.510900497 0.065102428 0.084595934 
5.791010857 5.791010857 5.791010857 112.641906738 83.86946106 -114.978271484 2.086560488 0.112430677 -0.487453908 2.56310606 1.06524241 2.931190968 4.89214468 3.823001146 3.53012681 -2.706255674 0.49470222 -2.974201918 -0.522039235 0.045932882 0.866732419 1.013015628 -2.927718639 -12.775481224 18.131025314 -34.7967453 -60.109142303 5.668815613 -33.40712738 0.448005021 0.240117937 -0.078314692 0.190530658 0.116096139 -0.382353455 0.002955394 -0.11100208 -0.176112443 0.004345667 -0.072373554 -0.061048083 0.033680636 0.049665522 0.193824872 -0.125838369 -0.025905186 0.012454428 -0.119700029 0.085518584 -0.173488408 0.077334881 -0.01844753 0.017129648 -0.109878689 -0.088598825 0.002739229 0.024260206 0.024716202 0.054158449 0.002788209 0.129713967 -0.155260727 0.10741581 -0.054858681 0.036765236 -0.05894139 -0.065974653 -0.049407028 0.009054543 -0.062613674 0.057528328 -0.01308473 -0.015756624 0.061245192 -0.240183815 -0.000892439 -0.005860403 0.001050803 1.230535865 0.217938945 10.093903542 17.839212418 33.049934387 50.646884918 5.057562828 17.986673355 -0.34931457 -0.175412863 -0.026695909 -0.159590274 0.055878721 0.102875918 -0.061902612 0.00683451 -0.090858437 0.11966984 0.100785486 -0.071144819 -0.06173129 0.236646399 0.08941941 -0.151565388 0.061676074 -0.215450764 -0.138747707 -0.158598483 0.0086674 -0.127262801 0.083863854 0.048496939 -0.091901742 0.10480088 0.056813382 -0.076089665 0.01378483 -0.059506871 -0.027405942 -0.134597421 -0.126381159 0.136844829 -0.052500233 0.188422263 -0.02802988 -0.033608027 0.089944556 -0.034352962 0.114209406 0.021634672 0.034301013 -0.123312823 0.148753777 -0.300717324 0.024074432 0.012101375 -0.025311951 -14.982604027 1.885288954 6.600266933 12.672611237 1.511580348 2.053546906 -1.157081127 -0.674436152 0.78935647 1.44907701 -0.02007933 -0.110242493 -4.864771366 -0.615721583 2.095187664 7.262204647 -0.679212272 -4.473709583 5.010041714 -4.308434486 -2.840124846 -0.506717086 0.041235056 0.035143193 
5.75023222 5.75023222 5.75023222 40.495342255 82.708404541 -40.678386688 3.337501287 0.504132569 -0.520724893 1.359904408 1.589351296 1.723084331 3.04638505 4.196487427 1.767552376 -2.657277346 0.354185939 -2.857365847 -0.523456573 0.062930048 1.115289807 0.886118352 -2.024506092 -12.975748062 17.716928482 -34.530513763 -57.649044037 6.305397511 -29.711149216 1.142587543 0.119433664 -0.080260187 0.182113051 0.081828989 -0.287060022 0.004808516 -0.107345738 -0.159146026 0.054655466 -0.078454696 0.030045532 -0.016472498 0.018319851 0.125464395 -0.122265033 -0.076344684 -0.042184498 -0.039813403 0.039659161 -0.152044579 0.147589251 -0.072259188 -0.009140668 -0.062221043 -0.122016542 -0.001768259 0.005473465 -0.045655586 -0.012285018 0.011952742 0.071888797 -0.090126485 0.141922176 0.059008345 -0.027285341 -0.030944118 -0.010159337 -0.043237444 -0.078883976 -0.014993049 0.024843644 -0.035404544 -0.021711826 0.066864781 -0.229076281 -0.02391595 -0.019674608 -0.037235681 0.272212446 -0.013229773 11.953125 17.185228348 34.589195251 49.613437653 5.352496624 15.287631989 -1.201316953 -0.203843772 -0.097749829 -0.206691921 0.033442724 0.124444261 -0.059787728 -0.02585513 -0.031592257 0.117609121 0.08104001 -0.115917824 -0.16052264 0.17682831 0.118242405 -0.173607856 0.046375636 -0.210272983 -0.124791056 -0.093870036 0.006185644 -0.068595007 0.105157167 0.0733632 -0.055866901 0.081487916 0.058307517 -0.067710586 -0.057058293 -0.109131604 0.005432943 -0.189871982 -0.134208784 0.160370126 -0.060653396 0.254232973 0.034374282 0.000954407 0.106353521 0.063698545 0.098203175 0.082602769 0.023185275 -0.102685407 0.201632559 -0.229549482 0.073749512 -0.059933275 0.04228672 -15.44630909 2.241073132 6.123311043 10.487236023 2.532139778 1.96803689 -0.856796563 -1.969953775 0.122321658 0.781665623 -0.014850938 -0.116069205 -5.655306816 1.806022644 -0.630183756 9.674654007 0.898851752 -5.161376953 1.403967261 -2.983051777 -2.05074358 0.020485083 -0.031073753 0.045371357 
5.707237244 5.707237244 5.707237244 18.281770706 76.154975891 -16.238742828 4.175626755 0.78126514 -0.137908265 0.279868484 1.239262223 0.656498432 0.941934526 2.820371389 0.095086679 -1.564574957 0.249484241 -2.023028851 -0.448162556 0.045210488 0.880081892 0.710382164 -1.034766316 -12.017506599 17.669372559 -32.030956268 -55.678230286 5.996211052 -27.733898163 0.97864455 0.077557288 -0.07150089 0.124761239 0.064464457 -0.164813668 -0.009648765 -0.11053323 -0.085953511 0.074062467 -0.0980272 0.093375027 -0.003900544 0.065911092 0.095307268 -0.084515534 -0.05473401 -0.065336883 -0.045552034 -0.014317127 -0.128031015 0.135468006 -0.079529017 -0.012528115 0.014911461 -0.130192488 -0.000847463 -0.029660584 -0.067217544 -0.035973974 -0.009358017 0.031850003 -0.067650974 0.135072872 0.056554381 -0.065352172 -0.007583417 0.001048099 -0.059928752 -0.102169789 -0.003478717 -0.001988725 0.032975703 -0.012030323 0.027503919 -0.216524333 0.029832343 -0.016720399 -0.026724771 -0.039545909 0.514390767 12.391439438 14.027238846 34.744342804 52.180381775 3.059389353 11.300413132 -1.110471368 -0.25111112 -0.087108016 -0.240806833 0.002784187 0.113962241 -0.021052158 0.003749097 0.014275506 0.154291362 0.057977956 -0.120824419 -0.22379148 0.109342456 0.113195248 -0.126227736 -0.00506672 -0.151573554 -0.152774587 -0.074375704 -0.044743262 -0.075284883 0.092089266 0.095605113 -0.043818098 0.079731777 0.090726763 -0.061165445 -0.062014408 -0.098618507 -0.013773713 -0.15231365 -0.155077413 0.166100383 -0.036942255 0.241568774 0.086376883 0.048407979 0.044290096 0.102570996 0.109942436 0.107690372 0.00047658 -0.075943023 0.228997484 -0.164756641 0.068234526 -0.082617804 0.009331242 -15.823366165 3.995011806 6.499675751 10.568729401 4.399141788 1.324321032 -1.010695934 -1.501208067 -0.017401539 -0.017374588 -0.039514638 -0.091082267 -7.522891521 1.524949074 -4.275222301 12.77518177 0.891925514 -4.075348854 -0.316765606 -2.595330954 -2.093656778 -0.167567402 -0.030792003 0.040964372 
5.666348934 5.666348934 5.666348934 11.399952888 69.232940674 -7.210020542 4.895655155 1.075045466 0.165170327 -0.911152482 0.784084022 -0.40855813 -0.952257931 0.587140381 -1.994450212 -0.431479663 0.225007057 -1.376275659 -0.401414901 0.03621307 0.803550303 0.285270452 -0.53750366 -11.530617714 18.093694687 -28.10552597 -56.284580231 4.165942192 -25.128116608 0.385937959 0.066868015 -0.063467219 0.090863712 0.034925438 -0.076369017 -0.025377369 -0.100332625 -0.050186418 0.076281697 -0.114177339 0.101123244 -0.007539135 0.101254277 0.082073018 -0.063187286 -0.049014539 -0.052738179 -0.049942922 -0.044531412 -0.09844932 0.127193004 -0.05946783 -0.012586025 0.082130857 -0.112820588 0.005074197 -0.075793318 -0.087313049 -0.057559606 -0.026427461 0.024075199 -0.074191242 0.067569032 0.011923529 -0.102771796 -0.020333756 -0.004386138 -0.090672858 -0.11504595 -0.01971204 -0.004620103 0.092017807 0.019424444 -0.026383394 -0.221453905 0.053461079 0.018803215 -0.014047805 -0.341758639 1.072714925 12.540175438 12.052268028 35.64207077 54.517467499 0.87533915 8.383942604 -0.484441578 -0.29772079 -0.086333461 -0.26081109 -0.010230915 0.058162671 0.02016546 -0.001244864 0.030830156 0.181886971 0.012306616 -0.13581036 -0.250852227 0.049839828 0.106971562 -0.082930975 -0.05415627 -0.067661703 -0.181206882 -0.081141494 -0.090872899 -0.084775448 0.101466089 0.097081363 -0.016267885 0.066929348 0.133670107 -0.055600051 -0.023528105 -0.080360323 -0.029028321 -0.077715315 -0.136420563 0.11006283 -0.013243759 0.193529934 0.141888022 0.09025979 0.009642426 0.110389538 0.116330661 0.09979929 -0.013065997 -0.027331583 0.228754699 -0.169273704 0.025308229 -0.070071168 -0.001845922 -16.296848297 5.716558456 6.971578121 11.531618118 6.88212347 0.085448958 -1.503868222 -1.272994876 0.105997436 -0.750820398 -0.046163987 -0.064101338 -8.324117661 1.706097841 -7.533080578 15.847606659 1.446604848 -3.093448639 -1.468129396 -1.952631593 -1.608308792 -0.349421799 -0.023129476 0.019019488 
5.629220486 5.629220486 5.629220486 11.163173676 63.767288208 -5.552826881 5.120793343 0.690816581 0.3653301 -2.042944193 0.593317807 -0.877958119 -2.805191278 -0.835269392 -2.695174217 1.009502053 0.235497609 -0.495793998 -0.321106315 0.040082276 0.481720775 0.274579018 0.174093887 -12.028115273 17.437547684 -22.735328674 -58.348552704 4.124681473 -20.460468292 0.342971444 0.044289913 -0.051616009 0.031803627 0.004769338 -0.06802734 -0.079089001 -0.123236597 -0.035900153 0.060704913 -0.162520438 0.114313371 -0.002517585 0.087682292 0.068392776 -0.013703453 -0.039779965 -0.051299419 -0.046872869 -0.060164589 -0.043515638 0.087076969 -0.055831328 0.006429587 0.120341986 -0.091130935 -0.009542775 -0.069096744 -0.07254757 -0.063999392 -0.021686791 -0.026099168 -0.035574868 0.025454687 -0.045083933 -0.124446757 -0.002342004 0.014112503 -0.148764402 -0.157474041 -0.043801554 -0.025008101 0.109995544 0.028710157 -0.044020455 -0.232894599 0.065582752 0.025962431 0.006553909 -0.543109894 1.184004068 13.342945099 12.923110008 38.012283325 54.711421967 0.977720916 7.21491909 -0.117658585 -0.307437301 -0.072227612 -0.272734016 -0.030088112 0.010228383 0.035869107 -0.016971419 0.053438976 0.176385611 -0.001710957 -0.159298256 -0.252062172 0.043021116 0.058430236 -0.058393408 -0.096746668 0.017552232 -0.188405231 -0.07958784 -0.102818809 -0.094781704 0.069075577 0.085537903 -0.008211249 0.053419761 0.11434301 -0.050864741 -0.023446174 -0.069869705 -0.036279857 -0.044222496 -0.163704768 0.096014522 -0.026668448 0.151815444 0.151881635 0.050591666 -0.010330888 0.09669061 0.056743566 0.093111448 -0.036725469 -0.032618396 0.205354244 -0.198478654 0.035390735 -0.094531313 0.017982256 -16.302434921 6.347585201 8.233707428 11.607260704 8.315706253 -1.3557446 -2.476137638 -0.922402561 0.34767428 -1.495220661 0.008164781 -0.034051497 -8.765249252 2.555542469 -10.265533447 18.243293762 3.562157393 -2.352439404 -2.483964682 -0.76352042 -0.942096531 -0.48725006 -0.044871077 -0.036039982 
5.595782757 5.595782757 5.595782757 12.11235714 59.577903748 -5.82666111 5.247825146 0.698541105 0.333937794 -2.664087534 0.668359339 -1.115438461 -4.753261566 -1.398352504 -2.368257284 1.762079358 0.300287068 0.356828153 -0.181194246 0.10623882 0.070364982 0.624529123 0.581790328 -12.451552391 17.350358963 -20.423219681 -60.118438721 4.369117737 -15.690027237 -0.079636738 0.039084122 -0.03512894 0.036318276 -0.016441435 -0.060105357 -0.142922312 -0.13939403 -0.026760122 0.052154865 -0.183224887 0.102978386 0.004764526 0.072193705 0.040368423 0.046825971 -0.017222952 -0.063051388 -0.081195064 -0.086005934 0.0015848 0.076435678 -0.058253512 0.039028935 0.147520766 -0.074511692 -0.026962275 -0.083427072 -0.060896974 -0.083048776 -0.021438727 -0.072318152 -0.031759486 -0.029446157 -0.080836907 -0.095401272 0.039949488 0.017462611 -0.192848653 -0.212706894 -0.049054332 -0.011117581 0.104569547 0.027846694 -0.076327063 -0.211836144 0.075356089 0.049796127 0.034856055 -0.521792054 1.50029254 13.727321625 14.566073418 38.478412628 52.82213974 1.446238637 7.997983456 0.332056135 -0.323951513 -0.02501606 -0.269449294 -0.054477286 -0.003464396 0.037921064 -0.053645249 0.03559348 0.163295478 -0.022428602 -0.114519037 -0.252588451 0.027583929 0.01768118 -0.038800966 -0.095149718 0.074757509 -0.153715461 -0.077647083 -0.143937588 -0.074673951 0.044759747 0.059684854 -0.010135014 0.003619981 0.065374486 -0.025230857 -0.035715599 -0.049997009 -0.038845465 -0.011137699 -0.178955406 0.07782314 -0.062800683 0.08285144 0.172825471 0.029278547 0.005480774 0.080876425 0.022751722 0.091203727 -0.034522366 -0.014717811 0.175850525 -0.204336509 0.052212767 -0.062569655 0.043471698 -15.74352169 5.543936253 9.064907074 10.819930077 8.031317711 -1.93348527 -3.088200808 -0.309588134 0.390066177 -1.906460166 0.014880681 0.001226592 -9.741773605 2.403733015 -11.624015808 20.588163376 4.181847095 -2.495657921 -3.121779919 -0.081490263 -0.544314265 -0.768379986 -0.085371166 -0.079901509 
5.574056625 5.574056625 5.574056625 12.561076164 57.152664185 -5.88467741 5.420453548 0.934612811 0.508624852 -2.943396091 0.493369013 -1.312597156 -6.34073782 -1.869171977 -2.132204056 2.277407646 0.362017095 0.897413552 -0.202793732 0.176262438 -0.173679307 0.730188191 0.949399292 -12.904351234 17.089904785 -19.345521927 -61.703800201 2.841187 -11.608494759 -0.574326873 0.020461766 -0.024456158 0.046169378 -0.054392286 -0.018203957 -0.189058065 -0.155798718 0.003605824 0.024945516 -0.197664976 0.106378451 0.00856238 0.061619919 -0.019128881 0.105048552 0.008623559 -0.060535781 -0.096076965 -0.135188729 0.043745071 0.06025102 -0.042837884 0.064474612 0.180942953 -0.06187417 -0.053978689 -0.113248356 -0.054465152 -0.138021842 -0.06423299 -0.127069876 -0.030457774 -0.073929809 -0.081852332 -0.068381585 0.092712775 0.019713458 -0.234691709 -0.270959616 -0.050373863 0.011984893 0.115105629 0.032410596 -0.116605967 -0.149972722 0.10500595 0.089092962 0.049223565 -0.434655905 1.502605319 13.864311218 15.74048233 37.020423889 50.977630615 0.222012073 8.288784981 0.92082721 -0.346746832 0.040667187 -0.256617069 -0.060628448 -0.008330382 0.030718463 -0.106798373 0.020829737 0.142467976 -0.020182148 -0.078528926 -0.243504837 -0.007332194 -0.032054223 0.001083184 -0.069844402 0.101381831 -0.12519595 -0.069718808 -0.198294714 -0.073677808 0.006779732 0.06291233 -0.011524327 -0.031628273 0.044504054 0.002888714 -0.034494732 -0.017263381 -0.031927865 0.021134842 -0.200315684 0.067187794 -0.085298479 0.00871394 0.201943025 0.029594056 0.009629465 0.075260706 -0.000683752 0.067456082 -0.047489461 0.002771176 0.150609404 -0.175230935 0.052878983 -0.009615301 0.044081856 -15.216946602 3.963335991 9.015746117 10.732517242 6.708807468 -1.660384655 -3.689341307 0.181836933 0.476761073 -2.180264235 0.001023985 0.038974848 -10.478067398 1.864669442 -12.437934875 23.99394989 3.547835827 -2.764520884 -3.95636034 0.467065215 -0.223210335 -1.216097713 -0.134621143 -0.10236121 
5.558709145 5.558709145 5.558709145 12.879460335 57.532924652 -5.954790592 5.114062309 1.020983458 0.581516802 -2.571709871 0.068385452 -1.565299749 -6.573506832 -2.593345165 -1.892077684 3.134458303 0.341776848 1.210409164 -0.319649726 0.236663207 -0.429713875 0.846150577 1.529899359 -13.256773949 16.179389954 -18.324995041 -62.380741119 0.987545788 -9.363220215 -0.974220514 -0.027334439 -0.017050765 0.040090092 -0.101154692 0.026608726 -0.216147989 -0.167117745 0.037323654 -0.009741894 -0.186673209 0.112838365 0.028001375 0.053879235 -0.082728475 0.145432308 0.042851362 -0.034741931 -0.077414155 -0.184699401 0.051596966 0.026866309 -0.024504976 0.061858762 0.181464717 -0.049875583 -0.06746427 -0.143292829 -0.048695087 -0.203686669 -0.121757038 -0.165017724 -0.042793274 -0.079275094 -0.03892187 -0.040687382 0.169466302 0.028714776 -0.251878023 -0.305465579 -0.029370157 0.035434883 0.114830211 0.044237345 -0.13177447 -0.090004325 0.125489831 0.131725147 0.061439298 -0.453149438 0.754786849 14.138350487 15.895247459 35.805984497 50.093452454 -1.636988044 7.637282848 1.213993788 -0.371316075 0.089608118 -0.227588281 -0.057777483 -0.0151852 -0.015078648 -0.144275308 0.016669745 0.117629655 0.008049681 -0.051921099 -0.18095541 -0.020138666 -0.069036327 0.057937361 -0.019459857 0.08628118 -0.125374675 -0.060758747 -0.266708791 -0.092430897 -0.022856409 0.088905364 -0.006727873 -0.040654454 0.040707119 0.00476777 -0.008168352 0.024596909 -0.057734821 0.057387289 -0.229912221 0.035348177 -0.107335456 -0.027866222 0.20796825 0.040716529 -0.002399669 0.068996176 0.004069997 0.053536944 -0.056534529 -0.001234825 0.155988201 -0.131617144 0.034256339 0.047017045 0.059273902 -15.048054695 2.779527903 9.166119576 10.445120811 5.658656597 -1.636333466 -4.403373718 0.113625988 0.439160168 -2.341553211 -0.033195309 0.050037518 -10.87983036 1.617376804 -12.731964111 27.731113434 2.878030062 -2.50538373 -5.672050476 1.426733494 0.26182124 -1.661827803 -0.15995878 -0.08028581 
5.552400589 5.552400589 5.552400589 11.665663719 56.405303955 -4.759271145 4.527984619 0.96664232 0.71386832 -2.124232292 0.015741402 -1.969812274 -6.898368835 -3.515117168 -2.423180342 4.772082329 0.353593469 1.864893317 -0.540973127 0.373049706 -0.301277071 0.60492897 1.240351558 -12.581720352 16.529212952 -17.262981415 -61.946365356 -0.821006179 -8.074491501 -1.295860052 -0.09120746 -0.028083567 0.133660823 -0.120369628 0.078191735 -0.27436319 -0.160687029 0.073425479 -0.050997905 -0.147356659 0.107381977 0.03244061 0.009272543 -0.150833666 0.215375751 0.043198779 0.008964136 -0.0509835 -0.248391017 0.063054875 0.045125164 -0.022093957 0.040499765 0.210629985 -0.058453981 -0.086280443 -0.140992671 0.004152835 -0.2817339 -0.151278391 -0.233883336 -0.064059764 -0.101826213 -0.013219599 -0.018443793 0.198017359 0.047333743 -0.323094487 -0.356232703 0.017614026 0.089532003 0.119994529 0.089599609 -0.228901386 0.050204597 0.181152761 0.175921828 0.15063256 -0.448733121 0.388559431 14.605210304 13.928927422 32.542724609 51.438457489 -4.571930408 5.991638184 1.649462581 -0.327436715 0.120675623 -0.162490383 -0.057080213 -0.051694918 -0.091690399 -0.185501471 0.027267344 0.075888477 -0.000689203 0.050935093 -0.085427001 -0.025802644 -0.122239619 0.10614711 0.022743944 0.119289696 -0.111309677 -0.042371351 -0.318881929 -0.11873062 -0.034934048 0.072571546 -0.045041911 -0.088584565 0.034262065 0.038630798 -0.010562398 0.020872086 -0.039364502 0.145521879 -0.218009502 -0.053396195 -0.131224141 -0.110466473 0.213324204 0.055311088 0.062500618 0.117548905 0.033334602 -0.027243251 -0.076216489 0.050188083 0.183760703 -0.076711386 -0.002070249 0.158624962 0.069641456 -13.680211067 2.047217846 9.077061653 12.01538372 4.97929287 -1.889600515 -5.478638172 -0.150448263 -0.100789011 -2.785058498 -0.062182903 0.07650996 -10.336078644 4.082834721 -13.194164276 34.985523224 4.261109829 -2.698213577 -6.402852058 1.358837485 -0.165493801 -2.346242905 -0.181721613 -0.065424651 
5.558746338 5.558746338 5.558746338 10.291069984 57.764564514 -3.258795023 4.443136215 0.822846055 0.31468311 -0.994837105 0.445958197 -2.081607342 -5.856975555 -3.993081093 -2.87629056 5.990299702 0.446939081 1.010024428 -0.89621526 0.496515751 -0.147085249 0.544186711 0.949571311 -11.967931747 16.751401901 -18.711278915 -60.308055878 -0.74820298 -7.051157951 -1.413998961 -0.12745437 -0.085776493 0.251672983 -0.125363961 0.137744159 -0.340563178 -0.17180039 0.130004153 -0.064257599 -0.133749813 0.097187795 -0.010593858 0.001318478 -0.183818966 0.309146702 0.058966253 0.0167733 -0.026332531 -0.294922978 0.022426667 0.087209053 -0.062590957 -0.000934477 0.251072466 -0.110427991 -0.089853093 -0.1297777 0.049106885 -0.322064161 -0.22123073 -0.317681372 -0.112547912 -0.137659907 0.043779135 -0.001842318 0.270682842 0.016750857 -0.312006593 -0.358985305 0.066981658 0.179683119 0.113051862 0.19724685 -0.297511786 0.168427885 0.251480252 0.229094923 0.22311078 -0.423160583 -0.362767249 15.101461411 11.144076347 30.349546432 51.907634735 -4.77334547 3.822862148 1.201787591 -0.324128926 0.05198035 -0.079078794 -0.091828249 -0.095918901 -0.154946491 -0.202593118 0.012801262 0.057044033 -0.010316063 0.170531377 -0.042557642 -0.086447433 -0.182886556 0.166279674 0.026828328 0.148873106 -0.069855794 -0.029270152 -0.350640774 -0.147155151 -0.07495147 0.080512054 -0.080159009 -0.136618987 0.01473278 0.106913149 0.002660367 0.000553418 -0.029930523 0.222858056 -0.228961021 -0.11912781 -0.128214985 -0.203351855 0.257257402 0.078523569 0.150582597 0.132587135 0.108041018 -0.0848267 -0.066393293 0.142401159 0.176947758 -0.056640118 -0.028815828 0.263844937 0.064739265 -12.436379433 0.814609587 9.367482185 12.711890221 3.908663273 -2.004568577 -5.183160305 -0.061028346 -0.220495075 -2.781774282 -0.119235292 0.10144411 -10.750634193 7.093810081 -13.249367714 40.992534637 6.263962269 -2.826595545 -7.191427708 -0.113881707 -1.232724428 -2.791624308 -0.183165357 -0.072881967 
5.574530125 5.574530125 5.574530125 8.990600586 59.909755707 -1.977785707 3.739544868 0.365105838 -0.362007111 -0.20226872 1.096114755 -1.861262202 -4.132366657 -3.960119486 -3.082929373 6.299245358 0.26402247 1.111967444 -1.184639573 0.569228292 0.185638487 1.071300745 0.252521664 -11.386900902 17.334056854 -20.693506241 -58.33757019 -1.775785923 -6.480019569 -1.597650051 -0.105153106 -0.100679144 0.3236067 -0.08991202 0.204535201 -0.355701715 -0.179856345 0.161455154 -0.076309457 -0.146762237 0.02906703 -0.066064678 -0.010709275 -0.176200733 0.376742214 0.095527053 0.062991135 0.040320013 -0.324053317 -0.013041004 0.121785663 -0.101767071 -0.065531701 0.299524009 -0.130106762 -0.092217624 -0.073766068 0.032646369 -0.342659205 -0.252681583 -0.35322085 -0.135793701 -0.189678222 0.067818865 0.019176716 0.294017702 -0.039082661 -0.283143491 -0.357383549 0.059416004 0.273740828 0.110867195 0.26850298 -0.321971029 0.247940034 0.304218024 0.297037244 0.245808214 -0.126292989 -0.619315803 15.461103439 7.568438053 27.256320953 54.666145325 -5.687915802 2.265317678 0.803016782 -0.310763538 0.017375162 -0.091515452 -0.103568137 -0.169304669 -0.208237916 -0.188935339 -0.012328847 0.024651356 -0.025620088 0.241070896 -0.003494948 -0.122675493 -0.250316471 0.212334886 0.042170037 0.177508548 -0.053663079 -0.01518761 -0.323063493 -0.141389579 -0.0732942 0.078843862 -0.070003122 -0.167988107 -0.02027598 0.171261191 0.039485101 -0.016696423 -0.010414863 0.263811648 -0.228980675 -0.206798807 -0.112652443 -0.268586844 0.290364057 0.071809508 0.216605112 0.112277344 0.154916823 -0.125485525 -0.031223183 0.18948555 0.137255475 -0.049569353 -0.058278002 0.305686414 0.089397579 -9.965634346 -0.376475334 9.054937363 12.653884888 2.375284672 -1.401462555 -5.195764065 -0.602155507 -0.317118645 -2.992134333 -0.154279232 0.104621314 -12.039909363 9.691269875 -13.007548332 44.902099609 7.153172016 -3.173641443 -8.099061012 -1.413605094 -2.295821667 -2.89296627 -0.16234459 -0.101959281 
5.591178894 5.591178894 5.591178894 8.524963379 64.5 -1.351368666 3.823145151 0.728767991 -1.061744332 0.568462729 1.911881566 -1.767255783 -2.29262352 -4.364010334 -3.798129559 6.228283882 0.239520758 1.062862158 -1.326542139 0.613785148 0.753859699 1.864455104 -0.484842688 -10.333001137 16.167381287 -22.568889618 -56.240703583 -4.827383518 -6.838414192 -1.377749324 -0.017969405 -0.082258448 0.426842272 0.003345482 0.302518487 -0.316872597 -0.106967971 0.135639027 -0.097588673 -0.175396115 -0.093845673 -0.121507384 -0.032720856 -0.080256224 0.33302933 0.16657263 0.126167953 0.06704174 -0.323918402 -0.027500689 0.193508446 -0.141932905 -0.122176476 0.32220307 -0.098213062 -0.076123767 -0.023763638 -0.035851777 -0.356169254 -0.277375698 -0.305268943 -0.128615633 -0.245165423 0.03652975 0.066981934 0.264142662 -0.1211804 -0.222223535 -0.327029705 0.009258586 0.364675641 0.125050604 0.300958008 -0.340498447 0.315117717 0.35138616 0.351898909 0.207345262 0.223283932 -0.496402204 15.490867615 4.197602749 24.987773895 57.380161285 -7.502153397 -0.675706685 0.629546523 -0.349415541 -0.011515157 -0.136142746 -0.104237869 -0.274089664 -0.212482229 -0.227689698 -0.062144045 -0.006758898 -0.046962049 0.275535464 -0.043413632 -0.194503784 -0.32670638 0.243271112 0.059358679 0.228845119 -0.056988172 -0.009658111 -0.22695145 -0.084960237 -0.060654324 0.053416967 -0.020414162 -0.23035565 -0.049321946 0.228243127 0.154904574 0.014681541 0.041846711 0.280148298 -0.186311379 -0.270520151 -0.064590342 -0.313462287 0.336059153 0.082546026 0.271979451 0.07051535 0.17177774 -0.170014694 0.032881416 0.236578226 0.08339303 -0.020203164 -0.09583535 0.292229831 0.132476866 -7.575676918 -1.864880085 8.543539047 13.224794388 0.783306777 -1.12944448 -5.308788776 -1.576248407 -0.589095473 -3.423789263 -0.199650601 0.051801614 -13.822936058 12.023956299 -12.790049553 48.909488678 7.584486485 -3.728069782 -9.462920189 -2.418102264 -3.115465641 -3.17610693 -0.152920082 -0.163201943 
5.614791393 5.614791393 5.614791393 12.63975811 72.573974609 -4.571708202 5.128488541 1.734623313 -1.434089422 0.356891096 2.52866745 -1.588485122 -1.456850529 -5.32034874 -4.464369774 8.12267971 0.012058079 1.443442941 -1.426999211 0.557363629 1.252972126 2.236653805 -0.600259483 -9.08412838 14.440763474 -24.581838608 -54.505889893 -6.586500168 -7.016356945 -0.4138771 0.099364497 -0.06134611 0.452337831 0.080870017 0.353952974 -0.330715805 -0.01303685 0.127724752 -0.063159816 -0.234587416 -0.181078836 -0.184525773 -0.126053706 0.120775409 0.268127382 0.158148617 0.095062837 0.093791232 -0.257671863 -0.049067788 0.20414041 -0.127800852 -0.112941198 0.354418665 -0.081364132 -0.053542119 0.006596456 -0.160162717 -0.250931501 -0.280300617 -0.240964755 -0.053961158 -0.377828598 -0.088770926 0.156480253 0.165333107 -0.207794547 -0.07260254 -0.210996911 -0.077398613 0.479484946 0.128891662 0.252202511 -0.284317434 0.338724405 0.42955339 0.384124488 0.189848259 0.494694114 -0.381209582 15.813038826 2.134008408 24.20483017 60.539020538 -8.368113518 -4.254731655 -0.404129028 -0.43021208 -0.137881294 -0.220536232 -0.125396818 -0.40094018 -0.185909733 -0.342110008 -0.199807853 0.096616052 -0.07121776 0.300335079 -0.179389343 -0.321816474 -0.358699322 0.314613223 0.072347544 0.222434297 -0.015927264 -0.044157784 -0.103753179 0.054277368 -0.044218093 -0.035672657 0.038884122 -0.2884745 -0.135937944 0.22227335 0.235200763 0.006397354 0.048927862 0.262513757 -0.063421808 -0.33137688 -0.022126893 -0.376648575 0.432201087 0.044251218 0.314290673 -0.009258481 0.225535035 -0.099737152 0.048530117 0.296422809 0.016261764 0.022235379 -0.119998649 0.304567695 0.234993413 -5.897554874 -4.28308773 7.610872269 13.158145905 -1.55646944 -0.814156771 -5.563117027 -2.257197618 -0.94488883 -3.600599527 -0.280980349 0.059712708 -16.582120895 13.800263405 -12.799933434 53.816402435 7.836218834 -4.280354977 -8.617300987 -2.049872637 -2.981369972 -3.659828424 -0.096088134 -0.243787602 
5.639380932 5.639380932 5.639380932 30.32708931 82.976577759 -20.569091797 6.214075089 3.100289822 -1.80317831 -0.154674903 2.51943469 -1.413096189 -0.826493084 -7.004374981 -4.914874554 9.47688961 -0.240770653 1.516870737 -1.538955688 0.437342227 0.880970001 1.958933949 -0.655421555 -7.980649471 13.236960411 -26.632219315 -52.643241882 -7.503248692 -6.939226151 0.267658472 0.218775198 -0.04753856 0.433632344 0.143461108 0.345067501 -0.385643005 0.087555572 0.129777282 0.019758737 -0.310242593 -0.236300007 -0.198366389 -0.203360558 0.364674032 0.21470724 0.107452348 0.044569608 0.109988756 -0.131601572 -0.059850108 0.169578612 -0.059510347 -0.04372137 0.387106895 -0.057091884 -0.032658283 0.012407308 -0.293544888 -0.10282404 -0.246231735 -0.159961313 0.036184844 -0.573369384 -0.276974648 0.25329572 0.050235279 -0.281124145 0.122667529 -0.045611251 -0.179666787 0.584731281 0.108295426 0.155532271 -0.210223332 0.31326139 0.524600983 0.397378743 0.198877081 0.60176295 -0.257432461 15.686758995 -0.42843914 23.26181221 64.374687195 -8.567486763 -7.906778812 -1.536514997 -0.514507413 -0.273216099 -0.347287089 -0.155882388 -0.522185504 -0.140842304 -0.490319699 -0.321362346 0.273162305 -0.122673817 0.250657409 -0.310127854 -0.428051531 -0.372714579 0.382843941 0.076884881 0.19252421 0.0447428 -0.134791091 0.00322871 0.178078771 -0.02721945 -0.133015737 0.114775822 -0.327956706 -0.24186036 0.153105929 0.305517584 -0.02528551 0.031446695 0.225244299 0.095334031 -0.413139939 0.011348638 -0.467610717 0.538701355 -0.007388399 0.317065626 -0.117392741 0.298984051 0.006094607 0.002809499 0.344846934 -0.034732975 0.013951933 -0.149369657 0.320230812 0.339520246 -5.499547005 -5.88435936 5.771100521 12.430128098 -3.119688034 -0.534080088 -5.323989868 -2.905010223 -1.228811741 -3.241313457 -0.336317837 0.108410679 -19.103744507 15.501208305 -12.409983635 59.159576416 7.857194424 -4.834002018 -8.092037201 -1.044924855 -2.185375214 -4.365198135 -0.031248545 -0.320649952 
5.661839008 5.661839008 5.661839008 140.128646851 84.249595642 -128.226913452 6.394188881 4.412643909 -1.881632566 -0.036460169 2.09945488 -1.110889554 0.480200022 -8.265741348 -4.762925148 8.705246925 -0.330159277 1.231828809 -1.859049678 0.253803462 0.564452708 1.401913047 -0.766828418 -7.997579575 13.018046379 -30.290653229 -50.287612915 -6.786501408 -6.130107403 0.93912977 0.296907246 -0.06721653 0.370767355 0.120561443 0.248211026 -0.483841062 0.154770598 0.216500506 0.065976143 -0.321369737 -0.262815028 -0.195524558 -0.318769485 0.55411607 0.160586655 0.000515801 -0.054730467 0.174580485 0.005817674 -0.048140042 0.115493767 0.096700534 0.060259063 0.403864473 -0.019414393 0.017491272 -0.052147344 -0.45628497 0.113589287 -0.224634916 -0.054708321 0.142513663 -0.724119246 -0.426730841 0.400427163 -0.037687939 -0.318275005 0.312516361 0.136588037 -0.21945411 0.657466352 0.121450745 0.039284468 -0.123550281 0.332320809 0.608152151 0.300741822 0.182669371 0.858340263 0.08073552 16.354465485 -1.217756629 21.765314102 67.458694458 -8.266201019 -8.660176277 -3.409590244 -0.629985988 -0.36152038 -0.42671752 -0.200557232 -0.638168871 -0.106927812 -0.648458183 -0.387081891 0.45917809 -0.123442613 0.223108962 -0.331273317 -0.449032754 -0.31450665 0.450600833 0.144826531 0.128251791 0.175827205 -0.212817103 0.059197523 0.309608757 -0.009045133 -0.188406572 0.157403305 -0.382585436 -0.372697562 0.020499472 0.2809228 -0.026575359 -0.020512819 0.172175422 0.260391712 -0.448000222 -0.007285319 -0.591517925 0.592535734 -0.070626408 0.329978615 -0.239795491 0.29668808 0.11140541 -0.115622163 0.331707686 -0.049548272 0.024688171 -0.169049546 0.298253834 0.447425991 -6.521513939 -7.214401245 3.496425152 11.348089218 -4.064448833 -0.173000395 -3.701429367 -3.260032654 -1.519093633 -2.668213606 -0.371188462 0.180457383 -21.475263596 16.236595154 -12.237150192 63.582363129 7.399739742 -4.857368946 -9.317355156 -0.471050471 -1.471584201 -4.743516445 -0.001264887 -0.357041925 
5.683942318 5.683942318 5.683942318 158.992767334 78.183547974 -145.499923706 6.670237064 5.290300369 -1.696501613 0.474581569 1.657968283 -0.996948063 1.843823433 -8.914218903 -4.303699493 7.821068764 -0.450367421 1.291223645 -2.182060719 0.039745197 0.250376612 0.709342539 -0.455882519 -8.451774597 13.558933258 -33.883239746 -47.956939697 -5.353705406 -5.618376732 1.214528322 0.402540743 -0.058452718 0.329254568 0.082302921 0.138261631 -0.584300935 0.184460774 0.315243781 0.051388711 -0.30230248 -0.249536723 -0.182581261 -0.397376865 0.638497055 0.093134232 -0.124026805 -0.122282468 0.253965884 0.144547194 -0.041516028 0.08914084 0.239529699 0.172591671 0.43828693 -0.001077753 0.047855403 -0.100209437 -0.58913213 0.317296028 -0.198833153 0.064944677 0.253064454 -0.824232578 -0.523517489 0.551061749 -0.126817703 -0.305690557 0.482086807 0.29172799 -0.197505474 0.754000306 0.113119289 -0.053825989 -0.029748049 0.353073508 0.686813831 0.164093226 0.181612343 0.591522694 0.222552225 17.337633133 -1.139398575 20.064001083 68.94732666 -8.196210861 -8.233397484 -4.977518082 -0.716803014 -0.410477221 -0.448441148 -0.24745208 -0.741060734 -0.126119003 -0.772662222 -0.392069578 0.601196587 -0.091031998 0.246915564 -0.246052817 -0.408564627 -0.15425849 0.515558004 0.219972476 0.08496093 0.297911793 -0.316539407 0.078967139 0.41604057 0.020807778 -0.18928805 0.197945312 -0.404717445 -0.479469091 -0.169219613 0.230693623 -0.023374828 -0.085249931 0.108323485 0.366980493 -0.470680833 -0.059470125 -0.656785786 0.566898286 -0.138273597 0.334056556 -0.327294856 0.272439986 0.216243654 -0.265748262 0.28269726 0.006795941 0.079291262 -0.187797621 0.288234115 0.566060662 -8.057062149 -7.657307148 1.989005089 10.06872654 -4.873514175 0.385257959 -1.536247969 -3.09832859 -1.700713396 -2.291043758 -0.392324805 0.237323016 -23.665895462 15.196082115 -12.851866722 66.492012024 6.246208668 -4.145977974 -10.891564369 0.369979739 -0.750356376 -4.48034811 -0.028007329 -0.413933754 
5.697686195 5.697686195 5.697686195 161.990570068 75.560638428 -148.044906616 6.679284096 5.642906189 -1.82250607 1.723599076 1.43179822 -1.206179142 3.531086206 -8.92848587 -3.758460283 5.781205654 -0.489605784 1.117549419 -2.446881056 -0.173396692 -0.112465307 -0.496909022 0.158111379 -8.922502518 15.133824348 -38.174171448 -44.772468567 -2.881135702 -4.217777729 1.387571454 0.550382316 -0.065044083 0.293962181 0.021384388 0.035092037 -0.69118458 0.16662176 0.454941392 0.056428157 -0.28534168 -0.162192255 -0.147359312 -0.422118157 0.670476794 -0.021059612 -0.312437773 -0.217829481 0.362291098 0.263346106 -0.039349541 0.036175326 0.378605276 0.315950871 0.52344507 0.007305051 0.0786843 -0.137408435 -0.682658315 0.512357056 -0.192803919 0.208410919 0.37779817 -0.882006705 -0.612110257 0.677945077 -0.212359175 -0.25591746 0.638683915 0.398248166 -0.158342272 0.848427176 0.092137046 -0.147805184 0.099067897 0.330029607 0.731031656 0.017841417 0.165981323 0.349393368 -0.150025189 18.270313263 -0.607890069 18.429189682 68.584358215 -6.712050438 -7.461440563 -5.975492477 -0.7990731 -0.474561185 -0.496211499 -0.357273579 -0.788628519 -0.125986636 -0.907163203 -0.377669871 0.757121921 -0.085650779 0.230569974 -0.166583881 -0.363075793 0.038669098 0.561942875 0.267064989 -0.001065232 0.406625509 -0.402497917 0.072064944 0.528596342 0.056949779 -0.189827293 0.257787496 -0.389799505 -0.586056173 -0.367783159 0.154280677 -0.011633012 -0.199149087 -0.000839625 0.389621347 -0.483144313 -0.117157586 -0.65516603 0.566781819 -0.217983946 0.324819475 -0.387023091 0.273596585 0.383283794 -0.457839489 0.16837959 0.091161355 0.153567433 -0.177208677 0.292645305 0.704300463 -9.154091835 -6.735300064 1.392975569 9.251598358 -4.528877735 0.798674345 0.747544706 -2.837371349 -2.042632818 -1.978886127 -0.402180552 0.323131859 -25.134571075 13.987805367 -13.223668098 67.842086792 5.93372345 -3.021263599 -13.053929329 1.542229056 0.058783103 -3.740701675 -0.063016132 -0.48025617 
5.701873779 5.701873779 5.701873779 163.917633057 76.597290039 -150.316421509 5.944913864 5.378289223 -2.027811766 3.948924303 0.754239023 -1.544029593 5.923849106 -8.953803062 -3.414297581 1.784664989 -0.340167761 0.49978736 -2.619534969 -0.372060031 -0.19089438 -1.834435821 1.121656299 -9.196996689 16.060808182 -40.865013123 -42.055747986 -1.04395175 -2.936034679 1.024216533 0.669230282 -0.110974513 0.219870642 -0.06980256 -0.079385482 -0.815501928 0.09760464 0.65685308 0.053882524 -0.276859313 -0.02673837 -0.118417002 -0.420202881 0.642644048 -0.123828366 -0.539046288 -0.349390954 0.490814209 0.390866876 -0.044694114 -0.089231424 0.552004695 0.509051979 0.630088031 -0.034815188 0.121525303 -0.153871104 -0.694437981 0.733418882 -0.185832739 0.333038896 0.559467733 -0.932918906 -0.69531101 0.861311853 -0.254229873 -0.172669828 0.764017105 0.488533556 -0.101605915 0.944670677 0.072619729 -0.20705083 0.255966365 0.290016562 0.764310777 -0.147054255 0.162534192 -0.039621126 -0.918846905 18.718328476 -0.202561513 16.788909912 66.553283691 -5.543460846 -5.863479614 -6.348547935 -0.854643047 -0.560639441 -0.51257205 -0.516776681 -0.801430404 -0.091995411 -1.101582885 -0.34844768 0.956320107 -0.118535317 0.192613065 -0.058665056 -0.30757466 0.262476236 0.614363253 0.337235421 -0.146378413 0.534495533 -0.49115476 0.006339488 0.674840331 0.045829933 -0.185826153 0.336016297 -0.380937606 -0.705903053 -0.576728404 0.041202638 0.009997827 -0.437933713 -0.165507019 0.34791702 -0.496640712 -0.203323528 -0.626285374 0.59297502 -0.341769516 0.309132546 -0.465374023 0.265904993 0.584217608 -0.677809834 -0.034171145 0.197542325 0.213047072 -0.172719702 0.353539288 0.840743899 -9.123785973 -4.040198326 1.456080437 9.27994442 -3.073254108 0.457781851 2.699905396 -2.903454304 -2.662412882 -1.940360546 -0.392150789 0.474408299 -24.314775467 11.776721001 -13.462034225 65.632377625 5.837434292 -1.22223413 -15.955888748 2.868319511 1.045596957 -2.682804585 -0.091816001 -0.566869199 
